2022-10-18 16:59:06,358 | autoeft.projection        | INFO     | 2022-10-18T16:59:06
2022-10-18 16:59:09,738 | autoeft.projection.prosmeftion.converttoSL2C | DEBUG    | Number of terms = 1
2022-10-18 16:59:09,740 | autoeft.projection.prosmeftion.converttoSL2C | DEBUG    | Number of matched terms = 1
2022-10-18 16:59:09,741 | autoeft.projection.prosmeftion.converttoSL2C | INFO     | Read in all terms
2022-10-18 16:59:10,067 | autoeft.projection.coefficient | DEBUG    | form -p /mnt/c/Users/jakob/OneDrive - Students RWTH Aachen University/Physik/9Physik/ws21/Masterthesis/autoeft/projection/form_files/term0 /mnt/c/Users/jakob/OneDrive - Students RWTH Aachen University/Physik/9Physik/ws21/Masterthesis/autoeft/projection/form_files/term0/get_dimension.frm
2022-10-18 16:59:10,139 | autoeft.projection.coefficient | DEBUG    | form -p /mnt/c/Users/jakob/OneDrive - Students RWTH Aachen University/Physik/9Physik/ws21/Masterthesis/autoeft/projection/form_files/term0 /mnt/c/Users/jakob/OneDrive - Students RWTH Aachen University/Physik/9Physik/ws21/Masterthesis/autoeft/projection/form_files/term0/tex_coefficient.frm
2022-10-18 16:59:10,164 | autoeft.projection.term   | DEBUG    | New Term: yd(flav1,flav3)*[yd+](flav3,flav2)*[qbar](spin1,gauge1,colf1,flav1)*gamma(lor1,spin1,spin2)*q(spin2,gauge2,colf1,flav2)*D(lor1,H(gauge1))*[H+](gauge2)
2022-10-18 16:59:10,262 | autoeft.projection.prosmeftion.converttoSL2C | INFO     | Run FORM
2022-10-18 16:59:10,748 | autoeft.projection.term   | DEBUG    | Fields are ordered by helicity like: BL GL WL L Q [d_C] [e_C] [u_C] H [H+] [L+] [Q+] [d_C+] [e_C+] [u_C+] BR GR WR
2022-10-18 16:59:11,448 | autoeft.projection.prosmeftion.converttoSL2C | DEBUG    | form -p /mnt/c/Users/jakob/OneDrive - Students RWTH Aachen University/Physik/9Physik/ws21/Masterthesis/autoeft/projection/form_files/term0 /mnt/c/Users/jakob/OneDrive - Students RWTH Aachen University/Physik/9Physik/ws21/Masterthesis/autoeft/projection/form_files/term0/term0.frm
2022-10-18 16:59:11,470 | autoeft.projection.prosmeftion.converttoSL2C | DEBUG    | term0: yd(flav1,flav3)*[yd+](flav3,flav2)*[qbar](spin1,gauge1,colf1,flav1)*gamma(lor1,spin1,spin2)*q(spin2,gauge2,colf1,flav2)*D(lor1,H(gauge1))*[H+](gauge2)
is converted into:
+
Q(Lslspin22,gauge2,colf1,flav2)
*D(Lslgauge11,Usldotgauge11,H(gauge1))
*[H+](gauge2a)
*[Q+](Usldotspin111,gauge1a,colf1a,colf1b,flav1)*(
+
1/2
*yd(flav1,flav3)
*[yd+](flav3,flav2)
*[su2eps](gauge2,gauge2a)
*[su2eps](gauge1,gauge1a)
*[su3eps](colf1,colf1a,colf1b)
*[sl2Ceps](Uslgauge11,Uslspin22)
*[sl2Ceps](Lsldotgauge11,Lsldotspin111)
)
2022-10-18 16:59:11,910 | autoeft.projection.prosmeftion | DEBUG    | form -p /mnt/c/Users/jakob/OneDrive - Students RWTH Aachen University/Physik/9Physik/ws21/Masterthesis/autoeft/projection/form_files/general term_read.frm
2022-10-18 16:59:12,178 | autoeft.projection.prosmeftion | DEBUG    | form -p /mnt/c/Users/jakob/OneDrive - Students RWTH Aachen University/Physik/9Physik/ws21/Masterthesis/autoeft/projection/form_files/general get_Ops.frm
2022-10-18 16:59:12,236 | autoeft.projection.prosmeftion.tex | INFO     | Create texed PDF QDHH+Q+_irreps.pdf of all terms.
2022-10-18 16:59:12,237 | autoeft.projection.prosmeftion.tex | DEBUG    | Create Tex file of all terms.
2022-10-18 16:59:12,390 | autoeft.projection.prosmeftion | DEBUG    | form -p /mnt/c/Users/jakob/OneDrive - Students RWTH Aachen University/Physik/9Physik/ws21/Masterthesis/autoeft/projection/form_files/general tex_coefficient.frm
2022-10-18 16:59:12,416 | autoeft.projection.prosmeftion.tex | DEBUG    | Construct PDF.
2022-10-18 16:59:13,332 | autoeft.projection.prosmeftion.sun_projection | INFO     | Sort fields by type, indicated by a tuple filled with integers. They specify the number of fields in the single summand in the following order: BL WL L Q dC eC uC H H+ L+ Q+ dC+ eC+ uC+ BL+ WL+
2022-10-18 16:59:13,335 | autoeft.projection.prosmeftion.yProjection.indices | DEBUG    | The index flav1 will be deleted.
2022-10-18 16:59:13,339 | autoeft.projection.prosmeftion.yProjection.indices | DEBUG    | The index flav3 will be deleted.
2022-10-18 16:59:13,343 | autoeft.projection.prosmeftion.yProjection.indices | DEBUG    | The index flav3 will be deleted.
2022-10-18 16:59:13,349 | autoeft.projection.prosmeftion.yProjection.indices | DEBUG    | The index flav2 will be deleted.
2022-10-18 16:59:13,350 | autoeft.projection.prosmeftion.yProjection.indices | DEBUG    | The index gauge2 will be deleted.
2022-10-18 16:59:13,352 | autoeft.projection.prosmeftion.yProjection.indices | DEBUG    | The index gauge2a will be deleted.
2022-10-18 16:59:13,353 | autoeft.projection.prosmeftion.yProjection.indices | DEBUG    | The index gauge1 will be deleted.
2022-10-18 16:59:13,364 | autoeft.projection.prosmeftion.yProjection.indices | DEBUG    | The index gauge1a will be deleted.
2022-10-18 16:59:13,372 | autoeft.projection.prosmeftion.yProjection.indices | DEBUG    | The index colf1 will be deleted.
2022-10-18 16:59:13,373 | autoeft.projection.prosmeftion.yProjection.indices | DEBUG    | The index colf1a will be deleted.
2022-10-18 16:59:13,374 | autoeft.projection.prosmeftion.yProjection.indices | DEBUG    | The index colf1b will be deleted.
2022-10-18 16:59:13,375 | autoeft.projection.prosmeftion.yProjection.indices | DEBUG    | The index Uslgauge11 will be deleted.
2022-10-18 16:59:13,375 | autoeft.projection.prosmeftion.yProjection.indices | DEBUG    | The index Uslspin22 will be deleted.
2022-10-18 16:59:13,376 | autoeft.projection.prosmeftion.yProjection.indices | DEBUG    | The index Lsldotgauge11 will be deleted.
2022-10-18 16:59:13,377 | autoeft.projection.prosmeftion.yProjection.indices | DEBUG    | The index Lsldotspin111 will be deleted.
2022-10-18 16:59:13,416 | autoeft.projection.prosmeftion.tex | INFO     | Create texed PDF QDHH+Q+_sorted.pdf of all terms.
2022-10-18 16:59:13,488 | autoeft.projection.prosmeftion.tex | DEBUG    | Create Tex file of all terms.
2022-10-18 16:59:13,716 | autoeft.projection.prosmeftion | DEBUG    | form -p /mnt/c/Users/jakob/OneDrive - Students RWTH Aachen University/Physik/9Physik/ws21/Masterthesis/autoeft/projection/form_files/general tex_coefficient.frm
2022-10-18 16:59:13,756 | autoeft.projection.prosmeftion.tex | DEBUG    | Construct PDF.
2022-10-18 16:59:14,662 | autoeft.projection.prosmeftion.sun_projection | INFO     | term0 of type Q0H1H+0Q+0 is not combined
2022-10-18 16:59:14,664 | autoeft.projection.prosmeftion.sun_projection | INFO     | Sort fields by type, indicated by a tuple filled with integers. They specify the number of fields in the single summand in the following order: BL WL L Q dC eC uC H H+ L+ Q+ dC+ eC+ uC+ BL+ WL+
2022-10-18 16:59:14,665 | autoeft.projection.prosmeftion.yProjection.indices | DEBUG    | The index flav1 will be deleted.
2022-10-18 16:59:14,666 | autoeft.projection.prosmeftion.yProjection.indices | DEBUG    | The index flav3 will be deleted.
2022-10-18 16:59:14,667 | autoeft.projection.prosmeftion.yProjection.indices | DEBUG    | The index flav3 will be deleted.
2022-10-18 16:59:14,667 | autoeft.projection.prosmeftion.yProjection.indices | DEBUG    | The index flav2 will be deleted.
2022-10-18 16:59:14,668 | autoeft.projection.prosmeftion.yProjection.indices | DEBUG    | The index gauge2 will be deleted.
2022-10-18 16:59:14,674 | autoeft.projection.prosmeftion.yProjection.indices | DEBUG    | The index gauge2a will be deleted.
2022-10-18 16:59:14,681 | autoeft.projection.prosmeftion.yProjection.indices | DEBUG    | The index gauge1 will be deleted.
2022-10-18 16:59:14,682 | autoeft.projection.prosmeftion.yProjection.indices | DEBUG    | The index gauge1a will be deleted.
2022-10-18 16:59:14,683 | autoeft.projection.prosmeftion.yProjection.indices | DEBUG    | The index colf1 will be deleted.
2022-10-18 16:59:14,684 | autoeft.projection.prosmeftion.yProjection.indices | DEBUG    | The index colf1a will be deleted.
2022-10-18 16:59:14,684 | autoeft.projection.prosmeftion.yProjection.indices | DEBUG    | The index colf1b will be deleted.
2022-10-18 16:59:14,685 | autoeft.projection.prosmeftion.yProjection.indices | DEBUG    | The index Uslgauge11 will be deleted.
2022-10-18 16:59:14,685 | autoeft.projection.prosmeftion.yProjection.indices | DEBUG    | The index Uslspin22 will be deleted.
2022-10-18 16:59:14,687 | autoeft.projection.prosmeftion.yProjection.indices | DEBUG    | The index Lsldotgauge11 will be deleted.
2022-10-18 16:59:14,688 | autoeft.projection.prosmeftion.yProjection.indices | DEBUG    | The index Lsldotspin111 will be deleted.
2022-10-18 16:59:14,691 | autoeft.projection        | INFO     | #Terms with doubles: 1 <-> #Terms without doubles: 1
2022-10-18 16:59:14,692 | autoeft.projection.prosmeftion.tex | INFO     | Create texed PDF QDHH+Q+_sorted_wo_doubles.pdf of all terms.
2022-10-18 16:59:14,693 | autoeft.projection.prosmeftion.tex | DEBUG    | Create Tex file of all terms.
2022-10-18 16:59:14,856 | autoeft.projection.prosmeftion | DEBUG    | form -p /mnt/c/Users/jakob/OneDrive - Students RWTH Aachen University/Physik/9Physik/ws21/Masterthesis/autoeft/projection/form_files/general tex_coefficient.frm
2022-10-18 16:59:14,882 | autoeft.projection.prosmeftion.tex | DEBUG    | Construct PDF.
2022-10-18 16:59:15,818 | autoeft.projection.prosmeftion | DEBUG    | form -p /mnt/c/Users/jakob/OneDrive - Students RWTH Aachen University/Physik/9Physik/ws21/Masterthesis/autoeft/projection/form_files/general get_dimension.frm
2022-10-18 16:59:15,841 | autoeft.projection.prosmeftion.sun_projection | INFO     | Sort fields by type, indicated by a tuple filled with integers. They specify the number of fields in the single summand in the following order: BL WL L Q dC eC uC H H+ L+ Q+ dC+ eC+ uC+ BL+ WL+
2022-10-18 16:59:15,843 | autoeft.projection.prosmeftion.yProjection.indices | DEBUG    | The index flav1 will be deleted.
2022-10-18 16:59:15,848 | autoeft.projection.prosmeftion.yProjection.indices | DEBUG    | The index flav3 will be deleted.
2022-10-18 16:59:15,848 | autoeft.projection.prosmeftion.yProjection.indices | DEBUG    | The index flav3 will be deleted.
2022-10-18 16:59:15,849 | autoeft.projection.prosmeftion.yProjection.indices | DEBUG    | The index flav2 will be deleted.
2022-10-18 16:59:15,849 | autoeft.projection.prosmeftion.yProjection.indices | DEBUG    | The index gauge2 will be deleted.
2022-10-18 16:59:15,849 | autoeft.projection.prosmeftion.yProjection.indices | DEBUG    | The index gauge2a will be deleted.
2022-10-18 16:59:15,850 | autoeft.projection.prosmeftion.yProjection.indices | DEBUG    | The index gauge1 will be deleted.
2022-10-18 16:59:15,850 | autoeft.projection.prosmeftion.yProjection.indices | DEBUG    | The index gauge1a will be deleted.
2022-10-18 16:59:15,851 | autoeft.projection.prosmeftion.yProjection.indices | DEBUG    | The index colf1 will be deleted.
2022-10-18 16:59:15,854 | autoeft.projection.prosmeftion.yProjection.indices | DEBUG    | The index colf1a will be deleted.
2022-10-18 16:59:15,854 | autoeft.projection.prosmeftion.yProjection.indices | DEBUG    | The index colf1b will be deleted.
2022-10-18 16:59:15,855 | autoeft.projection.prosmeftion.yProjection.indices | DEBUG    | The index Uslgauge11 will be deleted.
2022-10-18 16:59:15,855 | autoeft.projection.prosmeftion.yProjection.indices | DEBUG    | The index Uslspin22 will be deleted.
2022-10-18 16:59:15,856 | autoeft.projection.prosmeftion.yProjection.indices | DEBUG    | The index Lsldotgauge11 will be deleted.
2022-10-18 16:59:15,856 | autoeft.projection.prosmeftion.yProjection.indices | DEBUG    | The index Lsldotspin111 will be deleted.
2022-10-18 16:59:16,240 | autoeft.projection.prosmeftion | DEBUG    | form -p /mnt/c/Users/jakob/OneDrive - Students RWTH Aachen University/Physik/9Physik/ws21/Masterthesis/autoeft/projection/form_files/general get_dimension.frm
2022-10-18 16:59:16,318 | autoeft.projection.prosmeftion.sun_projection | INFO     | Sort fields by type, indicated by a tuple filled with integers. They specify the number of fields in the single summand in the following order: BL WL L Q dC eC uC H H+ L+ Q+ dC+ eC+ uC+ BL+ WL+
2022-10-18 16:59:16,331 | autoeft.projection.prosmeftion.yProjection.indices | DEBUG    | The index flav1 will be deleted.
2022-10-18 16:59:16,333 | autoeft.projection.prosmeftion.yProjection.indices | DEBUG    | The index flav3 will be deleted.
2022-10-18 16:59:16,354 | autoeft.projection.prosmeftion.yProjection.indices | DEBUG    | The index flav3 will be deleted.
2022-10-18 16:59:16,383 | autoeft.projection.prosmeftion.yProjection.indices | DEBUG    | The index flav2 will be deleted.
2022-10-18 16:59:16,385 | autoeft.projection.prosmeftion.yProjection.indices | DEBUG    | The index gauge2 will be deleted.
2022-10-18 16:59:16,390 | autoeft.projection.prosmeftion.yProjection.indices | DEBUG    | The index gauge2a will be deleted.
2022-10-18 16:59:16,393 | autoeft.projection.prosmeftion.yProjection.indices | DEBUG    | The index gauge1 will be deleted.
2022-10-18 16:59:16,398 | autoeft.projection.prosmeftion.yProjection.indices | DEBUG    | The index gauge1a will be deleted.
2022-10-18 16:59:16,412 | autoeft.projection.prosmeftion.yProjection.indices | DEBUG    | The index colf1 will be deleted.
2022-10-18 16:59:16,418 | autoeft.projection.prosmeftion.yProjection.indices | DEBUG    | The index colf1a will be deleted.
2022-10-18 16:59:16,418 | autoeft.projection.prosmeftion.yProjection.indices | DEBUG    | The index colf1b will be deleted.
2022-10-18 16:59:16,421 | autoeft.projection.prosmeftion.yProjection.indices | DEBUG    | The index Uslgauge11 will be deleted.
2022-10-18 16:59:16,422 | autoeft.projection.prosmeftion.yProjection.indices | DEBUG    | The index Uslspin22 will be deleted.
2022-10-18 16:59:16,423 | autoeft.projection.prosmeftion.yProjection.indices | DEBUG    | The index Lsldotgauge11 will be deleted.
2022-10-18 16:59:16,424 | autoeft.projection.prosmeftion.yProjection.indices | DEBUG    | The index Lsldotspin111 will be deleted.
2022-10-18 16:59:16,426 | autoeft.projection        | INFO     | #Terms with EOMs: 1 <-> #Terms with less EOMs: 1
2022-10-18 16:59:16,427 | autoeft.projection.prosmeftion.lor_projection | INFO     | There is no term with nD=4 and H:1, H+:1 and thus no derivatives need to be rearranged.
2022-10-18 16:59:16,701 | autoeft.projection.prosmeftion | DEBUG    | form -p /mnt/c/Users/jakob/OneDrive - Students RWTH Aachen University/Physik/9Physik/ws21/Masterthesis/autoeft/projection/form_files/general get_dimension.frm
2022-10-18 16:59:16,721 | autoeft.projection.prosmeftion.sun_projection | INFO     | Sort fields by type, indicated by a tuple filled with integers. They specify the number of fields in the single summand in the following order: BL WL L Q dC eC uC H H+ L+ Q+ dC+ eC+ uC+ BL+ WL+
2022-10-18 16:59:16,722 | autoeft.projection.prosmeftion.yProjection.indices | DEBUG    | The index flav1 will be deleted.
2022-10-18 16:59:16,723 | autoeft.projection.prosmeftion.yProjection.indices | DEBUG    | The index flav3 will be deleted.
2022-10-18 16:59:16,725 | autoeft.projection.prosmeftion.yProjection.indices | DEBUG    | The index flav3 will be deleted.
2022-10-18 16:59:16,725 | autoeft.projection.prosmeftion.yProjection.indices | DEBUG    | The index flav2 will be deleted.
2022-10-18 16:59:16,726 | autoeft.projection.prosmeftion.yProjection.indices | DEBUG    | The index gauge2 will be deleted.
2022-10-18 16:59:16,726 | autoeft.projection.prosmeftion.yProjection.indices | DEBUG    | The index gauge2a will be deleted.
2022-10-18 16:59:16,727 | autoeft.projection.prosmeftion.yProjection.indices | DEBUG    | The index gauge1 will be deleted.
2022-10-18 16:59:16,728 | autoeft.projection.prosmeftion.yProjection.indices | DEBUG    | The index gauge1a will be deleted.
2022-10-18 16:59:16,728 | autoeft.projection.prosmeftion.yProjection.indices | DEBUG    | The index colf1 will be deleted.
2022-10-18 16:59:16,729 | autoeft.projection.prosmeftion.yProjection.indices | DEBUG    | The index colf1a will be deleted.
2022-10-18 16:59:16,729 | autoeft.projection.prosmeftion.yProjection.indices | DEBUG    | The index colf1b will be deleted.
2022-10-18 16:59:16,730 | autoeft.projection.prosmeftion.yProjection.indices | DEBUG    | The index Uslgauge11 will be deleted.
2022-10-18 16:59:16,730 | autoeft.projection.prosmeftion.yProjection.indices | DEBUG    | The index Uslspin22 will be deleted.
2022-10-18 16:59:16,733 | autoeft.projection.prosmeftion.yProjection.indices | DEBUG    | The index Lsldotgauge11 will be deleted.
2022-10-18 16:59:16,735 | autoeft.projection.prosmeftion.yProjection.indices | DEBUG    | The index Lsldotspin111 will be deleted.
2022-10-18 16:59:16,800 | autoeft.projection.prosmeftion | DEBUG    | form -p /mnt/c/Users/jakob/OneDrive - Students RWTH Aachen University/Physik/9Physik/ws21/Masterthesis/autoeft/projection/form_files/general get_dimension.frm
2022-10-18 16:59:16,812 | autoeft.projection.prosmeftion.sun_projection | INFO     | Sort fields by type, indicated by a tuple filled with integers. They specify the number of fields in the single summand in the following order: BL WL L Q dC eC uC H H+ L+ Q+ dC+ eC+ uC+ BL+ WL+
2022-10-18 16:59:16,812 | autoeft.projection.prosmeftion.yProjection.indices | DEBUG    | The index flav1 will be deleted.
2022-10-18 16:59:16,813 | autoeft.projection.prosmeftion.yProjection.indices | DEBUG    | The index flav3 will be deleted.
2022-10-18 16:59:16,813 | autoeft.projection.prosmeftion.yProjection.indices | DEBUG    | The index flav3 will be deleted.
2022-10-18 16:59:16,814 | autoeft.projection.prosmeftion.yProjection.indices | DEBUG    | The index flav2 will be deleted.
2022-10-18 16:59:16,814 | autoeft.projection.prosmeftion.yProjection.indices | DEBUG    | The index gauge2 will be deleted.
2022-10-18 16:59:16,815 | autoeft.projection.prosmeftion.yProjection.indices | DEBUG    | The index gauge2a will be deleted.
2022-10-18 16:59:16,815 | autoeft.projection.prosmeftion.yProjection.indices | DEBUG    | The index gauge1 will be deleted.
2022-10-18 16:59:16,815 | autoeft.projection.prosmeftion.yProjection.indices | DEBUG    | The index gauge1a will be deleted.
2022-10-18 16:59:16,816 | autoeft.projection.prosmeftion.yProjection.indices | DEBUG    | The index colf1 will be deleted.
2022-10-18 16:59:16,816 | autoeft.projection.prosmeftion.yProjection.indices | DEBUG    | The index colf1a will be deleted.
2022-10-18 16:59:16,817 | autoeft.projection.prosmeftion.yProjection.indices | DEBUG    | The index colf1b will be deleted.
2022-10-18 16:59:16,823 | autoeft.projection.prosmeftion.yProjection.indices | DEBUG    | The index Uslgauge11 will be deleted.
2022-10-18 16:59:16,823 | autoeft.projection.prosmeftion.yProjection.indices | DEBUG    | The index Uslspin22 will be deleted.
2022-10-18 16:59:16,824 | autoeft.projection.prosmeftion.yProjection.indices | DEBUG    | The index Lsldotgauge11 will be deleted.
2022-10-18 16:59:16,824 | autoeft.projection.prosmeftion.yProjection.indices | DEBUG    | The index Lsldotspin111 will be deleted.
2022-10-18 16:59:16,827 | autoeft.projection.prosmeftion.sun_projection | INFO     | Q0H1H+0Q+0 of type Q0H1H+0Q+0 is not combined
2022-10-18 16:59:16,829 | autoeft.projection.prosmeftion.sun_projection | INFO     | Sort fields by type, indicated by a tuple filled with integers. They specify the number of fields in the single summand in the following order: BL WL L Q dC eC uC H H+ L+ Q+ dC+ eC+ uC+ BL+ WL+
2022-10-18 16:59:16,829 | autoeft.projection.prosmeftion.yProjection.indices | DEBUG    | The index flav1 will be deleted.
2022-10-18 16:59:16,830 | autoeft.projection.prosmeftion.yProjection.indices | DEBUG    | The index flav3 will be deleted.
2022-10-18 16:59:16,831 | autoeft.projection.prosmeftion.yProjection.indices | DEBUG    | The index flav3 will be deleted.
2022-10-18 16:59:16,831 | autoeft.projection.prosmeftion.yProjection.indices | DEBUG    | The index flav2 will be deleted.
2022-10-18 16:59:16,838 | autoeft.projection.prosmeftion.yProjection.indices | DEBUG    | The index gauge2 will be deleted.
2022-10-18 16:59:16,839 | autoeft.projection.prosmeftion.yProjection.indices | DEBUG    | The index gauge2a will be deleted.
2022-10-18 16:59:16,839 | autoeft.projection.prosmeftion.yProjection.indices | DEBUG    | The index gauge1 will be deleted.
2022-10-18 16:59:16,840 | autoeft.projection.prosmeftion.yProjection.indices | DEBUG    | The index gauge1a will be deleted.
2022-10-18 16:59:16,841 | autoeft.projection.prosmeftion.yProjection.indices | DEBUG    | The index colf1 will be deleted.
2022-10-18 16:59:16,841 | autoeft.projection.prosmeftion.yProjection.indices | DEBUG    | The index colf1a will be deleted.
2022-10-18 16:59:16,842 | autoeft.projection.prosmeftion.yProjection.indices | DEBUG    | The index colf1b will be deleted.
2022-10-18 16:59:16,842 | autoeft.projection.prosmeftion.yProjection.indices | DEBUG    | The index Uslgauge11 will be deleted.
2022-10-18 16:59:16,843 | autoeft.projection.prosmeftion.yProjection.indices | DEBUG    | The index Uslspin22 will be deleted.
2022-10-18 16:59:16,843 | autoeft.projection.prosmeftion.yProjection.indices | DEBUG    | The index Lsldotgauge11 will be deleted.
2022-10-18 16:59:16,844 | autoeft.projection.prosmeftion.yProjection.indices | DEBUG    | The index Lsldotspin111 will be deleted.
2022-10-18 16:59:16,845 | autoeft.projection        | INFO     | #Terms with doubles: 1 <-> #Terms without doubles: 1
2022-10-18 16:59:16,846 | autoeft.projection.prosmeftion.tex | INFO     | Create texed PDF QDHH+Q+_sorted_wo_eoms.pdf of all terms.
2022-10-18 16:59:16,847 | autoeft.projection.prosmeftion.tex | DEBUG    | Create Tex file of all terms.
2022-10-18 16:59:16,957 | autoeft.projection.prosmeftion | DEBUG    | form -p /mnt/c/Users/jakob/OneDrive - Students RWTH Aachen University/Physik/9Physik/ws21/Masterthesis/autoeft/projection/form_files/general tex_coefficient.frm
2022-10-18 16:59:16,999 | autoeft.projection.prosmeftion.tex | DEBUG    | Construct PDF.
2022-10-18 16:59:17,630 | autoeft.projection        | INFO     | Symmetries terms.
2022-10-18 16:59:17,632 | autoeft.projection.prosmeftion.yProjection.rfr | INFO     | For terms with field content {'Q': 1, 'H': 1, 'H+': 1, 'Q+': 1} no field occurs at least twice.
2022-10-18 16:59:17,635 | autoeft.projection.prosmeftion.sun_projection | INFO     | Sort fields by type, indicated by a tuple filled with integers. They specify the number of fields in the single summand in the following order: BL WL L Q dC eC uC H H+ L+ Q+ dC+ eC+ uC+ BL+ WL+
2022-10-18 16:59:17,636 | autoeft.projection.prosmeftion.yProjection.indices | DEBUG    | The index flav1 will be deleted.
2022-10-18 16:59:17,637 | autoeft.projection.prosmeftion.yProjection.indices | DEBUG    | The index flav3 will be deleted.
2022-10-18 16:59:17,638 | autoeft.projection.prosmeftion.yProjection.indices | DEBUG    | The index flav3 will be deleted.
2022-10-18 16:59:17,638 | autoeft.projection.prosmeftion.yProjection.indices | DEBUG    | The index flav2 will be deleted.
2022-10-18 16:59:17,639 | autoeft.projection.prosmeftion.yProjection.indices | DEBUG    | The index gauge2 will be deleted.
2022-10-18 16:59:17,640 | autoeft.projection.prosmeftion.yProjection.indices | DEBUG    | The index gauge2a will be deleted.
2022-10-18 16:59:17,640 | autoeft.projection.prosmeftion.yProjection.indices | DEBUG    | The index gauge1 will be deleted.
2022-10-18 16:59:17,641 | autoeft.projection.prosmeftion.yProjection.indices | DEBUG    | The index gauge1a will be deleted.
2022-10-18 16:59:17,641 | autoeft.projection.prosmeftion.yProjection.indices | DEBUG    | The index colf1 will be deleted.
2022-10-18 16:59:17,642 | autoeft.projection.prosmeftion.yProjection.indices | DEBUG    | The index colf1a will be deleted.
2022-10-18 16:59:17,642 | autoeft.projection.prosmeftion.yProjection.indices | DEBUG    | The index colf1b will be deleted.
2022-10-18 16:59:17,643 | autoeft.projection.prosmeftion.yProjection.indices | DEBUG    | The index Uslgauge11 will be deleted.
2022-10-18 16:59:17,643 | autoeft.projection.prosmeftion.yProjection.indices | DEBUG    | The index Uslspin22 will be deleted.
2022-10-18 16:59:17,644 | autoeft.projection.prosmeftion.yProjection.indices | DEBUG    | The index Lsldotgauge11 will be deleted.
2022-10-18 16:59:17,644 | autoeft.projection.prosmeftion.yProjection.indices | DEBUG    | The index Lsldotspin111 will be deleted.
2022-10-18 16:59:17,647 | autoeft.projection.prosmeftion.sun_projection | INFO     | Q0H1H+0Q+0 of type Q0H1H+0Q+0 is not combined
2022-10-18 16:59:17,650 | autoeft.projection.prosmeftion.sun_projection | INFO     | Sort fields by type, indicated by a tuple filled with integers. They specify the number of fields in the single summand in the following order: BL WL L Q dC eC uC H H+ L+ Q+ dC+ eC+ uC+ BL+ WL+
2022-10-18 16:59:17,650 | autoeft.projection.prosmeftion.yProjection.indices | DEBUG    | The index flav1 will be deleted.
2022-10-18 16:59:17,651 | autoeft.projection.prosmeftion.yProjection.indices | DEBUG    | The index flav3 will be deleted.
2022-10-18 16:59:17,651 | autoeft.projection.prosmeftion.yProjection.indices | DEBUG    | The index flav3 will be deleted.
2022-10-18 16:59:17,651 | autoeft.projection.prosmeftion.yProjection.indices | DEBUG    | The index flav2 will be deleted.
2022-10-18 16:59:17,652 | autoeft.projection.prosmeftion.yProjection.indices | DEBUG    | The index gauge2 will be deleted.
2022-10-18 16:59:17,652 | autoeft.projection.prosmeftion.yProjection.indices | DEBUG    | The index gauge2a will be deleted.
2022-10-18 16:59:17,653 | autoeft.projection.prosmeftion.yProjection.indices | DEBUG    | The index gauge1 will be deleted.
2022-10-18 16:59:17,653 | autoeft.projection.prosmeftion.yProjection.indices | DEBUG    | The index gauge1a will be deleted.
2022-10-18 16:59:17,654 | autoeft.projection.prosmeftion.yProjection.indices | DEBUG    | The index colf1 will be deleted.
2022-10-18 16:59:17,654 | autoeft.projection.prosmeftion.yProjection.indices | DEBUG    | The index colf1a will be deleted.
2022-10-18 16:59:17,654 | autoeft.projection.prosmeftion.yProjection.indices | DEBUG    | The index colf1b will be deleted.
2022-10-18 16:59:17,655 | autoeft.projection.prosmeftion.yProjection.indices | DEBUG    | The index Uslgauge11 will be deleted.
2022-10-18 16:59:17,655 | autoeft.projection.prosmeftion.yProjection.indices | DEBUG    | The index Uslspin22 will be deleted.
2022-10-18 16:59:17,655 | autoeft.projection.prosmeftion.yProjection.indices | DEBUG    | The index Lsldotgauge11 will be deleted.
2022-10-18 16:59:17,656 | autoeft.projection.prosmeftion.yProjection.indices | DEBUG    | The index Lsldotspin111 will be deleted.
2022-10-18 16:59:17,658 | autoeft.projection        | INFO     | #Terms with doubles: 1 <-> #Terms without doubles: 1
2022-10-18 16:59:17,662 | autoeft.projection.prosmeftion.yProjection.tableau | DEBUG    | Indices of tableau changed in columns to:
---------
|1-False|
---------
|2-1|
-----

with sign: -1.
2022-10-18 16:59:17,663 | autoeft.projection.prosmeftion.yProjection.indices | DEBUG    | The index flav1 will be deleted.
2022-10-18 16:59:17,663 | autoeft.projection.prosmeftion.yProjection.indices | DEBUG    | The index flav3 will be deleted.
2022-10-18 16:59:17,664 | autoeft.projection.prosmeftion.yProjection.indices | DEBUG    | The index flav3 will be deleted.
2022-10-18 16:59:17,664 | autoeft.projection.prosmeftion.yProjection.indices | DEBUG    | The index flav2 will be deleted.
2022-10-18 16:59:17,664 | autoeft.projection.prosmeftion.yProjection.indices | DEBUG    | The index gauge2 will be deleted.
2022-10-18 16:59:17,665 | autoeft.projection.prosmeftion.yProjection.indices | DEBUG    | The index gauge2a will be deleted.
2022-10-18 16:59:17,665 | autoeft.projection.prosmeftion.yProjection.indices | DEBUG    | The index gauge1 will be deleted.
2022-10-18 16:59:17,666 | autoeft.projection.prosmeftion.yProjection.indices | DEBUG    | The index gauge1a will be deleted.
2022-10-18 16:59:17,667 | autoeft.projection.prosmeftion.yProjection.indices | DEBUG    | The index colf1 will be deleted.
2022-10-18 16:59:17,671 | autoeft.projection.prosmeftion.yProjection.indices | DEBUG    | The index colf1a will be deleted.
2022-10-18 16:59:17,672 | autoeft.projection.prosmeftion.yProjection.indices | DEBUG    | The index colf1b will be deleted.
2022-10-18 16:59:17,672 | autoeft.projection.prosmeftion.yProjection.indices | DEBUG    | The index Uslgauge11 will be deleted.
2022-10-18 16:59:17,674 | autoeft.projection.prosmeftion.yProjection.indices | DEBUG    | The index Uslspin22 will be deleted.
2022-10-18 16:59:17,674 | autoeft.projection.prosmeftion.yProjection.indices | DEBUG    | The index Lsldotgauge11 will be deleted.
2022-10-18 16:59:17,675 | autoeft.projection.prosmeftion.yProjection.indices | DEBUG    | The index Lsldotspin111 will be deleted.
2022-10-18 16:59:17,676 | autoeft.projection.prosmeftion.lor_projection | INFO     | ((1/2)*(+Ms^-2*(+1)))*yd(flav1,flav3)*[yd+](flav3,flav2)*[su2eps](gauge2,gauge2a)*[su2eps](gauge1,gauge1a)*[su3eps](colf1,colf1a,colf1b)*[sl2Ceps](Uslgauge11,Uslspin22)*[sl2Ceps](Lsldotgauge11,Lsldotspin111)*Q(Lslspin22,gauge2,colf1,flav2)*D(Lslgauge11,Usldotgauge11,H(gauge1))*[H+](gauge2a)*[Q+](Usldotspin111,gauge1a,colf1a,colf1b,flav1)
2022-10-18 16:59:17,730 | autoeft.projection.prosmeftion | DEBUG    | form -p /mnt/c/Users/jakob/OneDrive - Students RWTH Aachen University/Physik/9Physik/ws21/Masterthesis/autoeft/projection/form_files/general get_dimension.frm
2022-10-18 16:59:17,753 | autoeft.projection.prosmeftion.yProjection.tableau | DEBUG    | Indices of tableau changed in columns to:
---------
|1-False|
---------
|2-1|
-----

with sign: -1.
2022-10-18 16:59:17,755 | autoeft.projection.prosmeftion.yProjection.lorentz | DEBUG    | factor:
Fraction(-1, 1)
l_tab:
---------
|1-False|
---------
|2-1|
-----

r_tab:
-----
|2-1|
-----
|4-False|
---------

2022-10-18 16:59:17,760 | autoeft.projection.prosmeftion.lor_projection | INFO     | factor:
Fraction(1, 1)
l_tab:
---------
|1-False|
---------
|1-1|
-----

r_tab:
-----
|1-1|
-----
|4-False|
---------

2022-10-18 16:59:17,806 | autoeft.projection.prosmeftion | DEBUG    | form -p /mnt/c/Users/jakob/OneDrive - Students RWTH Aachen University/Physik/9Physik/ws21/Masterthesis/autoeft/projection/form_files/general get_dimension.frm
2022-10-18 16:59:17,981 | autoeft.projection.prosmeftion | DEBUG    | form -p /mnt/c/Users/jakob/OneDrive - Students RWTH Aachen University/Physik/9Physik/ws21/Masterthesis/autoeft/projection/form_files/general get_dimension.frm
2022-10-18 16:59:18,083 | autoeft.projection.prosmeftion | DEBUG    | form -p /mnt/c/Users/jakob/OneDrive - Students RWTH Aachen University/Physik/9Physik/ws21/Masterthesis/autoeft/projection/form_files/general get_dimension.frm
2022-10-18 16:59:18,091 | autoeft.projection.prosmeftion.yProjection.indices | DEBUG    | The index flav1 will be deleted.
2022-10-18 16:59:18,091 | autoeft.projection.prosmeftion.yProjection.indices | DEBUG    | The index flav3 will be deleted.
2022-10-18 16:59:18,092 | autoeft.projection.prosmeftion.yProjection.indices | DEBUG    | The index flav1 will be rewritten with flav1.
2022-10-18 16:59:18,092 | autoeft.projection.prosmeftion.yProjection.indices | DEBUG    | The index flav3 will be rewritten with flav3.
2022-10-18 16:59:18,093 | autoeft.projection.prosmeftion.yProjection.indices | DEBUG    | The index flav3 will be deleted.
2022-10-18 16:59:18,093 | autoeft.projection.prosmeftion.yProjection.indices | DEBUG    | The index flav2 will be deleted.
2022-10-18 16:59:18,094 | autoeft.projection.prosmeftion.yProjection.indices | DEBUG    | The index flav3 will be rewritten with flav3.
2022-10-18 16:59:18,094 | autoeft.projection.prosmeftion.yProjection.indices | DEBUG    | The index flav2 will be rewritten with flav2.
2022-10-18 16:59:18,095 | autoeft.projection.prosmeftion.yProjection.indices | DEBUG    | The index gauge2 will be deleted.
2022-10-18 16:59:18,095 | autoeft.projection.prosmeftion.yProjection.indices | DEBUG    | The index gauge2a will be deleted.
2022-10-18 16:59:18,095 | autoeft.projection.prosmeftion.yProjection.indices | DEBUG    | The index gauge2 will be rewritten with gauge2.
2022-10-18 16:59:18,096 | autoeft.projection.prosmeftion.yProjection.indices | DEBUG    | The index gauge2a will be rewritten with gauge2a.
2022-10-18 16:59:18,096 | autoeft.projection.prosmeftion.yProjection.indices | DEBUG    | The index gauge1 will be deleted.
2022-10-18 16:59:18,096 | autoeft.projection.prosmeftion.yProjection.indices | DEBUG    | The index gauge1a will be deleted.
2022-10-18 16:59:18,097 | autoeft.projection.prosmeftion.yProjection.indices | DEBUG    | The index gauge1 will be rewritten with gauge1.
2022-10-18 16:59:18,099 | autoeft.projection.prosmeftion.yProjection.indices | DEBUG    | The index gauge1a will be rewritten with gauge1a.
2022-10-18 16:59:18,100 | autoeft.projection.prosmeftion.yProjection.indices | DEBUG    | The index colf1 will be deleted.
2022-10-18 16:59:18,101 | autoeft.projection.prosmeftion.yProjection.indices | DEBUG    | The index colf1a will be deleted.
2022-10-18 16:59:18,101 | autoeft.projection.prosmeftion.yProjection.indices | DEBUG    | The index colf1b will be deleted.
2022-10-18 16:59:18,103 | autoeft.projection.prosmeftion.yProjection.indices | DEBUG    | The index colf1 will be rewritten with colf1.
2022-10-18 16:59:18,104 | autoeft.projection.prosmeftion.yProjection.indices | DEBUG    | The index colf1a will be rewritten with colf1a.
2022-10-18 16:59:18,104 | autoeft.projection.prosmeftion.yProjection.indices | DEBUG    | The index colf1b will be rewritten with colf1b.
2022-10-18 16:59:18,105 | autoeft.projection.prosmeftion.yProjection.indices | DEBUG    | The index Uslgauge11 will be deleted.
2022-10-18 16:59:18,106 | autoeft.projection.prosmeftion.yProjection.indices | DEBUG    | The index Uslspin22 will be deleted.
2022-10-18 16:59:18,106 | autoeft.projection.prosmeftion.yProjection.indices | DEBUG    | The index Uslgauge11 will be rewritten with Uslgauge11.
2022-10-18 16:59:18,108 | autoeft.projection.prosmeftion.yProjection.indices | DEBUG    | The index Uslspin22 will be rewritten with Uslspin22.
2022-10-18 16:59:18,109 | autoeft.projection.prosmeftion.yProjection.indices | DEBUG    | The index Lsldotgauge11 will be deleted.
2022-10-18 16:59:18,110 | autoeft.projection.prosmeftion.yProjection.indices | DEBUG    | The index Lsldotspin111 will be deleted.
2022-10-18 16:59:18,110 | autoeft.projection.prosmeftion.yProjection.indices | DEBUG    | The index Lsldotgauge11 will be rewritten with Lsldotgauge11.
2022-10-18 16:59:18,111 | autoeft.projection.prosmeftion.yProjection.indices | DEBUG    | The index Lsldotspin111 will be rewritten with Lsldotspin111.
2022-10-18 16:59:18,112 | autoeft.projection.prosmeftion.yProjection.indices | DEBUG    | The index Lslspin22 will be rewritten with Lslspin22.
2022-10-18 16:59:18,113 | autoeft.projection.prosmeftion.yProjection.indices | DEBUG    | The index gauge2 will be rewritten with gauge2.
2022-10-18 16:59:18,114 | autoeft.projection.prosmeftion.yProjection.indices | DEBUG    | The index colf1 will be rewritten with colf1.
2022-10-18 16:59:18,114 | autoeft.projection.prosmeftion.yProjection.indices | DEBUG    | The index flav2 will be rewritten with flav2.
2022-10-18 16:59:18,116 | autoeft.projection.prosmeftion.yProjection.indices | DEBUG    | The index Lslgauge11 will be rewritten with Lslgauge11.
2022-10-18 16:59:18,116 | autoeft.projection.prosmeftion.yProjection.indices | DEBUG    | The index Usldotgauge11 will be rewritten with Usldotgauge11.
2022-10-18 16:59:18,117 | autoeft.projection.prosmeftion.yProjection.indices | DEBUG    | The index gauge1 will be rewritten with gauge1.
2022-10-18 16:59:18,118 | autoeft.projection.prosmeftion.yProjection.indices | DEBUG    | The index gauge2a will be rewritten with gauge2a.
2022-10-18 16:59:18,119 | autoeft.projection.prosmeftion.yProjection.indices | DEBUG    | The index Usldotspin111 will be rewritten with Usldotspin111.
2022-10-18 16:59:18,120 | autoeft.projection.prosmeftion.yProjection.indices | DEBUG    | The index gauge1a will be rewritten with gauge1a.
2022-10-18 16:59:18,120 | autoeft.projection.prosmeftion.yProjection.indices | DEBUG    | The index colf1a will be rewritten with colf1a.
2022-10-18 16:59:18,121 | autoeft.projection.prosmeftion.yProjection.indices | DEBUG    | The index colf1b will be rewritten with colf1b.
2022-10-18 16:59:18,121 | autoeft.projection.prosmeftion.yProjection.indices | DEBUG    | The index flav1 will be rewritten with flav1.
2022-10-18 16:59:18,129 | autoeft.projection.prosmeftion.yProjection.indices | DEBUG    | The index Uslgauge11 will be deleted.
2022-10-18 16:59:18,129 | autoeft.projection.prosmeftion.yProjection.indices | DEBUG    | The index Uslspin22 will be deleted.
2022-10-18 16:59:18,131 | autoeft.projection.prosmeftion.yProjection.indices | DEBUG    | The index Lsldotgauge11 will be deleted.
2022-10-18 16:59:18,132 | autoeft.projection.prosmeftion.yProjection.indices | DEBUG    | The index Lsldotspin111 will be deleted.
2022-10-18 16:59:18,134 | autoeft.projection.prosmeftion.yProjection.operators | DEBUG    | The operator(s) [sl2Ceps](Uslgauge11,Uslspin22)*[sl2Ceps](Lsldotgauge11,Lsldotspin111) will be deleted.
2022-10-18 16:59:18,135 | autoeft.projection.prosmeftion.yProjection.indices | DEBUG    | The index Uslgauge11 will be deleted.
2022-10-18 16:59:18,136 | autoeft.projection.prosmeftion.yProjection.indices | DEBUG    | The index Uslspin22 will be deleted.
2022-10-18 16:59:18,137 | autoeft.projection.prosmeftion.yProjection.indices | DEBUG    | The index flav1 will be deleted.
2022-10-18 16:59:18,137 | autoeft.projection.prosmeftion.yProjection.indices | DEBUG    | The index flav3 will be deleted.
2022-10-18 16:59:18,138 | autoeft.projection.prosmeftion.yProjection.indices | DEBUG    | The index Uslgauge11 will be deleted.
2022-10-18 16:59:18,138 | autoeft.projection.prosmeftion.yProjection.indices | DEBUG    | The index Uslspin22 will be deleted.
2022-10-18 16:59:18,139 | autoeft.projection.prosmeftion.yProjection.indices | DEBUG    | The index flav3 will be deleted.
2022-10-18 16:59:18,139 | autoeft.projection.prosmeftion.yProjection.indices | DEBUG    | The index flav2 will be deleted.
2022-10-18 16:59:18,140 | autoeft.projection.prosmeftion.yProjection.indices | DEBUG    | The index Uslgauge11 will be deleted.
2022-10-18 16:59:18,140 | autoeft.projection.prosmeftion.yProjection.indices | DEBUG    | The index Uslspin22 will be deleted.
2022-10-18 16:59:18,142 | autoeft.projection.prosmeftion.yProjection.indices | DEBUG    | The index gauge2 will be deleted.
2022-10-18 16:59:18,143 | autoeft.projection.prosmeftion.yProjection.indices | DEBUG    | The index gauge2a will be deleted.
2022-10-18 16:59:18,143 | autoeft.projection.prosmeftion.yProjection.indices | DEBUG    | The index Uslgauge11 will be deleted.
2022-10-18 16:59:18,144 | autoeft.projection.prosmeftion.yProjection.indices | DEBUG    | The index Uslspin22 will be deleted.
2022-10-18 16:59:18,145 | autoeft.projection.prosmeftion.yProjection.indices | DEBUG    | The index gauge1 will be deleted.
2022-10-18 16:59:18,145 | autoeft.projection.prosmeftion.yProjection.indices | DEBUG    | The index gauge1a will be deleted.
2022-10-18 16:59:18,146 | autoeft.projection.prosmeftion.yProjection.indices | DEBUG    | The index Uslgauge11 will be deleted.
2022-10-18 16:59:18,148 | autoeft.projection.prosmeftion.yProjection.indices | DEBUG    | The index Uslspin22 will be deleted.
2022-10-18 16:59:18,148 | autoeft.projection.prosmeftion.yProjection.indices | DEBUG    | The index colf1 will be deleted.
2022-10-18 16:59:18,149 | autoeft.projection.prosmeftion.yProjection.indices | DEBUG    | The index colf1a will be deleted.
2022-10-18 16:59:18,149 | autoeft.projection.prosmeftion.yProjection.indices | DEBUG    | The index colf1b will be deleted.
2022-10-18 16:59:18,150 | autoeft.projection.prosmeftion.yProjection.indices | DEBUG    | The index Uslgauge11 will be deleted.
2022-10-18 16:59:18,150 | autoeft.projection.prosmeftion.yProjection.indices | DEBUG    | The index Uslspin22 will be deleted.
2022-10-18 16:59:18,150 | autoeft.projection.prosmeftion.yProjection.indices | DEBUG    | The index Uslgauge11 will be deleted.
2022-10-18 16:59:18,151 | autoeft.projection.prosmeftion.yProjection.indices | DEBUG    | The index Uslspin22 will be deleted.
2022-10-18 16:59:18,151 | autoeft.projection.prosmeftion.yProjection.indices | DEBUG    | The index Lsldotgauge11 will be deleted.
2022-10-18 16:59:18,152 | autoeft.projection.prosmeftion.yProjection.indices | DEBUG    | The index Lsldotspin111 will be deleted.
2022-10-18 16:59:18,153 | autoeft.projection.prosmeftion.yProjection.indices | DEBUG    | The index flav1 will be deleted.
2022-10-18 16:59:18,153 | autoeft.projection.prosmeftion.yProjection.indices | DEBUG    | The index flav3 will be deleted.
2022-10-18 16:59:18,154 | autoeft.projection.prosmeftion.yProjection.indices | DEBUG    | The index Lsldotgauge11 will be deleted.
2022-10-18 16:59:18,155 | autoeft.projection.prosmeftion.yProjection.indices | DEBUG    | The index Lsldotspin111 will be deleted.
2022-10-18 16:59:18,155 | autoeft.projection.prosmeftion.yProjection.indices | DEBUG    | The index flav3 will be deleted.
2022-10-18 16:59:18,155 | autoeft.projection.prosmeftion.yProjection.indices | DEBUG    | The index flav2 will be deleted.
2022-10-18 16:59:18,156 | autoeft.projection.prosmeftion.yProjection.indices | DEBUG    | The index Lsldotgauge11 will be deleted.
2022-10-18 16:59:18,156 | autoeft.projection.prosmeftion.yProjection.indices | DEBUG    | The index Lsldotspin111 will be deleted.
2022-10-18 16:59:18,156 | autoeft.projection.prosmeftion.yProjection.indices | DEBUG    | The index gauge2 will be deleted.
2022-10-18 16:59:18,157 | autoeft.projection.prosmeftion.yProjection.indices | DEBUG    | The index gauge2a will be deleted.
2022-10-18 16:59:18,157 | autoeft.projection.prosmeftion.yProjection.indices | DEBUG    | The index Lsldotgauge11 will be deleted.
2022-10-18 16:59:18,158 | autoeft.projection.prosmeftion.yProjection.indices | DEBUG    | The index Lsldotspin111 will be deleted.
2022-10-18 16:59:18,158 | autoeft.projection.prosmeftion.yProjection.indices | DEBUG    | The index gauge1 will be deleted.
2022-10-18 16:59:18,158 | autoeft.projection.prosmeftion.yProjection.indices | DEBUG    | The index gauge1a will be deleted.
2022-10-18 16:59:18,159 | autoeft.projection.prosmeftion.yProjection.indices | DEBUG    | The index Lsldotgauge11 will be deleted.
2022-10-18 16:59:18,159 | autoeft.projection.prosmeftion.yProjection.indices | DEBUG    | The index Lsldotspin111 will be deleted.
2022-10-18 16:59:18,159 | autoeft.projection.prosmeftion.yProjection.indices | DEBUG    | The index colf1 will be deleted.
2022-10-18 16:59:18,160 | autoeft.projection.prosmeftion.yProjection.indices | DEBUG    | The index colf1a will be deleted.
2022-10-18 16:59:18,160 | autoeft.projection.prosmeftion.yProjection.indices | DEBUG    | The index colf1b will be deleted.
2022-10-18 16:59:18,160 | autoeft.projection.prosmeftion.yProjection.indices | DEBUG    | The index Lsldotgauge11 will be deleted.
2022-10-18 16:59:18,161 | autoeft.projection.prosmeftion.yProjection.indices | DEBUG    | The index Lsldotspin111 will be deleted.
2022-10-18 16:59:18,161 | autoeft.projection.prosmeftion.yProjection.indices | DEBUG    | The index Lsldotgauge11 will be deleted.
2022-10-18 16:59:18,161 | autoeft.projection.prosmeftion.yProjection.indices | DEBUG    | The index Lsldotspin111 will be deleted.
2022-10-18 16:59:18,162 | autoeft.projection.prosmeftion.yProjection.indices | DEBUG    | The index Uslspin22 will be deleted.
2022-10-18 16:59:18,162 | autoeft.projection.prosmeftion.yProjection.indices | DEBUG    | The index Uslgauge11 will be deleted.
2022-10-18 16:59:18,163 | autoeft.projection.prosmeftion.yProjection.operators | DEBUG    | The operator(s) [sl2Ceps](Uslspin22,Uslgauge11) will be appended.
2022-10-18 16:59:18,163 | autoeft.projection.prosmeftion.yProjection.indices | DEBUG    | The index Lsldotgauge11 will be deleted.
2022-10-18 16:59:18,164 | autoeft.projection.prosmeftion.yProjection.indices | DEBUG    | The index Lsldotspin111 will be deleted.
2022-10-18 16:59:18,164 | autoeft.projection.prosmeftion.yProjection.operators | DEBUG    | The operator(s) [sl2Ceps](Lsldotgauge11,Lsldotspin111) will be appended.
2022-10-18 16:59:18,164 | autoeft.projection.prosmeftion.yProjection.indices | DEBUG    | The index Lslspin22 will be deleted.
2022-10-18 16:59:18,165 | autoeft.projection.prosmeftion.yProjection.indices | DEBUG    | The index Lslgauge11 will be deleted.
2022-10-18 16:59:18,165 | autoeft.projection.prosmeftion.yProjection.indices | DEBUG    | The index Usldotgauge11 will be deleted.
2022-10-18 16:59:18,165 | autoeft.projection.prosmeftion.yProjection.indices | DEBUG    | The index Usldotspin111 will be deleted.
2022-10-18 16:59:18,166 | autoeft.projection.prosmeftion.yProjection.indices | DEBUG    | The index Lslspin22 will be appended.
2022-10-18 16:59:18,166 | autoeft.projection.prosmeftion.yProjection.indices | DEBUG    | The index Lslgauge11 will be appended.
2022-10-18 16:59:18,166 | autoeft.projection.prosmeftion.yProjection.indices | DEBUG    | The index Usldotgauge11 will be appended.
2022-10-18 16:59:18,167 | autoeft.projection.prosmeftion.yProjection.indices | DEBUG    | The index Usldotspin111 will be appended.
2022-10-18 16:59:18,167 | autoeft.projection.prosmeftion.yProjection.indices | DEBUG    | The index flav1 will be deleted.
2022-10-18 16:59:18,167 | autoeft.projection.prosmeftion.yProjection.indices | DEBUG    | The index flav3 will be deleted.
2022-10-18 16:59:18,168 | autoeft.projection.prosmeftion.yProjection.indices | DEBUG    | The index flav3 will be deleted.
2022-10-18 16:59:18,168 | autoeft.projection.prosmeftion.yProjection.indices | DEBUG    | The index flav2 will be deleted.
2022-10-18 16:59:18,169 | autoeft.projection.prosmeftion.yProjection.indices | DEBUG    | The index gauge2 will be deleted.
2022-10-18 16:59:18,169 | autoeft.projection.prosmeftion.yProjection.indices | DEBUG    | The index gauge2a will be deleted.
2022-10-18 16:59:18,170 | autoeft.projection.prosmeftion.yProjection.indices | DEBUG    | The index gauge1 will be deleted.
2022-10-18 16:59:18,170 | autoeft.projection.prosmeftion.yProjection.indices | DEBUG    | The index gauge1a will be deleted.
2022-10-18 16:59:18,171 | autoeft.projection.prosmeftion.yProjection.indices | DEBUG    | The index colf1 will be deleted.
2022-10-18 16:59:18,171 | autoeft.projection.prosmeftion.yProjection.indices | DEBUG    | The index colf1a will be deleted.
2022-10-18 16:59:18,171 | autoeft.projection.prosmeftion.yProjection.indices | DEBUG    | The index colf1b will be deleted.
2022-10-18 16:59:18,172 | autoeft.projection.prosmeftion.yProjection.indices | DEBUG    | The index Uslspin22 will be deleted.
2022-10-18 16:59:18,172 | autoeft.projection.prosmeftion.yProjection.indices | DEBUG    | The index Uslgauge11 will be deleted.
2022-10-18 16:59:18,172 | autoeft.projection.prosmeftion.yProjection.indices | DEBUG    | The index Lsldotgauge11 will be deleted.
2022-10-18 16:59:18,173 | autoeft.projection.prosmeftion.yProjection.indices | DEBUG    | The index Lsldotspin111 will be deleted.
2022-10-18 16:59:18,173 | autoeft.projection.prosmeftion.yProjection.operator | DEBUG    | Expression changed from Q(Lslspin22,gauge2,colf1,flav2) to D(Lslgauge11,Usldotgauge11,Q(Lslspin22,gauge2,colf1,flav2)).
2022-10-18 16:59:18,174 | autoeft.projection.prosmeftion.yProjection.operator | DEBUG    | Expression changed from D(Lslgauge11,Usldotgauge11,H(gauge1)) to H(gauge1).
2022-10-18 16:59:18,175 | autoeft.projection.prosmeftion.lor_projection | INFO     | (((1/2)*(+Ms^-2*(+1)))*(1))*yd(flav1,flav3)*[yd+](flav3,flav2)*[su2eps](gauge2,gauge2a)*[su2eps](gauge1,gauge1a)*[su3eps](colf1,colf1a,colf1b)*[sl2Ceps](Uslspin22,Uslgauge11)*[sl2Ceps](Lsldotgauge11,Lsldotspin111)*D(Lslgauge11,Usldotgauge11,Q(Lslspin22,gauge2,colf1,flav2))*H(gauge1)*[H+](gauge2a)*[Q+](Usldotspin111,gauge1a,colf1a,colf1b,flav1)
2022-10-18 16:59:18,175 | autoeft.projection.prosmeftion.lor_projection | INFO     | factor:
Fraction(1, 1)
l_tab:
---------
|1-False|
---------
|3-1|
-----

r_tab:
-----
|3-1|
-----
|4-False|
---------

2022-10-18 16:59:18,223 | autoeft.projection.prosmeftion | DEBUG    | form -p /mnt/c/Users/jakob/OneDrive - Students RWTH Aachen University/Physik/9Physik/ws21/Masterthesis/autoeft/projection/form_files/general get_dimension.frm
2022-10-18 16:59:18,282 | autoeft.projection.prosmeftion | DEBUG    | form -p /mnt/c/Users/jakob/OneDrive - Students RWTH Aachen University/Physik/9Physik/ws21/Masterthesis/autoeft/projection/form_files/general get_dimension.frm
2022-10-18 16:59:18,349 | autoeft.projection.prosmeftion | DEBUG    | form -p /mnt/c/Users/jakob/OneDrive - Students RWTH Aachen University/Physik/9Physik/ws21/Masterthesis/autoeft/projection/form_files/general get_dimension.frm
2022-10-18 16:59:18,356 | autoeft.projection.prosmeftion.yProjection.indices | DEBUG    | The index flav1 will be deleted.
2022-10-18 16:59:18,357 | autoeft.projection.prosmeftion.yProjection.indices | DEBUG    | The index flav3 will be deleted.
2022-10-18 16:59:18,357 | autoeft.projection.prosmeftion.yProjection.indices | DEBUG    | The index flav1 will be rewritten with flav1.
2022-10-18 16:59:18,358 | autoeft.projection.prosmeftion.yProjection.indices | DEBUG    | The index flav3 will be rewritten with flav3.
2022-10-18 16:59:18,359 | autoeft.projection.prosmeftion.yProjection.indices | DEBUG    | The index flav3 will be deleted.
2022-10-18 16:59:18,359 | autoeft.projection.prosmeftion.yProjection.indices | DEBUG    | The index flav2 will be deleted.
2022-10-18 16:59:18,360 | autoeft.projection.prosmeftion.yProjection.indices | DEBUG    | The index flav3 will be rewritten with flav3.
2022-10-18 16:59:18,360 | autoeft.projection.prosmeftion.yProjection.indices | DEBUG    | The index flav2 will be rewritten with flav2.
2022-10-18 16:59:18,361 | autoeft.projection.prosmeftion.yProjection.indices | DEBUG    | The index gauge2 will be deleted.
2022-10-18 16:59:18,361 | autoeft.projection.prosmeftion.yProjection.indices | DEBUG    | The index gauge2a will be deleted.
2022-10-18 16:59:18,362 | autoeft.projection.prosmeftion.yProjection.indices | DEBUG    | The index gauge2 will be rewritten with gauge2.
2022-10-18 16:59:18,362 | autoeft.projection.prosmeftion.yProjection.indices | DEBUG    | The index gauge2a will be rewritten with gauge2a.
2022-10-18 16:59:18,363 | autoeft.projection.prosmeftion.yProjection.indices | DEBUG    | The index gauge1 will be deleted.
2022-10-18 16:59:18,363 | autoeft.projection.prosmeftion.yProjection.indices | DEBUG    | The index gauge1a will be deleted.
2022-10-18 16:59:18,364 | autoeft.projection.prosmeftion.yProjection.indices | DEBUG    | The index gauge1 will be rewritten with gauge1.
2022-10-18 16:59:18,364 | autoeft.projection.prosmeftion.yProjection.indices | DEBUG    | The index gauge1a will be rewritten with gauge1a.
2022-10-18 16:59:18,364 | autoeft.projection.prosmeftion.yProjection.indices | DEBUG    | The index colf1 will be deleted.
2022-10-18 16:59:18,365 | autoeft.projection.prosmeftion.yProjection.indices | DEBUG    | The index colf1a will be deleted.
2022-10-18 16:59:18,365 | autoeft.projection.prosmeftion.yProjection.indices | DEBUG    | The index colf1b will be deleted.
2022-10-18 16:59:18,365 | autoeft.projection.prosmeftion.yProjection.indices | DEBUG    | The index colf1 will be rewritten with colf1.
2022-10-18 16:59:18,366 | autoeft.projection.prosmeftion.yProjection.indices | DEBUG    | The index colf1a will be rewritten with colf1a.
2022-10-18 16:59:18,366 | autoeft.projection.prosmeftion.yProjection.indices | DEBUG    | The index colf1b will be rewritten with colf1b.
2022-10-18 16:59:18,366 | autoeft.projection.prosmeftion.yProjection.indices | DEBUG    | The index Uslgauge11 will be deleted.
2022-10-18 16:59:18,367 | autoeft.projection.prosmeftion.yProjection.indices | DEBUG    | The index Uslspin22 will be deleted.
2022-10-18 16:59:18,367 | autoeft.projection.prosmeftion.yProjection.indices | DEBUG    | The index Uslgauge11 will be rewritten with Uslgauge11.
2022-10-18 16:59:18,367 | autoeft.projection.prosmeftion.yProjection.indices | DEBUG    | The index Uslspin22 will be rewritten with Uslspin22.
2022-10-18 16:59:18,368 | autoeft.projection.prosmeftion.yProjection.indices | DEBUG    | The index Lsldotgauge11 will be deleted.
2022-10-18 16:59:18,368 | autoeft.projection.prosmeftion.yProjection.indices | DEBUG    | The index Lsldotspin111 will be deleted.
2022-10-18 16:59:18,368 | autoeft.projection.prosmeftion.yProjection.indices | DEBUG    | The index Lsldotgauge11 will be rewritten with Lsldotgauge11.
2022-10-18 16:59:18,369 | autoeft.projection.prosmeftion.yProjection.indices | DEBUG    | The index Lsldotspin111 will be rewritten with Lsldotspin111.
2022-10-18 16:59:18,370 | autoeft.projection.prosmeftion.yProjection.indices | DEBUG    | The index Lslspin22 will be rewritten with Lslspin22.
2022-10-18 16:59:18,370 | autoeft.projection.prosmeftion.yProjection.indices | DEBUG    | The index gauge2 will be rewritten with gauge2.
2022-10-18 16:59:18,371 | autoeft.projection.prosmeftion.yProjection.indices | DEBUG    | The index colf1 will be rewritten with colf1.
2022-10-18 16:59:18,371 | autoeft.projection.prosmeftion.yProjection.indices | DEBUG    | The index flav2 will be rewritten with flav2.
2022-10-18 16:59:18,372 | autoeft.projection.prosmeftion.yProjection.indices | DEBUG    | The index Lslgauge11 will be rewritten with Lslgauge11.
2022-10-18 16:59:18,372 | autoeft.projection.prosmeftion.yProjection.indices | DEBUG    | The index Usldotgauge11 will be rewritten with Usldotgauge11.
2022-10-18 16:59:18,372 | autoeft.projection.prosmeftion.yProjection.indices | DEBUG    | The index gauge1 will be rewritten with gauge1.
2022-10-18 16:59:18,373 | autoeft.projection.prosmeftion.yProjection.indices | DEBUG    | The index gauge2a will be rewritten with gauge2a.
2022-10-18 16:59:18,376 | autoeft.projection.prosmeftion.yProjection.indices | DEBUG    | The index Usldotspin111 will be rewritten with Usldotspin111.
2022-10-18 16:59:18,377 | autoeft.projection.prosmeftion.yProjection.indices | DEBUG    | The index gauge1a will be rewritten with gauge1a.
2022-10-18 16:59:18,377 | autoeft.projection.prosmeftion.yProjection.indices | DEBUG    | The index colf1a will be rewritten with colf1a.
2022-10-18 16:59:18,378 | autoeft.projection.prosmeftion.yProjection.indices | DEBUG    | The index colf1b will be rewritten with colf1b.
2022-10-18 16:59:18,378 | autoeft.projection.prosmeftion.yProjection.indices | DEBUG    | The index flav1 will be rewritten with flav1.
2022-10-18 16:59:18,385 | autoeft.projection.prosmeftion.yProjection.indices | DEBUG    | The index Uslgauge11 will be deleted.
2022-10-18 16:59:18,388 | autoeft.projection.prosmeftion.yProjection.indices | DEBUG    | The index Uslspin22 will be deleted.
2022-10-18 16:59:18,388 | autoeft.projection.prosmeftion.yProjection.indices | DEBUG    | The index Lsldotgauge11 will be deleted.
2022-10-18 16:59:18,389 | autoeft.projection.prosmeftion.yProjection.indices | DEBUG    | The index Lsldotspin111 will be deleted.
2022-10-18 16:59:18,389 | autoeft.projection.prosmeftion.yProjection.operators | DEBUG    | The operator(s) [sl2Ceps](Uslgauge11,Uslspin22)*[sl2Ceps](Lsldotgauge11,Lsldotspin111) will be deleted.
2022-10-18 16:59:18,389 | autoeft.projection.prosmeftion.yProjection.indices | DEBUG    | The index Uslgauge11 will be deleted.
2022-10-18 16:59:18,390 | autoeft.projection.prosmeftion.yProjection.indices | DEBUG    | The index Uslspin22 will be deleted.
2022-10-18 16:59:18,390 | autoeft.projection.prosmeftion.yProjection.indices | DEBUG    | The index flav1 will be deleted.
2022-10-18 16:59:18,390 | autoeft.projection.prosmeftion.yProjection.indices | DEBUG    | The index flav3 will be deleted.
2022-10-18 16:59:18,391 | autoeft.projection.prosmeftion.yProjection.indices | DEBUG    | The index Uslgauge11 will be deleted.
2022-10-18 16:59:18,391 | autoeft.projection.prosmeftion.yProjection.indices | DEBUG    | The index Uslspin22 will be deleted.
2022-10-18 16:59:18,391 | autoeft.projection.prosmeftion.yProjection.indices | DEBUG    | The index flav3 will be deleted.
2022-10-18 16:59:18,391 | autoeft.projection.prosmeftion.yProjection.indices | DEBUG    | The index flav2 will be deleted.
2022-10-18 16:59:18,392 | autoeft.projection.prosmeftion.yProjection.indices | DEBUG    | The index Uslgauge11 will be deleted.
2022-10-18 16:59:18,393 | autoeft.projection.prosmeftion.yProjection.indices | DEBUG    | The index Uslspin22 will be deleted.
2022-10-18 16:59:18,393 | autoeft.projection.prosmeftion.yProjection.indices | DEBUG    | The index gauge2 will be deleted.
2022-10-18 16:59:18,393 | autoeft.projection.prosmeftion.yProjection.indices | DEBUG    | The index gauge2a will be deleted.
2022-10-18 16:59:18,394 | autoeft.projection.prosmeftion.yProjection.indices | DEBUG    | The index Uslgauge11 will be deleted.
2022-10-18 16:59:18,394 | autoeft.projection.prosmeftion.yProjection.indices | DEBUG    | The index Uslspin22 will be deleted.
2022-10-18 16:59:18,395 | autoeft.projection.prosmeftion.yProjection.indices | DEBUG    | The index gauge1 will be deleted.
2022-10-18 16:59:18,395 | autoeft.projection.prosmeftion.yProjection.indices | DEBUG    | The index gauge1a will be deleted.
2022-10-18 16:59:18,395 | autoeft.projection.prosmeftion.yProjection.indices | DEBUG    | The index Uslgauge11 will be deleted.
2022-10-18 16:59:18,396 | autoeft.projection.prosmeftion.yProjection.indices | DEBUG    | The index Uslspin22 will be deleted.
2022-10-18 16:59:18,396 | autoeft.projection.prosmeftion.yProjection.indices | DEBUG    | The index colf1 will be deleted.
2022-10-18 16:59:18,397 | autoeft.projection.prosmeftion.yProjection.indices | DEBUG    | The index colf1a will be deleted.
2022-10-18 16:59:18,397 | autoeft.projection.prosmeftion.yProjection.indices | DEBUG    | The index colf1b will be deleted.
2022-10-18 16:59:18,398 | autoeft.projection.prosmeftion.yProjection.indices | DEBUG    | The index Uslgauge11 will be deleted.
2022-10-18 16:59:18,399 | autoeft.projection.prosmeftion.yProjection.indices | DEBUG    | The index Uslspin22 will be deleted.
2022-10-18 16:59:18,400 | autoeft.projection.prosmeftion.yProjection.indices | DEBUG    | The index Uslgauge11 will be deleted.
2022-10-18 16:59:18,400 | autoeft.projection.prosmeftion.yProjection.indices | DEBUG    | The index Uslspin22 will be deleted.
2022-10-18 16:59:18,402 | autoeft.projection.prosmeftion.yProjection.indices | DEBUG    | The index Lsldotgauge11 will be deleted.
2022-10-18 16:59:18,404 | autoeft.projection.prosmeftion.yProjection.indices | DEBUG    | The index Lsldotspin111 will be deleted.
2022-10-18 16:59:18,405 | autoeft.projection.prosmeftion.yProjection.indices | DEBUG    | The index flav1 will be deleted.
2022-10-18 16:59:18,405 | autoeft.projection.prosmeftion.yProjection.indices | DEBUG    | The index flav3 will be deleted.
2022-10-18 16:59:18,406 | autoeft.projection.prosmeftion.yProjection.indices | DEBUG    | The index Lsldotgauge11 will be deleted.
2022-10-18 16:59:18,406 | autoeft.projection.prosmeftion.yProjection.indices | DEBUG    | The index Lsldotspin111 will be deleted.
2022-10-18 16:59:18,406 | autoeft.projection.prosmeftion.yProjection.indices | DEBUG    | The index flav3 will be deleted.
2022-10-18 16:59:18,407 | autoeft.projection.prosmeftion.yProjection.indices | DEBUG    | The index flav2 will be deleted.
2022-10-18 16:59:18,407 | autoeft.projection.prosmeftion.yProjection.indices | DEBUG    | The index Lsldotgauge11 will be deleted.
2022-10-18 16:59:18,409 | autoeft.projection.prosmeftion.yProjection.indices | DEBUG    | The index Lsldotspin111 will be deleted.
2022-10-18 16:59:18,409 | autoeft.projection.prosmeftion.yProjection.indices | DEBUG    | The index gauge2 will be deleted.
2022-10-18 16:59:18,410 | autoeft.projection.prosmeftion.yProjection.indices | DEBUG    | The index gauge2a will be deleted.
2022-10-18 16:59:18,411 | autoeft.projection.prosmeftion.yProjection.indices | DEBUG    | The index Lsldotgauge11 will be deleted.
2022-10-18 16:59:18,411 | autoeft.projection.prosmeftion.yProjection.indices | DEBUG    | The index Lsldotspin111 will be deleted.
2022-10-18 16:59:18,412 | autoeft.projection.prosmeftion.yProjection.indices | DEBUG    | The index gauge1 will be deleted.
2022-10-18 16:59:18,413 | autoeft.projection.prosmeftion.yProjection.indices | DEBUG    | The index gauge1a will be deleted.
2022-10-18 16:59:18,415 | autoeft.projection.prosmeftion.yProjection.indices | DEBUG    | The index Lsldotgauge11 will be deleted.
2022-10-18 16:59:18,416 | autoeft.projection.prosmeftion.yProjection.indices | DEBUG    | The index Lsldotspin111 will be deleted.
2022-10-18 16:59:18,417 | autoeft.projection.prosmeftion.yProjection.indices | DEBUG    | The index colf1 will be deleted.
2022-10-18 16:59:18,417 | autoeft.projection.prosmeftion.yProjection.indices | DEBUG    | The index colf1a will be deleted.
2022-10-18 16:59:18,419 | autoeft.projection.prosmeftion.yProjection.indices | DEBUG    | The index colf1b will be deleted.
2022-10-18 16:59:18,421 | autoeft.projection.prosmeftion.yProjection.indices | DEBUG    | The index Lsldotgauge11 will be deleted.
2022-10-18 16:59:18,421 | autoeft.projection.prosmeftion.yProjection.indices | DEBUG    | The index Lsldotspin111 will be deleted.
2022-10-18 16:59:18,422 | autoeft.projection.prosmeftion.yProjection.indices | DEBUG    | The index Lsldotgauge11 will be deleted.
2022-10-18 16:59:18,423 | autoeft.projection.prosmeftion.yProjection.indices | DEBUG    | The index Lsldotspin111 will be deleted.
2022-10-18 16:59:18,424 | autoeft.projection.prosmeftion.yProjection.indices | DEBUG    | The index Uslspin22 will be deleted.
2022-10-18 16:59:18,424 | autoeft.projection.prosmeftion.yProjection.indices | DEBUG    | The index Uslgauge11 will be deleted.
2022-10-18 16:59:18,425 | autoeft.projection.prosmeftion.yProjection.operators | DEBUG    | The operator(s) [sl2Ceps](Uslspin22,Uslgauge11) will be appended.
2022-10-18 16:59:18,425 | autoeft.projection.prosmeftion.yProjection.indices | DEBUG    | The index Lsldotgauge11 will be deleted.
2022-10-18 16:59:18,426 | autoeft.projection.prosmeftion.yProjection.indices | DEBUG    | The index Lsldotspin111 will be deleted.
2022-10-18 16:59:18,426 | autoeft.projection.prosmeftion.yProjection.operators | DEBUG    | The operator(s) [sl2Ceps](Lsldotgauge11,Lsldotspin111) will be appended.
2022-10-18 16:59:18,427 | autoeft.projection.prosmeftion.yProjection.indices | DEBUG    | The index Lslspin22 will be deleted.
2022-10-18 16:59:18,427 | autoeft.projection.prosmeftion.yProjection.indices | DEBUG    | The index Lslgauge11 will be deleted.
2022-10-18 16:59:18,428 | autoeft.projection.prosmeftion.yProjection.indices | DEBUG    | The index Usldotgauge11 will be deleted.
2022-10-18 16:59:18,428 | autoeft.projection.prosmeftion.yProjection.indices | DEBUG    | The index Usldotspin111 will be deleted.
2022-10-18 16:59:18,429 | autoeft.projection.prosmeftion.yProjection.indices | DEBUG    | The index Lslspin22 will be appended.
2022-10-18 16:59:18,429 | autoeft.projection.prosmeftion.yProjection.indices | DEBUG    | The index Lslgauge11 will be appended.
2022-10-18 16:59:18,429 | autoeft.projection.prosmeftion.yProjection.indices | DEBUG    | The index Usldotgauge11 will be appended.
2022-10-18 16:59:18,430 | autoeft.projection.prosmeftion.yProjection.indices | DEBUG    | The index Usldotspin111 will be appended.
2022-10-18 16:59:18,430 | autoeft.projection.prosmeftion.yProjection.indices | DEBUG    | The index flav1 will be deleted.
2022-10-18 16:59:18,431 | autoeft.projection.prosmeftion.yProjection.indices | DEBUG    | The index flav3 will be deleted.
2022-10-18 16:59:18,431 | autoeft.projection.prosmeftion.yProjection.indices | DEBUG    | The index flav3 will be deleted.
2022-10-18 16:59:18,431 | autoeft.projection.prosmeftion.yProjection.indices | DEBUG    | The index flav2 will be deleted.
2022-10-18 16:59:18,432 | autoeft.projection.prosmeftion.yProjection.indices | DEBUG    | The index gauge2 will be deleted.
2022-10-18 16:59:18,432 | autoeft.projection.prosmeftion.yProjection.indices | DEBUG    | The index gauge2a will be deleted.
2022-10-18 16:59:18,432 | autoeft.projection.prosmeftion.yProjection.indices | DEBUG    | The index gauge1 will be deleted.
2022-10-18 16:59:18,433 | autoeft.projection.prosmeftion.yProjection.indices | DEBUG    | The index gauge1a will be deleted.
2022-10-18 16:59:18,433 | autoeft.projection.prosmeftion.yProjection.indices | DEBUG    | The index colf1 will be deleted.
2022-10-18 16:59:18,433 | autoeft.projection.prosmeftion.yProjection.indices | DEBUG    | The index colf1a will be deleted.
2022-10-18 16:59:18,434 | autoeft.projection.prosmeftion.yProjection.indices | DEBUG    | The index colf1b will be deleted.
2022-10-18 16:59:18,434 | autoeft.projection.prosmeftion.yProjection.indices | DEBUG    | The index Uslspin22 will be deleted.
2022-10-18 16:59:18,434 | autoeft.projection.prosmeftion.yProjection.indices | DEBUG    | The index Uslgauge11 will be deleted.
2022-10-18 16:59:18,435 | autoeft.projection.prosmeftion.yProjection.indices | DEBUG    | The index Lsldotgauge11 will be deleted.
2022-10-18 16:59:18,435 | autoeft.projection.prosmeftion.yProjection.indices | DEBUG    | The index Lsldotspin111 will be deleted.
2022-10-18 16:59:18,436 | autoeft.projection.prosmeftion.yProjection.operator | DEBUG    | Expression changed from D(Lslgauge11,Usldotgauge11,H(gauge1)) to H(gauge1).
2022-10-18 16:59:18,437 | autoeft.projection.prosmeftion.yProjection.operator | DEBUG    | Expression changed from [H+](gauge2a) to D(Lslgauge11,Usldotgauge11,[H+](gauge2a)).
2022-10-18 16:59:18,440 | autoeft.projection.prosmeftion.lor_projection | INFO     | (((1/2)*(+Ms^-2*(+1)))*(1))*yd(flav1,flav3)*[yd+](flav3,flav2)*[su2eps](gauge2,gauge2a)*[su2eps](gauge1,gauge1a)*[su3eps](colf1,colf1a,colf1b)*[sl2Ceps](Uslspin22,Uslgauge11)*[sl2Ceps](Lsldotgauge11,Lsldotspin111)*Q(Lslspin22,gauge2,colf1,flav2)*H(gauge1)*D(Lslgauge11,Usldotgauge11,[H+](gauge2a))*[Q+](Usldotspin111,gauge1a,colf1a,colf1b,flav1)
2022-10-18 16:59:18,442 | autoeft.projection.prosmeftion.lor_projection | INFO     | factor:
Fraction(1, 1)
l_tab:
---------
|1-False|
---------
|4-1|
-----

r_tab:
-----
|4-1|
-----
|4-False|
---------

2022-10-18 16:59:18,595 | autoeft.projection.prosmeftion | DEBUG    | form -p /mnt/c/Users/jakob/OneDrive - Students RWTH Aachen University/Physik/9Physik/ws21/Masterthesis/autoeft/projection/form_files/general get_dimension.frm
2022-10-18 16:59:18,814 | autoeft.projection.prosmeftion | DEBUG    | form -p /mnt/c/Users/jakob/OneDrive - Students RWTH Aachen University/Physik/9Physik/ws21/Masterthesis/autoeft/projection/form_files/general get_dimension.frm
2022-10-18 16:59:18,987 | autoeft.projection.prosmeftion | DEBUG    | form -p /mnt/c/Users/jakob/OneDrive - Students RWTH Aachen University/Physik/9Physik/ws21/Masterthesis/autoeft/projection/form_files/general get_dimension.frm
2022-10-18 16:59:19,017 | autoeft.projection.prosmeftion.yProjection.indices | DEBUG    | The index flav1 will be deleted.
2022-10-18 16:59:19,018 | autoeft.projection.prosmeftion.yProjection.indices | DEBUG    | The index flav3 will be deleted.
2022-10-18 16:59:19,020 | autoeft.projection.prosmeftion.yProjection.indices | DEBUG    | The index flav1 will be rewritten with flav1.
2022-10-18 16:59:19,022 | autoeft.projection.prosmeftion.yProjection.indices | DEBUG    | The index flav3 will be rewritten with flav3.
2022-10-18 16:59:19,022 | autoeft.projection.prosmeftion.yProjection.indices | DEBUG    | The index flav3 will be deleted.
2022-10-18 16:59:19,023 | autoeft.projection.prosmeftion.yProjection.indices | DEBUG    | The index flav2 will be deleted.
2022-10-18 16:59:19,024 | autoeft.projection.prosmeftion.yProjection.indices | DEBUG    | The index flav3 will be rewritten with flav3.
2022-10-18 16:59:19,025 | autoeft.projection.prosmeftion.yProjection.indices | DEBUG    | The index flav2 will be rewritten with flav2.
2022-10-18 16:59:19,025 | autoeft.projection.prosmeftion.yProjection.indices | DEBUG    | The index gauge2 will be deleted.
2022-10-18 16:59:19,026 | autoeft.projection.prosmeftion.yProjection.indices | DEBUG    | The index gauge2a will be deleted.
2022-10-18 16:59:19,027 | autoeft.projection.prosmeftion.yProjection.indices | DEBUG    | The index gauge2 will be rewritten with gauge2.
2022-10-18 16:59:19,027 | autoeft.projection.prosmeftion.yProjection.indices | DEBUG    | The index gauge2a will be rewritten with gauge2a.
2022-10-18 16:59:19,028 | autoeft.projection.prosmeftion.yProjection.indices | DEBUG    | The index gauge1 will be deleted.
2022-10-18 16:59:19,029 | autoeft.projection.prosmeftion.yProjection.indices | DEBUG    | The index gauge1a will be deleted.
2022-10-18 16:59:19,032 | autoeft.projection.prosmeftion.yProjection.indices | DEBUG    | The index gauge1 will be rewritten with gauge1.
2022-10-18 16:59:19,033 | autoeft.projection.prosmeftion.yProjection.indices | DEBUG    | The index gauge1a will be rewritten with gauge1a.
2022-10-18 16:59:19,035 | autoeft.projection.prosmeftion.yProjection.indices | DEBUG    | The index colf1 will be deleted.
2022-10-18 16:59:19,035 | autoeft.projection.prosmeftion.yProjection.indices | DEBUG    | The index colf1a will be deleted.
2022-10-18 16:59:19,038 | autoeft.projection.prosmeftion.yProjection.indices | DEBUG    | The index colf1b will be deleted.
2022-10-18 16:59:19,040 | autoeft.projection.prosmeftion.yProjection.indices | DEBUG    | The index colf1 will be rewritten with colf1.
2022-10-18 16:59:19,040 | autoeft.projection.prosmeftion.yProjection.indices | DEBUG    | The index colf1a will be rewritten with colf1a.
2022-10-18 16:59:19,041 | autoeft.projection.prosmeftion.yProjection.indices | DEBUG    | The index colf1b will be rewritten with colf1b.
2022-10-18 16:59:19,041 | autoeft.projection.prosmeftion.yProjection.indices | DEBUG    | The index Uslgauge11 will be deleted.
2022-10-18 16:59:19,042 | autoeft.projection.prosmeftion.yProjection.indices | DEBUG    | The index Uslspin22 will be deleted.
2022-10-18 16:59:19,043 | autoeft.projection.prosmeftion.yProjection.indices | DEBUG    | The index Uslgauge11 will be rewritten with Uslgauge11.
2022-10-18 16:59:19,044 | autoeft.projection.prosmeftion.yProjection.indices | DEBUG    | The index Uslspin22 will be rewritten with Uslspin22.
2022-10-18 16:59:19,046 | autoeft.projection.prosmeftion.yProjection.indices | DEBUG    | The index Lsldotgauge11 will be deleted.
2022-10-18 16:59:19,047 | autoeft.projection.prosmeftion.yProjection.indices | DEBUG    | The index Lsldotspin111 will be deleted.
2022-10-18 16:59:19,050 | autoeft.projection.prosmeftion.yProjection.indices | DEBUG    | The index Lsldotgauge11 will be rewritten with Lsldotgauge11.
2022-10-18 16:59:19,052 | autoeft.projection.prosmeftion.yProjection.indices | DEBUG    | The index Lsldotspin111 will be rewritten with Lsldotspin111.
2022-10-18 16:59:19,053 | autoeft.projection.prosmeftion.yProjection.indices | DEBUG    | The index Lslspin22 will be rewritten with Lslspin22.
2022-10-18 16:59:19,056 | autoeft.projection.prosmeftion.yProjection.indices | DEBUG    | The index gauge2 will be rewritten with gauge2.
2022-10-18 16:59:19,058 | autoeft.projection.prosmeftion.yProjection.indices | DEBUG    | The index colf1 will be rewritten with colf1.
2022-10-18 16:59:19,059 | autoeft.projection.prosmeftion.yProjection.indices | DEBUG    | The index flav2 will be rewritten with flav2.
2022-10-18 16:59:19,060 | autoeft.projection.prosmeftion.yProjection.indices | DEBUG    | The index Lslgauge11 will be rewritten with Lslgauge11.
2022-10-18 16:59:19,061 | autoeft.projection.prosmeftion.yProjection.indices | DEBUG    | The index Usldotgauge11 will be rewritten with Usldotgauge11.
2022-10-18 16:59:19,061 | autoeft.projection.prosmeftion.yProjection.indices | DEBUG    | The index gauge1 will be rewritten with gauge1.
2022-10-18 16:59:19,063 | autoeft.projection.prosmeftion.yProjection.indices | DEBUG    | The index gauge2a will be rewritten with gauge2a.
2022-10-18 16:59:19,067 | autoeft.projection.prosmeftion.yProjection.indices | DEBUG    | The index Usldotspin111 will be rewritten with Usldotspin111.
2022-10-18 16:59:19,074 | autoeft.projection.prosmeftion.yProjection.indices | DEBUG    | The index gauge1a will be rewritten with gauge1a.
2022-10-18 16:59:19,075 | autoeft.projection.prosmeftion.yProjection.indices | DEBUG    | The index colf1a will be rewritten with colf1a.
2022-10-18 16:59:19,076 | autoeft.projection.prosmeftion.yProjection.indices | DEBUG    | The index colf1b will be rewritten with colf1b.
2022-10-18 16:59:19,077 | autoeft.projection.prosmeftion.yProjection.indices | DEBUG    | The index flav1 will be rewritten with flav1.
2022-10-18 16:59:19,083 | autoeft.projection.prosmeftion.yProjection.indices | DEBUG    | The index Uslgauge11 will be deleted.
2022-10-18 16:59:19,085 | autoeft.projection.prosmeftion.yProjection.indices | DEBUG    | The index Uslspin22 will be deleted.
2022-10-18 16:59:19,087 | autoeft.projection.prosmeftion.yProjection.indices | DEBUG    | The index Lsldotgauge11 will be deleted.
2022-10-18 16:59:19,088 | autoeft.projection.prosmeftion.yProjection.indices | DEBUG    | The index Lsldotspin111 will be deleted.
2022-10-18 16:59:19,090 | autoeft.projection.prosmeftion.yProjection.operators | DEBUG    | The operator(s) [sl2Ceps](Uslgauge11,Uslspin22)*[sl2Ceps](Lsldotgauge11,Lsldotspin111) will be deleted.
2022-10-18 16:59:19,092 | autoeft.projection.prosmeftion.yProjection.indices | DEBUG    | The index Uslgauge11 will be deleted.
2022-10-18 16:59:19,095 | autoeft.projection.prosmeftion.yProjection.indices | DEBUG    | The index Uslspin22 will be deleted.
2022-10-18 16:59:19,096 | autoeft.projection.prosmeftion.yProjection.indices | DEBUG    | The index flav1 will be deleted.
2022-10-18 16:59:19,097 | autoeft.projection.prosmeftion.yProjection.indices | DEBUG    | The index flav3 will be deleted.
2022-10-18 16:59:19,098 | autoeft.projection.prosmeftion.yProjection.indices | DEBUG    | The index Uslgauge11 will be deleted.
2022-10-18 16:59:19,098 | autoeft.projection.prosmeftion.yProjection.indices | DEBUG    | The index Uslspin22 will be deleted.
2022-10-18 16:59:19,099 | autoeft.projection.prosmeftion.yProjection.indices | DEBUG    | The index flav3 will be deleted.
2022-10-18 16:59:19,099 | autoeft.projection.prosmeftion.yProjection.indices | DEBUG    | The index flav2 will be deleted.
2022-10-18 16:59:19,100 | autoeft.projection.prosmeftion.yProjection.indices | DEBUG    | The index Uslgauge11 will be deleted.
2022-10-18 16:59:19,101 | autoeft.projection.prosmeftion.yProjection.indices | DEBUG    | The index Uslspin22 will be deleted.
2022-10-18 16:59:19,105 | autoeft.projection.prosmeftion.yProjection.indices | DEBUG    | The index gauge2 will be deleted.
2022-10-18 16:59:19,105 | autoeft.projection.prosmeftion.yProjection.indices | DEBUG    | The index gauge2a will be deleted.
2022-10-18 16:59:19,106 | autoeft.projection.prosmeftion.yProjection.indices | DEBUG    | The index Uslgauge11 will be deleted.
2022-10-18 16:59:19,106 | autoeft.projection.prosmeftion.yProjection.indices | DEBUG    | The index Uslspin22 will be deleted.
2022-10-18 16:59:19,107 | autoeft.projection.prosmeftion.yProjection.indices | DEBUG    | The index gauge1 will be deleted.
2022-10-18 16:59:19,108 | autoeft.projection.prosmeftion.yProjection.indices | DEBUG    | The index gauge1a will be deleted.
2022-10-18 16:59:19,109 | autoeft.projection.prosmeftion.yProjection.indices | DEBUG    | The index Uslgauge11 will be deleted.
2022-10-18 16:59:19,110 | autoeft.projection.prosmeftion.yProjection.indices | DEBUG    | The index Uslspin22 will be deleted.
2022-10-18 16:59:19,111 | autoeft.projection.prosmeftion.yProjection.indices | DEBUG    | The index colf1 will be deleted.
2022-10-18 16:59:19,112 | autoeft.projection.prosmeftion.yProjection.indices | DEBUG    | The index colf1a will be deleted.
2022-10-18 16:59:19,112 | autoeft.projection.prosmeftion.yProjection.indices | DEBUG    | The index colf1b will be deleted.
2022-10-18 16:59:19,113 | autoeft.projection.prosmeftion.yProjection.indices | DEBUG    | The index Uslgauge11 will be deleted.
2022-10-18 16:59:19,113 | autoeft.projection.prosmeftion.yProjection.indices | DEBUG    | The index Uslspin22 will be deleted.
2022-10-18 16:59:19,114 | autoeft.projection.prosmeftion.yProjection.indices | DEBUG    | The index Uslgauge11 will be deleted.
2022-10-18 16:59:19,114 | autoeft.projection.prosmeftion.yProjection.indices | DEBUG    | The index Uslspin22 will be deleted.
2022-10-18 16:59:19,115 | autoeft.projection.prosmeftion.yProjection.indices | DEBUG    | The index Lsldotgauge11 will be deleted.
2022-10-18 16:59:19,115 | autoeft.projection.prosmeftion.yProjection.indices | DEBUG    | The index Lsldotspin111 will be deleted.
2022-10-18 16:59:19,116 | autoeft.projection.prosmeftion.yProjection.indices | DEBUG    | The index flav1 will be deleted.
2022-10-18 16:59:19,116 | autoeft.projection.prosmeftion.yProjection.indices | DEBUG    | The index flav3 will be deleted.
2022-10-18 16:59:19,117 | autoeft.projection.prosmeftion.yProjection.indices | DEBUG    | The index Lsldotgauge11 will be deleted.
2022-10-18 16:59:19,121 | autoeft.projection.prosmeftion.yProjection.indices | DEBUG    | The index Lsldotspin111 will be deleted.
2022-10-18 16:59:19,122 | autoeft.projection.prosmeftion.yProjection.indices | DEBUG    | The index flav3 will be deleted.
2022-10-18 16:59:19,122 | autoeft.projection.prosmeftion.yProjection.indices | DEBUG    | The index flav2 will be deleted.
2022-10-18 16:59:19,123 | autoeft.projection.prosmeftion.yProjection.indices | DEBUG    | The index Lsldotgauge11 will be deleted.
2022-10-18 16:59:19,123 | autoeft.projection.prosmeftion.yProjection.indices | DEBUG    | The index Lsldotspin111 will be deleted.
2022-10-18 16:59:19,124 | autoeft.projection.prosmeftion.yProjection.indices | DEBUG    | The index gauge2 will be deleted.
2022-10-18 16:59:19,124 | autoeft.projection.prosmeftion.yProjection.indices | DEBUG    | The index gauge2a will be deleted.
2022-10-18 16:59:19,125 | autoeft.projection.prosmeftion.yProjection.indices | DEBUG    | The index Lsldotgauge11 will be deleted.
2022-10-18 16:59:19,125 | autoeft.projection.prosmeftion.yProjection.indices | DEBUG    | The index Lsldotspin111 will be deleted.
2022-10-18 16:59:19,125 | autoeft.projection.prosmeftion.yProjection.indices | DEBUG    | The index gauge1 will be deleted.
2022-10-18 16:59:19,126 | autoeft.projection.prosmeftion.yProjection.indices | DEBUG    | The index gauge1a will be deleted.
2022-10-18 16:59:19,126 | autoeft.projection.prosmeftion.yProjection.indices | DEBUG    | The index Lsldotgauge11 will be deleted.
2022-10-18 16:59:19,126 | autoeft.projection.prosmeftion.yProjection.indices | DEBUG    | The index Lsldotspin111 will be deleted.
2022-10-18 16:59:19,127 | autoeft.projection.prosmeftion.yProjection.indices | DEBUG    | The index colf1 will be deleted.
2022-10-18 16:59:19,127 | autoeft.projection.prosmeftion.yProjection.indices | DEBUG    | The index colf1a will be deleted.
2022-10-18 16:59:19,128 | autoeft.projection.prosmeftion.yProjection.indices | DEBUG    | The index colf1b will be deleted.
2022-10-18 16:59:19,128 | autoeft.projection.prosmeftion.yProjection.indices | DEBUG    | The index Lsldotgauge11 will be deleted.
2022-10-18 16:59:19,128 | autoeft.projection.prosmeftion.yProjection.indices | DEBUG    | The index Lsldotspin111 will be deleted.
2022-10-18 16:59:19,129 | autoeft.projection.prosmeftion.yProjection.indices | DEBUG    | The index Lsldotgauge11 will be deleted.
2022-10-18 16:59:19,129 | autoeft.projection.prosmeftion.yProjection.indices | DEBUG    | The index Lsldotspin111 will be deleted.
2022-10-18 16:59:19,129 | autoeft.projection.prosmeftion.yProjection.indices | DEBUG    | The index Uslspin22 will be deleted.
2022-10-18 16:59:19,130 | autoeft.projection.prosmeftion.yProjection.indices | DEBUG    | The index Uslgauge11 will be deleted.
2022-10-18 16:59:19,130 | autoeft.projection.prosmeftion.yProjection.operators | DEBUG    | The operator(s) [sl2Ceps](Uslspin22,Uslgauge11) will be appended.
2022-10-18 16:59:19,130 | autoeft.projection.prosmeftion.yProjection.indices | DEBUG    | The index Lsldotgauge11 will be deleted.
2022-10-18 16:59:19,131 | autoeft.projection.prosmeftion.yProjection.indices | DEBUG    | The index Lsldotspin111 will be deleted.
2022-10-18 16:59:19,131 | autoeft.projection.prosmeftion.yProjection.operators | DEBUG    | The operator(s) [sl2Ceps](Lsldotgauge11,Lsldotspin111) will be appended.
2022-10-18 16:59:19,131 | autoeft.projection.prosmeftion.yProjection.indices | DEBUG    | The index Lslspin22 will be deleted.
2022-10-18 16:59:19,132 | autoeft.projection.prosmeftion.yProjection.indices | DEBUG    | The index Lslgauge11 will be deleted.
2022-10-18 16:59:19,132 | autoeft.projection.prosmeftion.yProjection.indices | DEBUG    | The index Usldotgauge11 will be deleted.
2022-10-18 16:59:19,132 | autoeft.projection.prosmeftion.yProjection.indices | DEBUG    | The index Usldotspin111 will be deleted.
2022-10-18 16:59:19,133 | autoeft.projection.prosmeftion.yProjection.indices | DEBUG    | The index Lslspin22 will be appended.
2022-10-18 16:59:19,133 | autoeft.projection.prosmeftion.yProjection.indices | DEBUG    | The index Lslgauge11 will be appended.
2022-10-18 16:59:19,134 | autoeft.projection.prosmeftion.yProjection.indices | DEBUG    | The index Usldotgauge11 will be appended.
2022-10-18 16:59:19,135 | autoeft.projection.prosmeftion.yProjection.indices | DEBUG    | The index Usldotspin111 will be appended.
2022-10-18 16:59:19,135 | autoeft.projection.prosmeftion.yProjection.indices | DEBUG    | The index flav1 will be deleted.
2022-10-18 16:59:19,140 | autoeft.projection.prosmeftion.yProjection.indices | DEBUG    | The index flav3 will be deleted.
2022-10-18 16:59:19,141 | autoeft.projection.prosmeftion.yProjection.indices | DEBUG    | The index flav3 will be deleted.
2022-10-18 16:59:19,142 | autoeft.projection.prosmeftion.yProjection.indices | DEBUG    | The index flav2 will be deleted.
2022-10-18 16:59:19,143 | autoeft.projection.prosmeftion.yProjection.indices | DEBUG    | The index gauge2 will be deleted.
2022-10-18 16:59:19,145 | autoeft.projection.prosmeftion.yProjection.indices | DEBUG    | The index gauge2a will be deleted.
2022-10-18 16:59:19,145 | autoeft.projection.prosmeftion.yProjection.indices | DEBUG    | The index gauge1 will be deleted.
2022-10-18 16:59:19,146 | autoeft.projection.prosmeftion.yProjection.indices | DEBUG    | The index gauge1a will be deleted.
2022-10-18 16:59:19,147 | autoeft.projection.prosmeftion.yProjection.indices | DEBUG    | The index colf1 will be deleted.
2022-10-18 16:59:19,147 | autoeft.projection.prosmeftion.yProjection.indices | DEBUG    | The index colf1a will be deleted.
2022-10-18 16:59:19,148 | autoeft.projection.prosmeftion.yProjection.indices | DEBUG    | The index colf1b will be deleted.
2022-10-18 16:59:19,149 | autoeft.projection.prosmeftion.yProjection.indices | DEBUG    | The index Uslspin22 will be deleted.
2022-10-18 16:59:19,150 | autoeft.projection.prosmeftion.yProjection.indices | DEBUG    | The index Uslgauge11 will be deleted.
2022-10-18 16:59:19,151 | autoeft.projection.prosmeftion.yProjection.indices | DEBUG    | The index Lsldotgauge11 will be deleted.
2022-10-18 16:59:19,152 | autoeft.projection.prosmeftion.yProjection.indices | DEBUG    | The index Lsldotspin111 will be deleted.
2022-10-18 16:59:19,154 | autoeft.projection.prosmeftion.yProjection.operator | DEBUG    | Expression changed from D(Lslgauge11,Usldotgauge11,H(gauge1)) to H(gauge1).
2022-10-18 16:59:19,156 | autoeft.projection.prosmeftion.yProjection.operator | DEBUG    | Expression changed from [Q+](Usldotspin111,gauge1a,colf1a,colf1b,flav1) to D(Lslgauge11,Usldotgauge11,[Q+](Usldotspin111,gauge1a,colf1a,colf1b,flav1)).
2022-10-18 16:59:19,159 | autoeft.projection.prosmeftion.lor_projection | INFO     | (((1/2)*(+Ms^-2*(+1)))*(1))*yd(flav1,flav3)*[yd+](flav3,flav2)*[su2eps](gauge2,gauge2a)*[su2eps](gauge1,gauge1a)*[su3eps](colf1,colf1a,colf1b)*[sl2Ceps](Uslspin22,Uslgauge11)*[sl2Ceps](Lsldotgauge11,Lsldotspin111)*Q(Lslspin22,gauge2,colf1,flav2)*H(gauge1)*[H+](gauge2a)*D(Lslgauge11,Usldotgauge11,[Q+](Usldotspin111,gauge1a,colf1a,colf1b,flav1))
2022-10-18 16:59:19,259 | autoeft.projection.prosmeftion | DEBUG    | form -p /mnt/c/Users/jakob/OneDrive - Students RWTH Aachen University/Physik/9Physik/ws21/Masterthesis/autoeft/projection/form_files/general get_dimension.frm
2022-10-18 16:59:19,358 | autoeft.projection.prosmeftion | DEBUG    | form -p /mnt/c/Users/jakob/OneDrive - Students RWTH Aachen University/Physik/9Physik/ws21/Masterthesis/autoeft/projection/form_files/general get_dimension.frm
2022-10-18 16:59:19,449 | autoeft.projection.prosmeftion | DEBUG    | form -p /mnt/c/Users/jakob/OneDrive - Students RWTH Aachen University/Physik/9Physik/ws21/Masterthesis/autoeft/projection/form_files/general get_dimension.frm
2022-10-18 16:59:19,523 | autoeft.projection.prosmeftion | DEBUG    | form -p /mnt/c/Users/jakob/OneDrive - Students RWTH Aachen University/Physik/9Physik/ws21/Masterthesis/autoeft/projection/form_files/general get_dimension.frm
2022-10-18 16:59:19,591 | autoeft.projection.prosmeftion | DEBUG    | form -p /mnt/c/Users/jakob/OneDrive - Students RWTH Aachen University/Physik/9Physik/ws21/Masterthesis/autoeft/projection/form_files/general get_dimension.frm
2022-10-18 16:59:19,658 | autoeft.projection.prosmeftion | DEBUG    | form -p /mnt/c/Users/jakob/OneDrive - Students RWTH Aachen University/Physik/9Physik/ws21/Masterthesis/autoeft/projection/form_files/general get_dimension.frm
2022-10-18 16:59:19,676 | autoeft.projection.prosmeftion.sun_projection | INFO     | Sort fields by type, indicated by a tuple filled with integers. They specify the number of fields in the single summand in the following order: BL WL L Q dC eC uC H H+ L+ Q+ dC+ eC+ uC+ BL+ WL+
2022-10-18 16:59:19,677 | autoeft.projection.prosmeftion.yProjection.indices | DEBUG    | The index flav1 will be deleted.
2022-10-18 16:59:19,677 | autoeft.projection.prosmeftion.yProjection.indices | DEBUG    | The index flav3 will be deleted.
2022-10-18 16:59:19,678 | autoeft.projection.prosmeftion.yProjection.indices | DEBUG    | The index flav3 will be deleted.
2022-10-18 16:59:19,678 | autoeft.projection.prosmeftion.yProjection.indices | DEBUG    | The index flav2 will be deleted.
2022-10-18 16:59:19,678 | autoeft.projection.prosmeftion.yProjection.indices | DEBUG    | The index gauge2 will be deleted.
2022-10-18 16:59:19,679 | autoeft.projection.prosmeftion.yProjection.indices | DEBUG    | The index gauge2a will be deleted.
2022-10-18 16:59:19,679 | autoeft.projection.prosmeftion.yProjection.indices | DEBUG    | The index gauge1 will be deleted.
2022-10-18 16:59:19,679 | autoeft.projection.prosmeftion.yProjection.indices | DEBUG    | The index gauge1a will be deleted.
2022-10-18 16:59:19,680 | autoeft.projection.prosmeftion.yProjection.indices | DEBUG    | The index colf1 will be deleted.
2022-10-18 16:59:19,680 | autoeft.projection.prosmeftion.yProjection.indices | DEBUG    | The index colf1a will be deleted.
2022-10-18 16:59:19,680 | autoeft.projection.prosmeftion.yProjection.indices | DEBUG    | The index colf1b will be deleted.
2022-10-18 16:59:19,681 | autoeft.projection.prosmeftion.yProjection.indices | DEBUG    | The index Uslspin22 will be deleted.
2022-10-18 16:59:19,681 | autoeft.projection.prosmeftion.yProjection.indices | DEBUG    | The index Uslgauge11 will be deleted.
2022-10-18 16:59:19,681 | autoeft.projection.prosmeftion.yProjection.indices | DEBUG    | The index Lsldotgauge11 will be deleted.
2022-10-18 16:59:19,681 | autoeft.projection.prosmeftion.yProjection.indices | DEBUG    | The index Lsldotspin111 will be deleted.
2022-10-18 16:59:19,682 | autoeft.projection.prosmeftion.yProjection.operator | DEBUG    | Expression changed from Q(Lslspin22,gauge2,colf1,flav2) to D(Lslgauge11,Usldotgauge11,Q(Lslspin22,gauge2,colf1,flav2)).
2022-10-18 16:59:19,682 | autoeft.projection.prosmeftion.yProjection.operator | DEBUG    | Expression changed from D(Lslgauge11,Usldotgauge11,H(gauge1)) to H(gauge1).
2022-10-18 16:59:19,684 | autoeft.projection.prosmeftion.yProjection.indices | DEBUG    | The index flav1 will be deleted.
2022-10-18 16:59:19,684 | autoeft.projection.prosmeftion.yProjection.indices | DEBUG    | The index flav3 will be deleted.
2022-10-18 16:59:19,684 | autoeft.projection.prosmeftion.yProjection.indices | DEBUG    | The index flav3 will be deleted.
2022-10-18 16:59:19,685 | autoeft.projection.prosmeftion.yProjection.indices | DEBUG    | The index flav2 will be deleted.
2022-10-18 16:59:19,685 | autoeft.projection.prosmeftion.yProjection.indices | DEBUG    | The index gauge2 will be deleted.
2022-10-18 16:59:19,686 | autoeft.projection.prosmeftion.yProjection.indices | DEBUG    | The index gauge2a will be deleted.
2022-10-18 16:59:19,686 | autoeft.projection.prosmeftion.yProjection.indices | DEBUG    | The index gauge1 will be deleted.
2022-10-18 16:59:19,687 | autoeft.projection.prosmeftion.yProjection.indices | DEBUG    | The index gauge1a will be deleted.
2022-10-18 16:59:19,687 | autoeft.projection.prosmeftion.yProjection.indices | DEBUG    | The index colf1 will be deleted.
2022-10-18 16:59:19,687 | autoeft.projection.prosmeftion.yProjection.indices | DEBUG    | The index colf1a will be deleted.
2022-10-18 16:59:19,688 | autoeft.projection.prosmeftion.yProjection.indices | DEBUG    | The index colf1b will be deleted.
2022-10-18 16:59:19,688 | autoeft.projection.prosmeftion.yProjection.indices | DEBUG    | The index Uslspin22 will be deleted.
2022-10-18 16:59:19,688 | autoeft.projection.prosmeftion.yProjection.indices | DEBUG    | The index Uslgauge11 will be deleted.
2022-10-18 16:59:19,689 | autoeft.projection.prosmeftion.yProjection.indices | DEBUG    | The index Lsldotgauge11 will be deleted.
2022-10-18 16:59:19,689 | autoeft.projection.prosmeftion.yProjection.indices | DEBUG    | The index Lsldotspin111 will be deleted.
2022-10-18 16:59:19,690 | autoeft.projection.prosmeftion.yProjection.operator | DEBUG    | Expression changed from D(Lslgauge11,Usldotgauge11,H(gauge1)) to H(gauge1).
2022-10-18 16:59:19,691 | autoeft.projection.prosmeftion.yProjection.operator | DEBUG    | Expression changed from [H+](gauge2a) to D(Lslgauge11,Usldotgauge11,[H+](gauge2a)).
2022-10-18 16:59:19,693 | autoeft.projection.prosmeftion.yProjection.indices | DEBUG    | The index flav1 will be deleted.
2022-10-18 16:59:19,694 | autoeft.projection.prosmeftion.yProjection.indices | DEBUG    | The index flav3 will be deleted.
2022-10-18 16:59:19,694 | autoeft.projection.prosmeftion.yProjection.indices | DEBUG    | The index flav3 will be deleted.
2022-10-18 16:59:19,695 | autoeft.projection.prosmeftion.yProjection.indices | DEBUG    | The index flav2 will be deleted.
2022-10-18 16:59:19,695 | autoeft.projection.prosmeftion.yProjection.indices | DEBUG    | The index gauge2 will be deleted.
2022-10-18 16:59:19,695 | autoeft.projection.prosmeftion.yProjection.indices | DEBUG    | The index gauge2a will be deleted.
2022-10-18 16:59:19,696 | autoeft.projection.prosmeftion.yProjection.indices | DEBUG    | The index gauge1 will be deleted.
2022-10-18 16:59:19,696 | autoeft.projection.prosmeftion.yProjection.indices | DEBUG    | The index gauge1a will be deleted.
2022-10-18 16:59:19,697 | autoeft.projection.prosmeftion.yProjection.indices | DEBUG    | The index colf1 will be deleted.
2022-10-18 16:59:19,697 | autoeft.projection.prosmeftion.yProjection.indices | DEBUG    | The index colf1a will be deleted.
2022-10-18 16:59:19,697 | autoeft.projection.prosmeftion.yProjection.indices | DEBUG    | The index colf1b will be deleted.
2022-10-18 16:59:19,698 | autoeft.projection.prosmeftion.yProjection.indices | DEBUG    | The index Uslspin22 will be deleted.
2022-10-18 16:59:19,698 | autoeft.projection.prosmeftion.yProjection.indices | DEBUG    | The index Uslgauge11 will be deleted.
2022-10-18 16:59:19,698 | autoeft.projection.prosmeftion.yProjection.indices | DEBUG    | The index Lsldotgauge11 will be deleted.
2022-10-18 16:59:19,699 | autoeft.projection.prosmeftion.yProjection.indices | DEBUG    | The index Lsldotspin111 will be deleted.
2022-10-18 16:59:19,700 | autoeft.projection.prosmeftion.yProjection.operator | DEBUG    | Expression changed from D(Lslgauge11,Usldotgauge11,H(gauge1)) to H(gauge1).
2022-10-18 16:59:19,702 | autoeft.projection.prosmeftion.yProjection.operator | DEBUG    | Expression changed from [Q+](Usldotspin111,gauge1a,colf1a,colf1b,flav1) to D(Lslgauge11,Usldotgauge11,[Q+](Usldotspin111,gauge1a,colf1a,colf1b,flav1)).
2022-10-18 16:59:19,757 | autoeft.projection.prosmeftion | DEBUG    | form -p /mnt/c/Users/jakob/OneDrive - Students RWTH Aachen University/Physik/9Physik/ws21/Masterthesis/autoeft/projection/form_files/general get_dimension.frm
2022-10-18 16:59:19,769 | autoeft.projection.prosmeftion.lor_projection | INFO     | Find EOMs in term Q1H0H+0Q+0.
2022-10-18 16:59:19,782 | autoeft.projection.prosmeftion.yProjection.indices | DEBUG    | The index gauge3 will be appended.
2022-10-18 16:59:19,783 | autoeft.projection.prosmeftion.yProjection.indices | DEBUG    | The index gauge4 will be appended.
2022-10-18 16:59:19,783 | autoeft.projection.prosmeftion.yProjection.indices | DEBUG    | The index gauge5 will be appended.
2022-10-18 16:59:19,784 | autoeft.projection.prosmeftion.yProjection.indices | DEBUG    | The index colf2 will be appended.
2022-10-18 16:59:19,785 | autoeft.projection.prosmeftion.yProjection.indices | DEBUG    | The index colf3 will be appended.
2022-10-18 16:59:19,785 | autoeft.projection.prosmeftion.yProjection.indices | DEBUG    | The index colf4 will be appended.
2022-10-18 16:59:19,786 | autoeft.projection.prosmeftion.yProjection.indices | DEBUG    | The index flav4 will be appended.
2022-10-18 16:59:19,787 | autoeft.projection.prosmeftion.yProjection.indices | DEBUG    | The index flav5 will be appended.
2022-10-18 16:59:19,788 | autoeft.projection.prosmeftion.yProjection.indices | DEBUG    | The index Lsl1 will be appended.
2022-10-18 16:59:19,788 | autoeft.projection.prosmeftion.yProjection.indices | DEBUG    | The index Usl1 will be appended.
2022-10-18 16:59:19,789 | autoeft.projection.prosmeftion.yProjection.indices | DEBUG    | The index Lsl2 will be appended.
2022-10-18 16:59:19,789 | autoeft.projection.prosmeftion.yProjection.indices | DEBUG    | The index Usl2 will be appended.
2022-10-18 16:59:19,790 | autoeft.projection.prosmeftion.yProjection.indices | DEBUG    | The index Lsldot1 will be appended.
2022-10-18 16:59:19,791 | autoeft.projection.prosmeftion.yProjection.indices | DEBUG    | The index Usldot1 will be appended.
2022-10-18 16:59:19,791 | autoeft.projection.prosmeftion.yProjection.indices | DEBUG    | The index Lsldot2 will be appended.
2022-10-18 16:59:19,792 | autoeft.projection.prosmeftion.yProjection.indices | DEBUG    | The index Usldot2 will be appended.
2022-10-18 16:59:19,806 | autoeft.projection.prosmeftion.yProjection.indices | DEBUG    | The index gauge3 will be appended.
2022-10-18 16:59:19,807 | autoeft.projection.prosmeftion.yProjection.indices | DEBUG    | The index gauge4 will be appended.
2022-10-18 16:59:19,808 | autoeft.projection.prosmeftion.yProjection.indices | DEBUG    | The index gauge5 will be appended.
2022-10-18 16:59:19,809 | autoeft.projection.prosmeftion.yProjection.indices | DEBUG    | The index gauge6 will be appended.
2022-10-18 16:59:19,810 | autoeft.projection.prosmeftion.yProjection.indices | DEBUG    | The index Lsl1 will be appended.
2022-10-18 16:59:19,811 | autoeft.projection.prosmeftion.yProjection.indices | DEBUG    | The index Usl1 will be appended.
2022-10-18 16:59:19,812 | autoeft.projection.prosmeftion.yProjection.indices | DEBUG    | The index Lsl2 will be appended.
2022-10-18 16:59:19,812 | autoeft.projection.prosmeftion.yProjection.indices | DEBUG    | The index Usl2 will be appended.
2022-10-18 16:59:19,813 | autoeft.projection.prosmeftion.yProjection.indices | DEBUG    | The index Lsldot3 will be appended.
2022-10-18 16:59:19,813 | autoeft.projection.prosmeftion.yProjection.indices | DEBUG    | The index Usldot3 will be appended.
2022-10-18 16:59:19,814 | autoeft.projection.prosmeftion.yProjection.indices | DEBUG    | The index Lsldot4 will be appended.
2022-10-18 16:59:19,815 | autoeft.projection.prosmeftion.yProjection.indices | DEBUG    | The index Usldot4 will be appended.
2022-10-18 16:59:19,843 | autoeft.projection.prosmeftion.yProjection.indices | DEBUG    | The index gauge3 will be appended.
2022-10-18 16:59:19,847 | autoeft.projection.prosmeftion.yProjection.indices | DEBUG    | The index gauge4 will be appended.
2022-10-18 16:59:19,849 | autoeft.projection.prosmeftion.yProjection.indices | DEBUG    | The index colf2 will be appended.
2022-10-18 16:59:19,850 | autoeft.projection.prosmeftion.yProjection.indices | DEBUG    | The index colf3 will be appended.
2022-10-18 16:59:19,851 | autoeft.projection.prosmeftion.yProjection.indices | DEBUG    | The index colf4 will be appended.
2022-10-18 16:59:19,855 | autoeft.projection.prosmeftion.yProjection.indices | DEBUG    | The index flav4 will be appended.
2022-10-18 16:59:19,856 | autoeft.projection.prosmeftion.yProjection.indices | DEBUG    | The index flav5 will be appended.
2022-10-18 16:59:19,858 | autoeft.projection.prosmeftion.yProjection.indices | DEBUG    | The index Lsl1 will be appended.
2022-10-18 16:59:19,860 | autoeft.projection.prosmeftion.yProjection.indices | DEBUG    | The index Usl1 will be appended.
2022-10-18 16:59:19,863 | autoeft.projection.prosmeftion.yProjection.indices | DEBUG    | The index Lsldot5 will be appended.
2022-10-18 16:59:19,864 | autoeft.projection.prosmeftion.yProjection.indices | DEBUG    | The index Usldot5 will be appended.
2022-10-18 16:59:19,879 | autoeft.projection.prosmeftion.yProjection.indices | DEBUG    | The index gauge3 will be appended.
2022-10-18 16:59:19,880 | autoeft.projection.prosmeftion.yProjection.indices | DEBUG    | The index gauge4 will be appended.
2022-10-18 16:59:19,881 | autoeft.projection.prosmeftion.yProjection.indices | DEBUG    | The index gauge5 will be appended.
2022-10-18 16:59:19,883 | autoeft.projection.prosmeftion.yProjection.indices | DEBUG    | The index gauge6 will be appended.
2022-10-18 16:59:19,886 | autoeft.projection.prosmeftion.yProjection.indices | DEBUG    | The index colf2 will be appended.
2022-10-18 16:59:19,888 | autoeft.projection.prosmeftion.yProjection.indices | DEBUG    | The index colf3 will be appended.
2022-10-18 16:59:19,890 | autoeft.projection.prosmeftion.yProjection.indices | DEBUG    | The index colf4 will be appended.
2022-10-18 16:59:19,892 | autoeft.projection.prosmeftion.yProjection.indices | DEBUG    | The index flav4 will be appended.
2022-10-18 16:59:19,893 | autoeft.projection.prosmeftion.yProjection.indices | DEBUG    | The index flav5 will be appended.
2022-10-18 16:59:19,895 | autoeft.projection.prosmeftion.yProjection.indices | DEBUG    | The index Lsl1 will be appended.
2022-10-18 16:59:19,898 | autoeft.projection.prosmeftion.yProjection.indices | DEBUG    | The index Usl1 will be appended.
2022-10-18 16:59:19,901 | autoeft.projection.prosmeftion.yProjection.indices | DEBUG    | The index Lsldot6 will be appended.
2022-10-18 16:59:19,902 | autoeft.projection.prosmeftion.yProjection.indices | DEBUG    | The index Usldot6 will be appended.
2022-10-18 16:59:19,935 | autoeft.projection.prosmeftion.yProjection.indices | DEBUG    | The index flav1 will be deleted.
2022-10-18 16:59:19,936 | autoeft.projection.prosmeftion.yProjection.indices | DEBUG    | The index flav3 will be deleted.
2022-10-18 16:59:19,938 | autoeft.projection.prosmeftion.yProjection.indices | DEBUG    | The index flav3 will be deleted.
2022-10-18 16:59:19,939 | autoeft.projection.prosmeftion.yProjection.indices | DEBUG    | The index flav2 will be deleted.
2022-10-18 16:59:19,939 | autoeft.projection.prosmeftion.yProjection.indices | DEBUG    | The index gauge2 will be deleted.
2022-10-18 16:59:19,940 | autoeft.projection.prosmeftion.yProjection.indices | DEBUG    | The index gauge2a will be deleted.
2022-10-18 16:59:19,940 | autoeft.projection.prosmeftion.yProjection.indices | DEBUG    | The index gauge1 will be deleted.
2022-10-18 16:59:19,940 | autoeft.projection.prosmeftion.yProjection.indices | DEBUG    | The index gauge1a will be deleted.
2022-10-18 16:59:19,941 | autoeft.projection.prosmeftion.yProjection.indices | DEBUG    | The index colf1 will be deleted.
2022-10-18 16:59:19,941 | autoeft.projection.prosmeftion.yProjection.indices | DEBUG    | The index colf1a will be deleted.
2022-10-18 16:59:19,942 | autoeft.projection.prosmeftion.yProjection.indices | DEBUG    | The index colf1b will be deleted.
2022-10-18 16:59:19,943 | autoeft.projection.prosmeftion.yProjection.indices | DEBUG    | The index Uslspin22 will be deleted.
2022-10-18 16:59:19,945 | autoeft.projection.prosmeftion.yProjection.indices | DEBUG    | The index Uslgauge11 will be deleted.
2022-10-18 16:59:19,946 | autoeft.projection.prosmeftion.yProjection.indices | DEBUG    | The index Lsldotgauge11 will be deleted.
2022-10-18 16:59:19,946 | autoeft.projection.prosmeftion.yProjection.indices | DEBUG    | The index Lsldotspin111 will be deleted.
2022-10-18 16:59:19,948 | autoeft.projection.prosmeftion.yProjection.operator | DEBUG    | Expression changed from Q(Lslspin22,gauge2,colf1,flav2) to D(Lslgauge11,Usldotgauge11,Q(Lslspin22,gauge2,colf1,flav2)).
2022-10-18 16:59:19,948 | autoeft.projection.prosmeftion.yProjection.operator | DEBUG    | Expression changed from D(Lslgauge11,Usldotgauge11,H(gauge1)) to H(gauge1).
2022-10-18 16:59:20,108 | autoeft.projection.prosmeftion | DEBUG    | form -p /mnt/c/Users/jakob/OneDrive - Students RWTH Aachen University/Physik/9Physik/ws21/Masterthesis/autoeft/projection/form_files/general Q1H0H+0Q+0eom.frm
2022-10-18 16:59:20,207 | autoeft.projection.prosmeftion | DEBUG    | form -p /mnt/c/Users/jakob/OneDrive - Students RWTH Aachen University/Physik/9Physik/ws21/Masterthesis/autoeft/projection/form_files/general term_read.frm
2022-10-18 16:59:20,320 | autoeft.projection.prosmeftion | DEBUG    | form -p /mnt/c/Users/jakob/OneDrive - Students RWTH Aachen University/Physik/9Physik/ws21/Masterthesis/autoeft/projection/form_files/general get_Ops.frm
2022-10-18 16:59:20,435 | autoeft.projection.prosmeftion | DEBUG    | form -p /mnt/c/Users/jakob/OneDrive - Students RWTH Aachen University/Physik/9Physik/ws21/Masterthesis/autoeft/projection/form_files/general get_Ops.frm
2022-10-18 16:59:20,479 | autoeft.projection.prosmeftion.lor_projection | INFO     | Find EOMs in term Q0H0H+0Q+1.
2022-10-18 16:59:20,491 | autoeft.projection.prosmeftion.yProjection.indices | DEBUG    | The index gauge3 will be appended.
2022-10-18 16:59:20,491 | autoeft.projection.prosmeftion.yProjection.indices | DEBUG    | The index gauge4 will be appended.
2022-10-18 16:59:20,492 | autoeft.projection.prosmeftion.yProjection.indices | DEBUG    | The index gauge5 will be appended.
2022-10-18 16:59:20,493 | autoeft.projection.prosmeftion.yProjection.indices | DEBUG    | The index colf2 will be appended.
2022-10-18 16:59:20,493 | autoeft.projection.prosmeftion.yProjection.indices | DEBUG    | The index colf3 will be appended.
2022-10-18 16:59:20,494 | autoeft.projection.prosmeftion.yProjection.indices | DEBUG    | The index colf4 will be appended.
2022-10-18 16:59:20,496 | autoeft.projection.prosmeftion.yProjection.indices | DEBUG    | The index flav4 will be appended.
2022-10-18 16:59:20,498 | autoeft.projection.prosmeftion.yProjection.indices | DEBUG    | The index flav5 will be appended.
2022-10-18 16:59:20,498 | autoeft.projection.prosmeftion.yProjection.indices | DEBUG    | The index Lsl1 will be appended.
2022-10-18 16:59:20,499 | autoeft.projection.prosmeftion.yProjection.indices | DEBUG    | The index Usl1 will be appended.
2022-10-18 16:59:20,500 | autoeft.projection.prosmeftion.yProjection.indices | DEBUG    | The index Lsl2 will be appended.
2022-10-18 16:59:20,500 | autoeft.projection.prosmeftion.yProjection.indices | DEBUG    | The index Usl2 will be appended.
2022-10-18 16:59:20,501 | autoeft.projection.prosmeftion.yProjection.indices | DEBUG    | The index Lsldot1 will be appended.
2022-10-18 16:59:20,501 | autoeft.projection.prosmeftion.yProjection.indices | DEBUG    | The index Usldot1 will be appended.
2022-10-18 16:59:20,502 | autoeft.projection.prosmeftion.yProjection.indices | DEBUG    | The index Lsldot2 will be appended.
2022-10-18 16:59:20,503 | autoeft.projection.prosmeftion.yProjection.indices | DEBUG    | The index Usldot2 will be appended.
2022-10-18 16:59:20,521 | autoeft.projection.prosmeftion.yProjection.indices | DEBUG    | The index gauge3 will be appended.
2022-10-18 16:59:20,522 | autoeft.projection.prosmeftion.yProjection.indices | DEBUG    | The index gauge4 will be appended.
2022-10-18 16:59:20,522 | autoeft.projection.prosmeftion.yProjection.indices | DEBUG    | The index gauge5 will be appended.
2022-10-18 16:59:20,523 | autoeft.projection.prosmeftion.yProjection.indices | DEBUG    | The index gauge6 will be appended.
2022-10-18 16:59:20,524 | autoeft.projection.prosmeftion.yProjection.indices | DEBUG    | The index Lsl1 will be appended.
2022-10-18 16:59:20,524 | autoeft.projection.prosmeftion.yProjection.indices | DEBUG    | The index Usl1 will be appended.
2022-10-18 16:59:20,525 | autoeft.projection.prosmeftion.yProjection.indices | DEBUG    | The index Lsl2 will be appended.
2022-10-18 16:59:20,526 | autoeft.projection.prosmeftion.yProjection.indices | DEBUG    | The index Usl2 will be appended.
2022-10-18 16:59:20,527 | autoeft.projection.prosmeftion.yProjection.indices | DEBUG    | The index Lsldot3 will be appended.
2022-10-18 16:59:20,528 | autoeft.projection.prosmeftion.yProjection.indices | DEBUG    | The index Usldot3 will be appended.
2022-10-18 16:59:20,528 | autoeft.projection.prosmeftion.yProjection.indices | DEBUG    | The index Lsldot4 will be appended.
2022-10-18 16:59:20,529 | autoeft.projection.prosmeftion.yProjection.indices | DEBUG    | The index Usldot4 will be appended.
2022-10-18 16:59:20,548 | autoeft.projection.prosmeftion.yProjection.indices | DEBUG    | The index gauge3 will be appended.
2022-10-18 16:59:20,549 | autoeft.projection.prosmeftion.yProjection.indices | DEBUG    | The index gauge4 will be appended.
2022-10-18 16:59:20,550 | autoeft.projection.prosmeftion.yProjection.indices | DEBUG    | The index colf2 will be appended.
2022-10-18 16:59:20,551 | autoeft.projection.prosmeftion.yProjection.indices | DEBUG    | The index colf3 will be appended.
2022-10-18 16:59:20,552 | autoeft.projection.prosmeftion.yProjection.indices | DEBUG    | The index colf4 will be appended.
2022-10-18 16:59:20,554 | autoeft.projection.prosmeftion.yProjection.indices | DEBUG    | The index flav4 will be appended.
2022-10-18 16:59:20,555 | autoeft.projection.prosmeftion.yProjection.indices | DEBUG    | The index flav5 will be appended.
2022-10-18 16:59:20,556 | autoeft.projection.prosmeftion.yProjection.indices | DEBUG    | The index Lsl1 will be appended.
2022-10-18 16:59:20,557 | autoeft.projection.prosmeftion.yProjection.indices | DEBUG    | The index Usl1 will be appended.
2022-10-18 16:59:20,558 | autoeft.projection.prosmeftion.yProjection.indices | DEBUG    | The index Lsldot5 will be appended.
2022-10-18 16:59:20,559 | autoeft.projection.prosmeftion.yProjection.indices | DEBUG    | The index Usldot5 will be appended.
2022-10-18 16:59:20,576 | autoeft.projection.prosmeftion.yProjection.indices | DEBUG    | The index gauge3 will be appended.
2022-10-18 16:59:20,577 | autoeft.projection.prosmeftion.yProjection.indices | DEBUG    | The index gauge4 will be appended.
2022-10-18 16:59:20,578 | autoeft.projection.prosmeftion.yProjection.indices | DEBUG    | The index gauge5 will be appended.
2022-10-18 16:59:20,580 | autoeft.projection.prosmeftion.yProjection.indices | DEBUG    | The index gauge6 will be appended.
2022-10-18 16:59:20,581 | autoeft.projection.prosmeftion.yProjection.indices | DEBUG    | The index colf2 will be appended.
2022-10-18 16:59:20,582 | autoeft.projection.prosmeftion.yProjection.indices | DEBUG    | The index colf3 will be appended.
2022-10-18 16:59:20,582 | autoeft.projection.prosmeftion.yProjection.indices | DEBUG    | The index colf4 will be appended.
2022-10-18 16:59:20,584 | autoeft.projection.prosmeftion.yProjection.indices | DEBUG    | The index flav4 will be appended.
2022-10-18 16:59:20,585 | autoeft.projection.prosmeftion.yProjection.indices | DEBUG    | The index flav5 will be appended.
2022-10-18 16:59:20,586 | autoeft.projection.prosmeftion.yProjection.indices | DEBUG    | The index Lsl1 will be appended.
2022-10-18 16:59:20,587 | autoeft.projection.prosmeftion.yProjection.indices | DEBUG    | The index Usl1 will be appended.
2022-10-18 16:59:20,589 | autoeft.projection.prosmeftion.yProjection.indices | DEBUG    | The index Lsldot6 will be appended.
2022-10-18 16:59:20,590 | autoeft.projection.prosmeftion.yProjection.indices | DEBUG    | The index Usldot6 will be appended.
2022-10-18 16:59:20,608 | autoeft.projection.prosmeftion.yProjection.indices | DEBUG    | The index flav1 will be deleted.
2022-10-18 16:59:20,608 | autoeft.projection.prosmeftion.yProjection.indices | DEBUG    | The index flav3 will be deleted.
2022-10-18 16:59:20,609 | autoeft.projection.prosmeftion.yProjection.indices | DEBUG    | The index flav3 will be deleted.
2022-10-18 16:59:20,609 | autoeft.projection.prosmeftion.yProjection.indices | DEBUG    | The index flav2 will be deleted.
2022-10-18 16:59:20,610 | autoeft.projection.prosmeftion.yProjection.indices | DEBUG    | The index gauge2 will be deleted.
2022-10-18 16:59:20,610 | autoeft.projection.prosmeftion.yProjection.indices | DEBUG    | The index gauge2a will be deleted.
2022-10-18 16:59:20,611 | autoeft.projection.prosmeftion.yProjection.indices | DEBUG    | The index gauge1 will be deleted.
2022-10-18 16:59:20,612 | autoeft.projection.prosmeftion.yProjection.indices | DEBUG    | The index gauge1a will be deleted.
2022-10-18 16:59:20,613 | autoeft.projection.prosmeftion.yProjection.indices | DEBUG    | The index colf1 will be deleted.
2022-10-18 16:59:20,613 | autoeft.projection.prosmeftion.yProjection.indices | DEBUG    | The index colf1a will be deleted.
2022-10-18 16:59:20,614 | autoeft.projection.prosmeftion.yProjection.indices | DEBUG    | The index colf1b will be deleted.
2022-10-18 16:59:20,614 | autoeft.projection.prosmeftion.yProjection.indices | DEBUG    | The index Uslspin22 will be deleted.
2022-10-18 16:59:20,615 | autoeft.projection.prosmeftion.yProjection.indices | DEBUG    | The index Uslgauge11 will be deleted.
2022-10-18 16:59:20,615 | autoeft.projection.prosmeftion.yProjection.indices | DEBUG    | The index Lsldotgauge11 will be deleted.
2022-10-18 16:59:20,616 | autoeft.projection.prosmeftion.yProjection.indices | DEBUG    | The index Lsldotspin111 will be deleted.
2022-10-18 16:59:20,617 | autoeft.projection.prosmeftion.yProjection.operator | DEBUG    | Expression changed from D(Lslgauge11,Usldotgauge11,H(gauge1)) to H(gauge1).
2022-10-18 16:59:20,619 | autoeft.projection.prosmeftion.yProjection.operator | DEBUG    | Expression changed from [Q+](Usldotspin111,gauge1a,colf1a,colf1b,flav1) to D(Lslgauge11,Usldotgauge11,[Q+](Usldotspin111,gauge1a,colf1a,colf1b,flav1)).
2022-10-18 16:59:20,765 | autoeft.projection.prosmeftion | DEBUG    | form -p /mnt/c/Users/jakob/OneDrive - Students RWTH Aachen University/Physik/9Physik/ws21/Masterthesis/autoeft/projection/form_files/general Q0H0H+0Q+1eom.frm
2022-10-18 16:59:20,833 | autoeft.projection.prosmeftion | DEBUG    | form -p /mnt/c/Users/jakob/OneDrive - Students RWTH Aachen University/Physik/9Physik/ws21/Masterthesis/autoeft/projection/form_files/general term_read.frm
2022-10-18 16:59:20,968 | autoeft.projection.prosmeftion | DEBUG    | form -p /mnt/c/Users/jakob/OneDrive - Students RWTH Aachen University/Physik/9Physik/ws21/Masterthesis/autoeft/projection/form_files/general get_Ops.frm
2022-10-18 16:59:21,077 | autoeft.projection.prosmeftion | DEBUG    | form -p /mnt/c/Users/jakob/OneDrive - Students RWTH Aachen University/Physik/9Physik/ws21/Masterthesis/autoeft/projection/form_files/general get_Ops.frm
2022-10-18 16:59:21,107 | autoeft.projection.prosmeftion.sun_projection | INFO     | Sort fields by type, indicated by a tuple filled with integers. They specify the number of fields in the single summand in the following order: BL WL L Q dC eC uC H H+ L+ Q+ dC+ eC+ uC+ BL+ WL+
2022-10-18 16:59:21,108 | autoeft.projection.prosmeftion.yProjection.indices | DEBUG    | The index flav2 will be deleted.
2022-10-18 16:59:21,109 | autoeft.projection.prosmeftion.yProjection.indices | DEBUG    | The index flav5 will be deleted.
2022-10-18 16:59:21,109 | autoeft.projection.prosmeftion.yProjection.indices | DEBUG    | The index flav1 will be deleted.
2022-10-18 16:59:21,109 | autoeft.projection.prosmeftion.yProjection.indices | DEBUG    | The index flav3 will be deleted.
2022-10-18 16:59:21,110 | autoeft.projection.prosmeftion.yProjection.indices | DEBUG    | The index flav3 will be deleted.
2022-10-18 16:59:21,110 | autoeft.projection.prosmeftion.yProjection.indices | DEBUG    | The index flav2 will be deleted.
2022-10-18 16:59:21,111 | autoeft.projection.prosmeftion.yProjection.indices | DEBUG    | The index gauge1 will be deleted.
2022-10-18 16:59:21,111 | autoeft.projection.prosmeftion.yProjection.indices | DEBUG    | The index gauge1a will be deleted.
2022-10-18 16:59:21,111 | autoeft.projection.prosmeftion.yProjection.indices | DEBUG    | The index gauge2 will be deleted.
2022-10-18 16:59:21,112 | autoeft.projection.prosmeftion.yProjection.indices | DEBUG    | The index gauge2a will be deleted.
2022-10-18 16:59:21,112 | autoeft.projection.prosmeftion.yProjection.indices | DEBUG    | The index colf1 will be deleted.
2022-10-18 16:59:21,113 | autoeft.projection.prosmeftion.yProjection.indices | DEBUG    | The index colf1a will be deleted.
2022-10-18 16:59:21,113 | autoeft.projection.prosmeftion.yProjection.indices | DEBUG    | The index colf1b will be deleted.
2022-10-18 16:59:21,114 | autoeft.projection.prosmeftion.yProjection.indices | DEBUG    | The index Lsldotgauge11 will be deleted.
2022-10-18 16:59:21,114 | autoeft.projection.prosmeftion.yProjection.indices | DEBUG    | The index Lsldotspin111 will be deleted.
2022-10-18 16:59:21,117 | autoeft.projection.prosmeftion.yProjection.indices | DEBUG    | The index flav1 will be deleted.
2022-10-18 16:59:21,118 | autoeft.projection.prosmeftion.yProjection.indices | DEBUG    | The index flav3 will be deleted.
2022-10-18 16:59:21,119 | autoeft.projection.prosmeftion.yProjection.indices | DEBUG    | The index flav2 will be deleted.
2022-10-18 16:59:21,119 | autoeft.projection.prosmeftion.yProjection.indices | DEBUG    | The index flav5 will be deleted.
2022-10-18 16:59:21,120 | autoeft.projection.prosmeftion.yProjection.indices | DEBUG    | The index flav3 will be deleted.
2022-10-18 16:59:21,120 | autoeft.projection.prosmeftion.yProjection.indices | DEBUG    | The index flav2 will be deleted.
2022-10-18 16:59:21,121 | autoeft.projection.prosmeftion.yProjection.indices | DEBUG    | The index gauge1 will be deleted.
2022-10-18 16:59:21,121 | autoeft.projection.prosmeftion.yProjection.indices | DEBUG    | The index gauge1a will be deleted.
2022-10-18 16:59:21,121 | autoeft.projection.prosmeftion.yProjection.indices | DEBUG    | The index gauge2 will be deleted.
2022-10-18 16:59:21,122 | autoeft.projection.prosmeftion.yProjection.indices | DEBUG    | The index gauge2a will be deleted.
2022-10-18 16:59:21,122 | autoeft.projection.prosmeftion.yProjection.indices | DEBUG    | The index colf1 will be deleted.
2022-10-18 16:59:21,123 | autoeft.projection.prosmeftion.yProjection.indices | DEBUG    | The index colf1a will be deleted.
2022-10-18 16:59:21,123 | autoeft.projection.prosmeftion.yProjection.indices | DEBUG    | The index colf1b will be deleted.
2022-10-18 16:59:21,123 | autoeft.projection.prosmeftion.yProjection.indices | DEBUG    | The index Lsldotgauge11 will be deleted.
2022-10-18 16:59:21,124 | autoeft.projection.prosmeftion.yProjection.indices | DEBUG    | The index Lsldotspin111 will be deleted.
2022-10-18 16:59:21,125 | autoeft.projection.prosmeftion.yProjection.indices | DEBUG    | The index flav1 will be deleted.
2022-10-18 16:59:21,125 | autoeft.projection.prosmeftion.yProjection.indices | DEBUG    | The index flav3 will be deleted.
2022-10-18 16:59:21,125 | autoeft.projection.prosmeftion.yProjection.indices | DEBUG    | The index flav3 will be deleted.
2022-10-18 16:59:21,126 | autoeft.projection.prosmeftion.yProjection.indices | DEBUG    | The index flav2 will be deleted.
2022-10-18 16:59:21,126 | autoeft.projection.prosmeftion.yProjection.indices | DEBUG    | The index gauge2 will be deleted.
2022-10-18 16:59:21,126 | autoeft.projection.prosmeftion.yProjection.indices | DEBUG    | The index gauge2a will be deleted.
2022-10-18 16:59:21,127 | autoeft.projection.prosmeftion.yProjection.indices | DEBUG    | The index gauge1 will be deleted.
2022-10-18 16:59:21,127 | autoeft.projection.prosmeftion.yProjection.indices | DEBUG    | The index gauge1a will be deleted.
2022-10-18 16:59:21,127 | autoeft.projection.prosmeftion.yProjection.indices | DEBUG    | The index colf1 will be deleted.
2022-10-18 16:59:21,128 | autoeft.projection.prosmeftion.yProjection.indices | DEBUG    | The index colf1a will be deleted.
2022-10-18 16:59:21,128 | autoeft.projection.prosmeftion.yProjection.indices | DEBUG    | The index colf1b will be deleted.
2022-10-18 16:59:21,128 | autoeft.projection.prosmeftion.yProjection.indices | DEBUG    | The index Uslspin22 will be deleted.
2022-10-18 16:59:21,129 | autoeft.projection.prosmeftion.yProjection.indices | DEBUG    | The index Uslgauge11 will be deleted.
2022-10-18 16:59:21,129 | autoeft.projection.prosmeftion.yProjection.indices | DEBUG    | The index Lsldotgauge11 will be deleted.
2022-10-18 16:59:21,129 | autoeft.projection.prosmeftion.yProjection.indices | DEBUG    | The index Lsldotspin111 will be deleted.
2022-10-18 16:59:21,130 | autoeft.projection.prosmeftion.yProjection.operator | DEBUG    | Expression changed from D(Lslgauge11,Usldotgauge11,H(gauge1)) to H(gauge1).
2022-10-18 16:59:21,131 | autoeft.projection.prosmeftion.yProjection.operator | DEBUG    | Expression changed from [H+](gauge2a) to D(Lslgauge11,Usldotgauge11,[H+](gauge2a)).
2022-10-18 16:59:21,132 | autoeft.projection.prosmeftion.yProjection.indices | DEBUG    | The index flav5 will be deleted.
2022-10-18 16:59:21,133 | autoeft.projection.prosmeftion.yProjection.indices | DEBUG    | The index flav1 will be deleted.
2022-10-18 16:59:21,133 | autoeft.projection.prosmeftion.yProjection.indices | DEBUG    | The index flav1 will be deleted.
2022-10-18 16:59:21,134 | autoeft.projection.prosmeftion.yProjection.indices | DEBUG    | The index flav3 will be deleted.
2022-10-18 16:59:21,134 | autoeft.projection.prosmeftion.yProjection.indices | DEBUG    | The index flav3 will be deleted.
2022-10-18 16:59:21,135 | autoeft.projection.prosmeftion.yProjection.indices | DEBUG    | The index flav2 will be deleted.
2022-10-18 16:59:21,135 | autoeft.projection.prosmeftion.yProjection.indices | DEBUG    | The index gauge2 will be deleted.
2022-10-18 16:59:21,135 | autoeft.projection.prosmeftion.yProjection.indices | DEBUG    | The index gauge2a will be deleted.
2022-10-18 16:59:21,136 | autoeft.projection.prosmeftion.yProjection.indices | DEBUG    | The index gauge1 will be deleted.
2022-10-18 16:59:21,136 | autoeft.projection.prosmeftion.yProjection.indices | DEBUG    | The index gauge1a will be deleted.
2022-10-18 16:59:21,137 | autoeft.projection.prosmeftion.yProjection.indices | DEBUG    | The index colf1 will be deleted.
2022-10-18 16:59:21,137 | autoeft.projection.prosmeftion.yProjection.indices | DEBUG    | The index colf1a will be deleted.
2022-10-18 16:59:21,138 | autoeft.projection.prosmeftion.yProjection.indices | DEBUG    | The index colf1b will be deleted.
2022-10-18 16:59:21,139 | autoeft.projection.prosmeftion.yProjection.indices | DEBUG    | The index Uslgauge11 will be deleted.
2022-10-18 16:59:21,139 | autoeft.projection.prosmeftion.yProjection.indices | DEBUG    | The index Uslspin22 will be deleted.
2022-10-18 16:59:21,141 | autoeft.projection.prosmeftion.yProjection.indices | DEBUG    | The index flav1 will be deleted.
2022-10-18 16:59:21,143 | autoeft.projection.prosmeftion.yProjection.indices | DEBUG    | The index flav3 will be deleted.
2022-10-18 16:59:21,144 | autoeft.projection.prosmeftion.yProjection.indices | DEBUG    | The index flav5 will be deleted.
2022-10-18 16:59:21,144 | autoeft.projection.prosmeftion.yProjection.indices | DEBUG    | The index flav1 will be deleted.
2022-10-18 16:59:21,145 | autoeft.projection.prosmeftion.yProjection.indices | DEBUG    | The index flav3 will be deleted.
2022-10-18 16:59:21,146 | autoeft.projection.prosmeftion.yProjection.indices | DEBUG    | The index flav2 will be deleted.
2022-10-18 16:59:21,148 | autoeft.projection.prosmeftion.yProjection.indices | DEBUG    | The index gauge2 will be deleted.
2022-10-18 16:59:21,149 | autoeft.projection.prosmeftion.yProjection.indices | DEBUG    | The index gauge2a will be deleted.
2022-10-18 16:59:21,150 | autoeft.projection.prosmeftion.yProjection.indices | DEBUG    | The index gauge1 will be deleted.
2022-10-18 16:59:21,150 | autoeft.projection.prosmeftion.yProjection.indices | DEBUG    | The index gauge1a will be deleted.
2022-10-18 16:59:21,150 | autoeft.projection.prosmeftion.yProjection.indices | DEBUG    | The index colf1 will be deleted.
2022-10-18 16:59:21,151 | autoeft.projection.prosmeftion.yProjection.indices | DEBUG    | The index colf1a will be deleted.
2022-10-18 16:59:21,151 | autoeft.projection.prosmeftion.yProjection.indices | DEBUG    | The index colf1b will be deleted.
2022-10-18 16:59:21,152 | autoeft.projection.prosmeftion.yProjection.indices | DEBUG    | The index Uslgauge11 will be deleted.
2022-10-18 16:59:21,152 | autoeft.projection.prosmeftion.yProjection.indices | DEBUG    | The index Uslspin22 will be deleted.
2022-10-18 16:59:21,155 | autoeft.projection.prosmeftion.sun_projection | INFO     | term0 of type H0H+0H+0Q+0uC+0 is not combined
2022-10-18 16:59:21,158 | autoeft.projection.prosmeftion.sun_projection | INFO     | term1 of type H0H0H+0Q+0dC+0 is not combined
2022-10-18 16:59:21,159 | autoeft.projection.prosmeftion.sun_projection | INFO     | Q0H0H+1Q+0 of type Q0H0H+1Q+0 is not combined
2022-10-18 16:59:21,161 | autoeft.projection.prosmeftion.sun_projection | INFO     | term0 of type Q0uC0H0H0H+0 is not combined
2022-10-18 16:59:21,163 | autoeft.projection.prosmeftion.sun_projection | INFO     | term1 of type Q0dC0H0H+0H+0 is not combined
2022-10-18 16:59:21,165 | autoeft.projection.prosmeftion.sun_projection | INFO     | Sort fields by type, indicated by a tuple filled with integers. They specify the number of fields in the single summand in the following order: BL WL L Q dC eC uC H H+ L+ Q+ dC+ eC+ uC+ BL+ WL+
2022-10-18 16:59:21,165 | autoeft.projection.prosmeftion.yProjection.indices | DEBUG    | The index flav2 will be deleted.
2022-10-18 16:59:21,166 | autoeft.projection.prosmeftion.yProjection.indices | DEBUG    | The index flav5 will be deleted.
2022-10-18 16:59:21,166 | autoeft.projection.prosmeftion.yProjection.indices | DEBUG    | The index flav1 will be deleted.
2022-10-18 16:59:21,166 | autoeft.projection.prosmeftion.yProjection.indices | DEBUG    | The index flav3 will be deleted.
2022-10-18 16:59:21,168 | autoeft.projection.prosmeftion.yProjection.indices | DEBUG    | The index flav3 will be deleted.
2022-10-18 16:59:21,168 | autoeft.projection.prosmeftion.yProjection.indices | DEBUG    | The index flav2 will be deleted.
2022-10-18 16:59:21,169 | autoeft.projection.prosmeftion.yProjection.indices | DEBUG    | The index gauge1 will be deleted.
2022-10-18 16:59:21,169 | autoeft.projection.prosmeftion.yProjection.indices | DEBUG    | The index gauge1a will be deleted.
2022-10-18 16:59:21,170 | autoeft.projection.prosmeftion.yProjection.indices | DEBUG    | The index gauge2 will be deleted.
2022-10-18 16:59:21,171 | autoeft.projection.prosmeftion.yProjection.indices | DEBUG    | The index gauge2a will be deleted.
2022-10-18 16:59:21,171 | autoeft.projection.prosmeftion.yProjection.indices | DEBUG    | The index colf1 will be deleted.
2022-10-18 16:59:21,172 | autoeft.projection.prosmeftion.yProjection.indices | DEBUG    | The index colf1a will be deleted.
2022-10-18 16:59:21,172 | autoeft.projection.prosmeftion.yProjection.indices | DEBUG    | The index colf1b will be deleted.
2022-10-18 16:59:21,172 | autoeft.projection.prosmeftion.yProjection.indices | DEBUG    | The index Lsldotgauge11 will be deleted.
2022-10-18 16:59:21,173 | autoeft.projection.prosmeftion.yProjection.indices | DEBUG    | The index Lsldotspin111 will be deleted.
2022-10-18 16:59:21,174 | autoeft.projection.prosmeftion.yProjection.indices | DEBUG    | The index flav1 will be deleted.
2022-10-18 16:59:21,175 | autoeft.projection.prosmeftion.yProjection.indices | DEBUG    | The index flav3 will be deleted.
2022-10-18 16:59:21,175 | autoeft.projection.prosmeftion.yProjection.indices | DEBUG    | The index flav2 will be deleted.
2022-10-18 16:59:21,175 | autoeft.projection.prosmeftion.yProjection.indices | DEBUG    | The index flav5 will be deleted.
2022-10-18 16:59:21,175 | autoeft.projection.prosmeftion.yProjection.indices | DEBUG    | The index flav3 will be deleted.
2022-10-18 16:59:21,176 | autoeft.projection.prosmeftion.yProjection.indices | DEBUG    | The index flav2 will be deleted.
2022-10-18 16:59:21,176 | autoeft.projection.prosmeftion.yProjection.indices | DEBUG    | The index gauge1 will be deleted.
2022-10-18 16:59:21,176 | autoeft.projection.prosmeftion.yProjection.indices | DEBUG    | The index gauge1a will be deleted.
2022-10-18 16:59:21,177 | autoeft.projection.prosmeftion.yProjection.indices | DEBUG    | The index gauge2 will be deleted.
2022-10-18 16:59:21,177 | autoeft.projection.prosmeftion.yProjection.indices | DEBUG    | The index gauge2a will be deleted.
2022-10-18 16:59:21,177 | autoeft.projection.prosmeftion.yProjection.indices | DEBUG    | The index colf1 will be deleted.
2022-10-18 16:59:21,178 | autoeft.projection.prosmeftion.yProjection.indices | DEBUG    | The index colf1a will be deleted.
2022-10-18 16:59:21,178 | autoeft.projection.prosmeftion.yProjection.indices | DEBUG    | The index colf1b will be deleted.
2022-10-18 16:59:21,178 | autoeft.projection.prosmeftion.yProjection.indices | DEBUG    | The index Lsldotgauge11 will be deleted.
2022-10-18 16:59:21,179 | autoeft.projection.prosmeftion.yProjection.indices | DEBUG    | The index Lsldotspin111 will be deleted.
2022-10-18 16:59:21,180 | autoeft.projection.prosmeftion.yProjection.indices | DEBUG    | The index flav1 will be deleted.
2022-10-18 16:59:21,180 | autoeft.projection.prosmeftion.yProjection.indices | DEBUG    | The index flav3 will be deleted.
2022-10-18 16:59:21,180 | autoeft.projection.prosmeftion.yProjection.indices | DEBUG    | The index flav3 will be deleted.
2022-10-18 16:59:21,181 | autoeft.projection.prosmeftion.yProjection.indices | DEBUG    | The index flav2 will be deleted.
2022-10-18 16:59:21,181 | autoeft.projection.prosmeftion.yProjection.indices | DEBUG    | The index gauge2 will be deleted.
2022-10-18 16:59:21,181 | autoeft.projection.prosmeftion.yProjection.indices | DEBUG    | The index gauge2a will be deleted.
2022-10-18 16:59:21,182 | autoeft.projection.prosmeftion.yProjection.indices | DEBUG    | The index gauge1 will be deleted.
2022-10-18 16:59:21,182 | autoeft.projection.prosmeftion.yProjection.indices | DEBUG    | The index gauge1a will be deleted.
2022-10-18 16:59:21,182 | autoeft.projection.prosmeftion.yProjection.indices | DEBUG    | The index colf1 will be deleted.
2022-10-18 16:59:21,183 | autoeft.projection.prosmeftion.yProjection.indices | DEBUG    | The index colf1a will be deleted.
2022-10-18 16:59:21,183 | autoeft.projection.prosmeftion.yProjection.indices | DEBUG    | The index colf1b will be deleted.
2022-10-18 16:59:21,184 | autoeft.projection.prosmeftion.yProjection.indices | DEBUG    | The index Uslspin22 will be deleted.
2022-10-18 16:59:21,184 | autoeft.projection.prosmeftion.yProjection.indices | DEBUG    | The index Uslgauge11 will be deleted.
2022-10-18 16:59:21,185 | autoeft.projection.prosmeftion.yProjection.indices | DEBUG    | The index Lsldotgauge11 will be deleted.
2022-10-18 16:59:21,185 | autoeft.projection.prosmeftion.yProjection.indices | DEBUG    | The index Lsldotspin111 will be deleted.
2022-10-18 16:59:21,185 | autoeft.projection.prosmeftion.yProjection.operator | DEBUG    | Expression changed from D(Lslgauge11,Usldotgauge11,H(gauge1)) to H(gauge1).
2022-10-18 16:59:21,187 | autoeft.projection.prosmeftion.yProjection.operator | DEBUG    | Expression changed from [H+](gauge2a) to D(Lslgauge11,Usldotgauge11,[H+](gauge2a)).
2022-10-18 16:59:21,190 | autoeft.projection.prosmeftion.yProjection.indices | DEBUG    | The index flav5 will be deleted.
2022-10-18 16:59:21,190 | autoeft.projection.prosmeftion.yProjection.indices | DEBUG    | The index flav1 will be deleted.
2022-10-18 16:59:21,191 | autoeft.projection.prosmeftion.yProjection.indices | DEBUG    | The index flav1 will be deleted.
2022-10-18 16:59:21,191 | autoeft.projection.prosmeftion.yProjection.indices | DEBUG    | The index flav3 will be deleted.
2022-10-18 16:59:21,192 | autoeft.projection.prosmeftion.yProjection.indices | DEBUG    | The index flav3 will be deleted.
2022-10-18 16:59:21,192 | autoeft.projection.prosmeftion.yProjection.indices | DEBUG    | The index flav2 will be deleted.
2022-10-18 16:59:21,193 | autoeft.projection.prosmeftion.yProjection.indices | DEBUG    | The index gauge2 will be deleted.
2022-10-18 16:59:21,193 | autoeft.projection.prosmeftion.yProjection.indices | DEBUG    | The index gauge2a will be deleted.
2022-10-18 16:59:21,194 | autoeft.projection.prosmeftion.yProjection.indices | DEBUG    | The index gauge1 will be deleted.
2022-10-18 16:59:21,195 | autoeft.projection.prosmeftion.yProjection.indices | DEBUG    | The index gauge1a will be deleted.
2022-10-18 16:59:21,196 | autoeft.projection.prosmeftion.yProjection.indices | DEBUG    | The index colf1 will be deleted.
2022-10-18 16:59:21,197 | autoeft.projection.prosmeftion.yProjection.indices | DEBUG    | The index colf1a will be deleted.
2022-10-18 16:59:21,197 | autoeft.projection.prosmeftion.yProjection.indices | DEBUG    | The index colf1b will be deleted.
2022-10-18 16:59:21,198 | autoeft.projection.prosmeftion.yProjection.indices | DEBUG    | The index Uslgauge11 will be deleted.
2022-10-18 16:59:21,198 | autoeft.projection.prosmeftion.yProjection.indices | DEBUG    | The index Uslspin22 will be deleted.
2022-10-18 16:59:21,200 | autoeft.projection.prosmeftion.yProjection.indices | DEBUG    | The index flav1 will be deleted.
2022-10-18 16:59:21,200 | autoeft.projection.prosmeftion.yProjection.indices | DEBUG    | The index flav3 will be deleted.
2022-10-18 16:59:21,200 | autoeft.projection.prosmeftion.yProjection.indices | DEBUG    | The index flav5 will be deleted.
2022-10-18 16:59:21,201 | autoeft.projection.prosmeftion.yProjection.indices | DEBUG    | The index flav1 will be deleted.
2022-10-18 16:59:21,201 | autoeft.projection.prosmeftion.yProjection.indices | DEBUG    | The index flav3 will be deleted.
2022-10-18 16:59:21,201 | autoeft.projection.prosmeftion.yProjection.indices | DEBUG    | The index flav2 will be deleted.
2022-10-18 16:59:21,202 | autoeft.projection.prosmeftion.yProjection.indices | DEBUG    | The index gauge2 will be deleted.
2022-10-18 16:59:21,202 | autoeft.projection.prosmeftion.yProjection.indices | DEBUG    | The index gauge2a will be deleted.
2022-10-18 16:59:21,202 | autoeft.projection.prosmeftion.yProjection.indices | DEBUG    | The index gauge1 will be deleted.
2022-10-18 16:59:21,202 | autoeft.projection.prosmeftion.yProjection.indices | DEBUG    | The index gauge1a will be deleted.
2022-10-18 16:59:21,203 | autoeft.projection.prosmeftion.yProjection.indices | DEBUG    | The index colf1 will be deleted.
2022-10-18 16:59:21,204 | autoeft.projection.prosmeftion.yProjection.indices | DEBUG    | The index colf1a will be deleted.
2022-10-18 16:59:21,204 | autoeft.projection.prosmeftion.yProjection.indices | DEBUG    | The index colf1b will be deleted.
2022-10-18 16:59:21,205 | autoeft.projection.prosmeftion.yProjection.indices | DEBUG    | The index Uslgauge11 will be deleted.
2022-10-18 16:59:21,206 | autoeft.projection.prosmeftion.yProjection.indices | DEBUG    | The index Uslspin22 will be deleted.
2022-10-18 16:59:21,207 | autoeft.projection        | INFO     | #Terms after 1. ibp iteration 5.
2022-10-18 16:59:21,209 | autoeft.projection.prosmeftion.yProjection.tableau | DEBUG    | Indices of tableau changed in columns to:
---------
|4-False|
---------
|5-False|
---------

with sign: -1.
2022-10-18 16:59:21,211 | autoeft.projection.prosmeftion.yProjection.tableau | DEBUG    | Indices of tableau changed in columns to:
---------
|4-False|
---------
|5-False|
---------

with sign: -1.
2022-10-18 16:59:21,213 | autoeft.projection.prosmeftion.yProjection.indices | DEBUG    | The index flav1 will be deleted.
2022-10-18 16:59:21,214 | autoeft.projection.prosmeftion.yProjection.indices | DEBUG    | The index flav3 will be deleted.
2022-10-18 16:59:21,214 | autoeft.projection.prosmeftion.yProjection.indices | DEBUG    | The index flav3 will be deleted.
2022-10-18 16:59:21,214 | autoeft.projection.prosmeftion.yProjection.indices | DEBUG    | The index flav2 will be deleted.
2022-10-18 16:59:21,215 | autoeft.projection.prosmeftion.yProjection.indices | DEBUG    | The index gauge2 will be deleted.
2022-10-18 16:59:21,215 | autoeft.projection.prosmeftion.yProjection.indices | DEBUG    | The index gauge2a will be deleted.
2022-10-18 16:59:21,216 | autoeft.projection.prosmeftion.yProjection.indices | DEBUG    | The index gauge1 will be deleted.
2022-10-18 16:59:21,216 | autoeft.projection.prosmeftion.yProjection.indices | DEBUG    | The index gauge1a will be deleted.
2022-10-18 16:59:21,217 | autoeft.projection.prosmeftion.yProjection.indices | DEBUG    | The index colf1 will be deleted.
2022-10-18 16:59:21,217 | autoeft.projection.prosmeftion.yProjection.indices | DEBUG    | The index colf1a will be deleted.
2022-10-18 16:59:21,217 | autoeft.projection.prosmeftion.yProjection.indices | DEBUG    | The index colf1b will be deleted.
2022-10-18 16:59:21,218 | autoeft.projection.prosmeftion.yProjection.indices | DEBUG    | The index Uslspin22 will be deleted.
2022-10-18 16:59:21,218 | autoeft.projection.prosmeftion.yProjection.indices | DEBUG    | The index Uslgauge11 will be deleted.
2022-10-18 16:59:21,218 | autoeft.projection.prosmeftion.yProjection.indices | DEBUG    | The index Lsldotgauge11 will be deleted.
2022-10-18 16:59:21,219 | autoeft.projection.prosmeftion.yProjection.indices | DEBUG    | The index Lsldotspin111 will be deleted.
2022-10-18 16:59:21,219 | autoeft.projection.prosmeftion.yProjection.operator | DEBUG    | Expression changed from D(Lslgauge11,Usldotgauge11,H(gauge1)) to H(gauge1).
2022-10-18 16:59:21,220 | autoeft.projection.prosmeftion.yProjection.operator | DEBUG    | Expression changed from [H+](gauge2a) to D(Lslgauge11,Usldotgauge11,[H+](gauge2a)).
2022-10-18 16:59:21,221 | autoeft.projection.prosmeftion.lor_projection | INFO     | (((1/2)*(+Ms^-2*(+1)))*(1))*yd(flav1,flav3)*[yd+](flav3,flav2)*[su2eps](gauge2,gauge2a)*[su2eps](gauge1,gauge1a)*[su3eps](colf1,colf1a,colf1b)*[sl2Ceps](Uslspin22,Uslgauge11)*[sl2Ceps](Lsldotgauge11,Lsldotspin111)*Q(Lslspin22,gauge2,colf1,flav2)*H(gauge1)*D(Lslgauge11,Usldotgauge11,[H+](gauge2a))*[Q+](Usldotspin111,gauge1a,colf1a,colf1b,flav1)
2022-10-18 16:59:21,266 | autoeft.projection.prosmeftion | DEBUG    | form -p /mnt/c/Users/jakob/OneDrive - Students RWTH Aachen University/Physik/9Physik/ws21/Masterthesis/autoeft/projection/form_files/general get_dimension.frm
2022-10-18 16:59:21,280 | autoeft.projection.prosmeftion.yProjection.lorentz | DEBUG    | factor:
Fraction(1, 1)
l_tab:
---------
|1-False|
---------
|3-1|
-----

r_tab:
-----
|3-1|
-----
|4-False|
---------

2022-10-18 16:59:21,281 | autoeft.projection.prosmeftion.lor_projection | INFO     | factor:
Fraction(1, 1)
l_tab:
---------
|1-False|
---------
|3-1|
-----

r_tab:
-----
|3-1|
-----
|4-False|
---------

2022-10-18 16:59:21,369 | autoeft.projection.prosmeftion | DEBUG    | form -p /mnt/c/Users/jakob/OneDrive - Students RWTH Aachen University/Physik/9Physik/ws21/Masterthesis/autoeft/projection/form_files/general get_dimension.frm
2022-10-18 16:59:21,476 | autoeft.projection.prosmeftion | DEBUG    | form -p /mnt/c/Users/jakob/OneDrive - Students RWTH Aachen University/Physik/9Physik/ws21/Masterthesis/autoeft/projection/form_files/general get_dimension.frm
2022-10-18 16:59:21,589 | autoeft.projection.prosmeftion | DEBUG    | form -p /mnt/c/Users/jakob/OneDrive - Students RWTH Aachen University/Physik/9Physik/ws21/Masterthesis/autoeft/projection/form_files/general get_dimension.frm
2022-10-18 16:59:21,598 | autoeft.projection.prosmeftion.yProjection.indices | DEBUG    | The index flav1 will be deleted.
2022-10-18 16:59:21,600 | autoeft.projection.prosmeftion.yProjection.indices | DEBUG    | The index flav3 will be deleted.
2022-10-18 16:59:21,601 | autoeft.projection.prosmeftion.yProjection.indices | DEBUG    | The index flav1 will be rewritten with flav1.
2022-10-18 16:59:21,601 | autoeft.projection.prosmeftion.yProjection.indices | DEBUG    | The index flav3 will be rewritten with flav3.
2022-10-18 16:59:21,602 | autoeft.projection.prosmeftion.yProjection.indices | DEBUG    | The index flav3 will be deleted.
2022-10-18 16:59:21,602 | autoeft.projection.prosmeftion.yProjection.indices | DEBUG    | The index flav2 will be deleted.
2022-10-18 16:59:21,603 | autoeft.projection.prosmeftion.yProjection.indices | DEBUG    | The index flav3 will be rewritten with flav3.
2022-10-18 16:59:21,604 | autoeft.projection.prosmeftion.yProjection.indices | DEBUG    | The index flav2 will be rewritten with flav2.
2022-10-18 16:59:21,605 | autoeft.projection.prosmeftion.yProjection.indices | DEBUG    | The index gauge2 will be deleted.
2022-10-18 16:59:21,605 | autoeft.projection.prosmeftion.yProjection.indices | DEBUG    | The index gauge2a will be deleted.
2022-10-18 16:59:21,606 | autoeft.projection.prosmeftion.yProjection.indices | DEBUG    | The index gauge2 will be rewritten with gauge2.
2022-10-18 16:59:21,606 | autoeft.projection.prosmeftion.yProjection.indices | DEBUG    | The index gauge2a will be rewritten with gauge2a.
2022-10-18 16:59:21,606 | autoeft.projection.prosmeftion.yProjection.indices | DEBUG    | The index gauge1 will be deleted.
2022-10-18 16:59:21,607 | autoeft.projection.prosmeftion.yProjection.indices | DEBUG    | The index gauge1a will be deleted.
2022-10-18 16:59:21,607 | autoeft.projection.prosmeftion.yProjection.indices | DEBUG    | The index gauge1 will be rewritten with gauge1.
2022-10-18 16:59:21,608 | autoeft.projection.prosmeftion.yProjection.indices | DEBUG    | The index gauge1a will be rewritten with gauge1a.
2022-10-18 16:59:21,608 | autoeft.projection.prosmeftion.yProjection.indices | DEBUG    | The index colf1 will be deleted.
2022-10-18 16:59:21,609 | autoeft.projection.prosmeftion.yProjection.indices | DEBUG    | The index colf1a will be deleted.
2022-10-18 16:59:21,609 | autoeft.projection.prosmeftion.yProjection.indices | DEBUG    | The index colf1b will be deleted.
2022-10-18 16:59:21,610 | autoeft.projection.prosmeftion.yProjection.indices | DEBUG    | The index colf1 will be rewritten with colf1.
2022-10-18 16:59:21,610 | autoeft.projection.prosmeftion.yProjection.indices | DEBUG    | The index colf1a will be rewritten with colf1a.
2022-10-18 16:59:21,611 | autoeft.projection.prosmeftion.yProjection.indices | DEBUG    | The index colf1b will be rewritten with colf1b.
2022-10-18 16:59:21,611 | autoeft.projection.prosmeftion.yProjection.indices | DEBUG    | The index Uslspin22 will be deleted.
2022-10-18 16:59:21,612 | autoeft.projection.prosmeftion.yProjection.indices | DEBUG    | The index Uslgauge11 will be deleted.
2022-10-18 16:59:21,612 | autoeft.projection.prosmeftion.yProjection.indices | DEBUG    | The index Uslspin22 will be rewritten with Uslspin22.
2022-10-18 16:59:21,613 | autoeft.projection.prosmeftion.yProjection.indices | DEBUG    | The index Uslgauge11 will be rewritten with Uslgauge11.
2022-10-18 16:59:21,613 | autoeft.projection.prosmeftion.yProjection.indices | DEBUG    | The index Lsldotgauge11 will be deleted.
2022-10-18 16:59:21,614 | autoeft.projection.prosmeftion.yProjection.indices | DEBUG    | The index Lsldotspin111 will be deleted.
2022-10-18 16:59:21,615 | autoeft.projection.prosmeftion.yProjection.indices | DEBUG    | The index Lsldotgauge11 will be rewritten with Lsldotgauge11.
2022-10-18 16:59:21,615 | autoeft.projection.prosmeftion.yProjection.indices | DEBUG    | The index Lsldotspin111 will be rewritten with Lsldotspin111.
2022-10-18 16:59:21,617 | autoeft.projection.prosmeftion.yProjection.indices | DEBUG    | The index Lslspin22 will be rewritten with gauge2.
2022-10-18 16:59:21,617 | autoeft.projection.prosmeftion.yProjection.indices | DEBUG    | The index gauge2 will be rewritten with colf1.
2022-10-18 16:59:21,618 | autoeft.projection.prosmeftion.yProjection.indices | DEBUG    | The index colf1 will be rewritten with flav2.
2022-10-18 16:59:21,618 | autoeft.projection.prosmeftion.yProjection.indices | DEBUG    | The index flav2 will be rewritten with Lslspin22.
2022-10-18 16:59:21,619 | autoeft.projection.prosmeftion.yProjection.operator | DEBUG    | Expression changed from D(Lslgauge11,Usldotgauge11,H(gauge1)) to H(gauge1).
2022-10-18 16:59:21,622 | autoeft.projection.prosmeftion.yProjection.indices | DEBUG    | The index gauge1 will be rewritten with gauge1.
2022-10-18 16:59:21,624 | autoeft.projection.prosmeftion.yProjection.operator | DEBUG    | Expression changed from [H+](gauge2a) to D(Lslgauge11,Usldotgauge11,[H+](gauge2a)).
2022-10-18 16:59:21,625 | autoeft.projection.prosmeftion.yProjection.indices | DEBUG    | The index Lslgauge11 will be rewritten with gauge2a.
2022-10-18 16:59:21,626 | autoeft.projection.prosmeftion.yProjection.indices | DEBUG    | The index Usldotgauge11 will be rewritten with Lslgauge11.
2022-10-18 16:59:21,626 | autoeft.projection.prosmeftion.yProjection.indices | DEBUG    | The index gauge2a will be rewritten with Usldotgauge11.
2022-10-18 16:59:21,628 | autoeft.projection.prosmeftion.yProjection.indices | DEBUG    | The index Usldotspin111 will be rewritten with gauge1a.
2022-10-18 16:59:21,628 | autoeft.projection.prosmeftion.yProjection.indices | DEBUG    | The index gauge1a will be rewritten with colf1a.
2022-10-18 16:59:21,629 | autoeft.projection.prosmeftion.yProjection.indices | DEBUG    | The index colf1a will be rewritten with colf1b.
2022-10-18 16:59:21,629 | autoeft.projection.prosmeftion.yProjection.indices | DEBUG    | The index colf1b will be rewritten with flav1.
2022-10-18 16:59:21,630 | autoeft.projection.prosmeftion.yProjection.indices | DEBUG    | The index flav1 will be rewritten with Usldotspin111.
2022-10-18 16:59:21,635 | autoeft.projection.prosmeftion.yProjection.indices | DEBUG    | The index Uslspin22 will be deleted.
2022-10-18 16:59:21,636 | autoeft.projection.prosmeftion.yProjection.indices | DEBUG    | The index Uslgauge11 will be deleted.
2022-10-18 16:59:21,636 | autoeft.projection.prosmeftion.yProjection.indices | DEBUG    | The index Lsldotgauge11 will be deleted.
2022-10-18 16:59:21,638 | autoeft.projection.prosmeftion.yProjection.indices | DEBUG    | The index Lsldotspin111 will be deleted.
2022-10-18 16:59:21,639 | autoeft.projection.prosmeftion.yProjection.operators | DEBUG    | The operator(s) [sl2Ceps](Uslspin22,Uslgauge11)*[sl2Ceps](Lsldotgauge11,Lsldotspin111) will be deleted.
2022-10-18 16:59:21,639 | autoeft.projection.prosmeftion.yProjection.indices | DEBUG    | The index Uslspin22 will be deleted.
2022-10-18 16:59:21,640 | autoeft.projection.prosmeftion.yProjection.indices | DEBUG    | The index Uslgauge11 will be deleted.
2022-10-18 16:59:21,640 | autoeft.projection.prosmeftion.yProjection.indices | DEBUG    | The index flav1 will be deleted.
2022-10-18 16:59:21,641 | autoeft.projection.prosmeftion.yProjection.indices | DEBUG    | The index flav3 will be deleted.
2022-10-18 16:59:21,641 | autoeft.projection.prosmeftion.yProjection.indices | DEBUG    | The index Uslspin22 will be deleted.
2022-10-18 16:59:21,641 | autoeft.projection.prosmeftion.yProjection.indices | DEBUG    | The index Uslgauge11 will be deleted.
2022-10-18 16:59:21,642 | autoeft.projection.prosmeftion.yProjection.indices | DEBUG    | The index flav3 will be deleted.
2022-10-18 16:59:21,644 | autoeft.projection.prosmeftion.yProjection.indices | DEBUG    | The index flav2 will be deleted.
2022-10-18 16:59:21,644 | autoeft.projection.prosmeftion.yProjection.indices | DEBUG    | The index Uslspin22 will be deleted.
2022-10-18 16:59:21,645 | autoeft.projection.prosmeftion.yProjection.indices | DEBUG    | The index Uslgauge11 will be deleted.
2022-10-18 16:59:21,646 | autoeft.projection.prosmeftion.yProjection.indices | DEBUG    | The index gauge2 will be deleted.
2022-10-18 16:59:21,652 | autoeft.projection.prosmeftion.yProjection.indices | DEBUG    | The index gauge2a will be deleted.
2022-10-18 16:59:21,653 | autoeft.projection.prosmeftion.yProjection.indices | DEBUG    | The index Uslspin22 will be deleted.
2022-10-18 16:59:21,655 | autoeft.projection.prosmeftion.yProjection.indices | DEBUG    | The index Uslgauge11 will be deleted.
2022-10-18 16:59:21,655 | autoeft.projection.prosmeftion.yProjection.indices | DEBUG    | The index gauge1 will be deleted.
2022-10-18 16:59:21,656 | autoeft.projection.prosmeftion.yProjection.indices | DEBUG    | The index gauge1a will be deleted.
2022-10-18 16:59:21,656 | autoeft.projection.prosmeftion.yProjection.indices | DEBUG    | The index Uslspin22 will be deleted.
2022-10-18 16:59:21,657 | autoeft.projection.prosmeftion.yProjection.indices | DEBUG    | The index Uslgauge11 will be deleted.
2022-10-18 16:59:21,657 | autoeft.projection.prosmeftion.yProjection.indices | DEBUG    | The index colf1 will be deleted.
2022-10-18 16:59:21,657 | autoeft.projection.prosmeftion.yProjection.indices | DEBUG    | The index colf1a will be deleted.
2022-10-18 16:59:21,658 | autoeft.projection.prosmeftion.yProjection.indices | DEBUG    | The index colf1b will be deleted.
2022-10-18 16:59:21,658 | autoeft.projection.prosmeftion.yProjection.indices | DEBUG    | The index Uslspin22 will be deleted.
2022-10-18 16:59:21,659 | autoeft.projection.prosmeftion.yProjection.indices | DEBUG    | The index Uslgauge11 will be deleted.
2022-10-18 16:59:21,659 | autoeft.projection.prosmeftion.yProjection.indices | DEBUG    | The index Uslspin22 will be deleted.
2022-10-18 16:59:21,660 | autoeft.projection.prosmeftion.yProjection.indices | DEBUG    | The index Uslgauge11 will be deleted.
2022-10-18 16:59:21,660 | autoeft.projection.prosmeftion.yProjection.indices | DEBUG    | The index Lsldotgauge11 will be deleted.
2022-10-18 16:59:21,661 | autoeft.projection.prosmeftion.yProjection.indices | DEBUG    | The index Lsldotspin111 will be deleted.
2022-10-18 16:59:21,661 | autoeft.projection.prosmeftion.yProjection.indices | DEBUG    | The index flav1 will be deleted.
2022-10-18 16:59:21,661 | autoeft.projection.prosmeftion.yProjection.indices | DEBUG    | The index flav3 will be deleted.
2022-10-18 16:59:21,662 | autoeft.projection.prosmeftion.yProjection.indices | DEBUG    | The index Lsldotgauge11 will be deleted.
2022-10-18 16:59:21,662 | autoeft.projection.prosmeftion.yProjection.indices | DEBUG    | The index Lsldotspin111 will be deleted.
2022-10-18 16:59:21,663 | autoeft.projection.prosmeftion.yProjection.indices | DEBUG    | The index flav3 will be deleted.
2022-10-18 16:59:21,663 | autoeft.projection.prosmeftion.yProjection.indices | DEBUG    | The index flav2 will be deleted.
2022-10-18 16:59:21,665 | autoeft.projection.prosmeftion.yProjection.indices | DEBUG    | The index Lsldotgauge11 will be deleted.
2022-10-18 16:59:21,665 | autoeft.projection.prosmeftion.yProjection.indices | DEBUG    | The index Lsldotspin111 will be deleted.
2022-10-18 16:59:21,666 | autoeft.projection.prosmeftion.yProjection.indices | DEBUG    | The index gauge2 will be deleted.
2022-10-18 16:59:21,666 | autoeft.projection.prosmeftion.yProjection.indices | DEBUG    | The index gauge2a will be deleted.
2022-10-18 16:59:21,666 | autoeft.projection.prosmeftion.yProjection.indices | DEBUG    | The index Lsldotgauge11 will be deleted.
2022-10-18 16:59:21,667 | autoeft.projection.prosmeftion.yProjection.indices | DEBUG    | The index Lsldotspin111 will be deleted.
2022-10-18 16:59:21,667 | autoeft.projection.prosmeftion.yProjection.indices | DEBUG    | The index gauge1 will be deleted.
2022-10-18 16:59:21,667 | autoeft.projection.prosmeftion.yProjection.indices | DEBUG    | The index gauge1a will be deleted.
2022-10-18 16:59:21,668 | autoeft.projection.prosmeftion.yProjection.indices | DEBUG    | The index Lsldotgauge11 will be deleted.
2022-10-18 16:59:21,668 | autoeft.projection.prosmeftion.yProjection.indices | DEBUG    | The index Lsldotspin111 will be deleted.
2022-10-18 16:59:21,669 | autoeft.projection.prosmeftion.yProjection.indices | DEBUG    | The index colf1 will be deleted.
2022-10-18 16:59:21,669 | autoeft.projection.prosmeftion.yProjection.indices | DEBUG    | The index colf1a will be deleted.
2022-10-18 16:59:21,669 | autoeft.projection.prosmeftion.yProjection.indices | DEBUG    | The index colf1b will be deleted.
2022-10-18 16:59:21,671 | autoeft.projection.prosmeftion.yProjection.indices | DEBUG    | The index Lsldotgauge11 will be deleted.
2022-10-18 16:59:21,671 | autoeft.projection.prosmeftion.yProjection.indices | DEBUG    | The index Lsldotspin111 will be deleted.
2022-10-18 16:59:21,672 | autoeft.projection.prosmeftion.yProjection.indices | DEBUG    | The index Lsldotgauge11 will be deleted.
2022-10-18 16:59:21,672 | autoeft.projection.prosmeftion.yProjection.indices | DEBUG    | The index Lsldotspin111 will be deleted.
2022-10-18 16:59:21,673 | autoeft.projection.prosmeftion.yProjection.indices | DEBUG    | The index Uslspin22 will be deleted.
2022-10-18 16:59:21,673 | autoeft.projection.prosmeftion.yProjection.indices | DEBUG    | The index Uslgauge11 will be deleted.
2022-10-18 16:59:21,674 | autoeft.projection.prosmeftion.yProjection.operators | DEBUG    | The operator(s) [sl2Ceps](Uslspin22,Uslgauge11) will be appended.
2022-10-18 16:59:21,674 | autoeft.projection.prosmeftion.yProjection.indices | DEBUG    | The index Lsldotgauge11 will be deleted.
2022-10-18 16:59:21,675 | autoeft.projection.prosmeftion.yProjection.indices | DEBUG    | The index Lsldotspin111 will be deleted.
2022-10-18 16:59:21,675 | autoeft.projection.prosmeftion.yProjection.operators | DEBUG    | The operator(s) [sl2Ceps](Lsldotgauge11,Lsldotspin111) will be appended.
2022-10-18 16:59:21,675 | autoeft.projection.prosmeftion.yProjection.indices | DEBUG    | The index Lslspin22 will be deleted.
2022-10-18 16:59:21,676 | autoeft.projection.prosmeftion.yProjection.indices | DEBUG    | The index Lslgauge11 will be deleted.
2022-10-18 16:59:21,676 | autoeft.projection.prosmeftion.yProjection.indices | DEBUG    | The index Usldotgauge11 will be deleted.
2022-10-18 16:59:21,677 | autoeft.projection.prosmeftion.yProjection.indices | DEBUG    | The index Usldotspin111 will be deleted.
2022-10-18 16:59:21,677 | autoeft.projection.prosmeftion.yProjection.indices | DEBUG    | The index Lslspin22 will be appended.
2022-10-18 16:59:21,678 | autoeft.projection.prosmeftion.yProjection.indices | DEBUG    | The index Lslgauge11 will be appended.
2022-10-18 16:59:21,678 | autoeft.projection.prosmeftion.yProjection.indices | DEBUG    | The index Usldotgauge11 will be appended.
2022-10-18 16:59:21,678 | autoeft.projection.prosmeftion.yProjection.indices | DEBUG    | The index Usldotspin111 will be appended.
2022-10-18 16:59:21,679 | autoeft.projection.prosmeftion.yProjection.indices | DEBUG    | The index flav1 will be deleted.
2022-10-18 16:59:21,680 | autoeft.projection.prosmeftion.yProjection.indices | DEBUG    | The index flav3 will be deleted.
2022-10-18 16:59:21,680 | autoeft.projection.prosmeftion.yProjection.indices | DEBUG    | The index flav3 will be deleted.
2022-10-18 16:59:21,681 | autoeft.projection.prosmeftion.yProjection.indices | DEBUG    | The index flav2 will be deleted.
2022-10-18 16:59:21,681 | autoeft.projection.prosmeftion.yProjection.indices | DEBUG    | The index gauge2 will be deleted.
2022-10-18 16:59:21,681 | autoeft.projection.prosmeftion.yProjection.indices | DEBUG    | The index gauge2a will be deleted.
2022-10-18 16:59:21,682 | autoeft.projection.prosmeftion.yProjection.indices | DEBUG    | The index gauge1 will be deleted.
2022-10-18 16:59:21,682 | autoeft.projection.prosmeftion.yProjection.indices | DEBUG    | The index gauge1a will be deleted.
2022-10-18 16:59:21,682 | autoeft.projection.prosmeftion.yProjection.indices | DEBUG    | The index colf1 will be deleted.
2022-10-18 16:59:21,683 | autoeft.projection.prosmeftion.yProjection.indices | DEBUG    | The index colf1a will be deleted.
2022-10-18 16:59:21,683 | autoeft.projection.prosmeftion.yProjection.indices | DEBUG    | The index colf1b will be deleted.
2022-10-18 16:59:21,683 | autoeft.projection.prosmeftion.yProjection.indices | DEBUG    | The index Uslspin22 will be deleted.
2022-10-18 16:59:21,684 | autoeft.projection.prosmeftion.yProjection.indices | DEBUG    | The index Uslgauge11 will be deleted.
2022-10-18 16:59:21,684 | autoeft.projection.prosmeftion.yProjection.indices | DEBUG    | The index Lsldotgauge11 will be deleted.
2022-10-18 16:59:21,684 | autoeft.projection.prosmeftion.yProjection.indices | DEBUG    | The index Lsldotspin111 will be deleted.
2022-10-18 16:59:21,685 | autoeft.projection.prosmeftion.lor_projection | INFO     | ((((1/2)*(+Ms^-2*(+1)))*(1))*(1))*yd(flav1,flav3)*[yd+](flav3,flav2)*[su2eps](gauge2,gauge2a)*[su2eps](gauge1,gauge1a)*[su3eps](colf1,colf1a,colf1b)*[sl2Ceps](Uslspin22,Uslgauge11)*[sl2Ceps](Lsldotgauge11,Lsldotspin111)*Q(Lslspin22,gauge2,colf1,flav2)*H(gauge1)*D(Lslgauge11,Usldotgauge11,[H+](gauge2a))*[Q+](Usldotspin111,gauge1a,colf1a,colf1b,flav1)
2022-10-18 16:59:21,731 | autoeft.projection.prosmeftion | DEBUG    | form -p /mnt/c/Users/jakob/OneDrive - Students RWTH Aachen University/Physik/9Physik/ws21/Masterthesis/autoeft/projection/form_files/general get_dimension.frm
2022-10-18 16:59:21,799 | autoeft.projection.prosmeftion | DEBUG    | form -p /mnt/c/Users/jakob/OneDrive - Students RWTH Aachen University/Physik/9Physik/ws21/Masterthesis/autoeft/projection/form_files/general get_dimension.frm
2022-10-18 16:59:21,869 | autoeft.projection.prosmeftion | DEBUG    | form -p /mnt/c/Users/jakob/OneDrive - Students RWTH Aachen University/Physik/9Physik/ws21/Masterthesis/autoeft/projection/form_files/general get_dimension.frm
2022-10-18 16:59:21,888 | autoeft.projection.prosmeftion.yProjection.tableau | DEBUG    | Indices of tableau changed in columns to:
---------
|1-False|
---------
|2-False|
---------

with sign: -1.
2022-10-18 16:59:21,892 | autoeft.projection.prosmeftion.yProjection.tableau | DEBUG    | Indices of tableau changed in columns to:
---------
|1-False|
---------
|2-False|
---------

with sign: -1.
2022-10-18 16:59:21,900 | autoeft.projection.prosmeftion.sun_projection | INFO     | Sort fields by type, indicated by a tuple filled with integers. They specify the number of fields in the single summand in the following order: BL WL L Q dC eC uC H H+ L+ Q+ dC+ eC+ uC+ BL+ WL+
2022-10-18 16:59:21,902 | autoeft.projection.prosmeftion.yProjection.indices | DEBUG    | The index flav2 will be deleted.
2022-10-18 16:59:21,903 | autoeft.projection.prosmeftion.yProjection.indices | DEBUG    | The index flav5 will be deleted.
2022-10-18 16:59:21,905 | autoeft.projection.prosmeftion.yProjection.indices | DEBUG    | The index flav1 will be deleted.
2022-10-18 16:59:21,906 | autoeft.projection.prosmeftion.yProjection.indices | DEBUG    | The index flav3 will be deleted.
2022-10-18 16:59:21,906 | autoeft.projection.prosmeftion.yProjection.indices | DEBUG    | The index flav3 will be deleted.
2022-10-18 16:59:21,907 | autoeft.projection.prosmeftion.yProjection.indices | DEBUG    | The index flav2 will be deleted.
2022-10-18 16:59:21,907 | autoeft.projection.prosmeftion.yProjection.indices | DEBUG    | The index gauge1 will be deleted.
2022-10-18 16:59:21,908 | autoeft.projection.prosmeftion.yProjection.indices | DEBUG    | The index gauge1a will be deleted.
2022-10-18 16:59:21,909 | autoeft.projection.prosmeftion.yProjection.indices | DEBUG    | The index gauge2 will be deleted.
2022-10-18 16:59:21,909 | autoeft.projection.prosmeftion.yProjection.indices | DEBUG    | The index gauge2a will be deleted.
2022-10-18 16:59:21,909 | autoeft.projection.prosmeftion.yProjection.indices | DEBUG    | The index colf1 will be deleted.
2022-10-18 16:59:21,910 | autoeft.projection.prosmeftion.yProjection.indices | DEBUG    | The index colf1a will be deleted.
2022-10-18 16:59:21,910 | autoeft.projection.prosmeftion.yProjection.indices | DEBUG    | The index colf1b will be deleted.
2022-10-18 16:59:21,910 | autoeft.projection.prosmeftion.yProjection.indices | DEBUG    | The index Lsldotgauge11 will be deleted.
2022-10-18 16:59:21,911 | autoeft.projection.prosmeftion.yProjection.indices | DEBUG    | The index Lsldotspin111 will be deleted.
2022-10-18 16:59:21,912 | autoeft.projection.prosmeftion.yProjection.indices | DEBUG    | The index flav1 will be deleted.
2022-10-18 16:59:21,912 | autoeft.projection.prosmeftion.yProjection.indices | DEBUG    | The index flav3 will be deleted.
2022-10-18 16:59:21,913 | autoeft.projection.prosmeftion.yProjection.indices | DEBUG    | The index flav2 will be deleted.
2022-10-18 16:59:21,913 | autoeft.projection.prosmeftion.yProjection.indices | DEBUG    | The index flav5 will be deleted.
2022-10-18 16:59:21,913 | autoeft.projection.prosmeftion.yProjection.indices | DEBUG    | The index flav3 will be deleted.
2022-10-18 16:59:21,914 | autoeft.projection.prosmeftion.yProjection.indices | DEBUG    | The index flav2 will be deleted.
2022-10-18 16:59:21,914 | autoeft.projection.prosmeftion.yProjection.indices | DEBUG    | The index gauge1 will be deleted.
2022-10-18 16:59:21,914 | autoeft.projection.prosmeftion.yProjection.indices | DEBUG    | The index gauge1a will be deleted.
2022-10-18 16:59:21,915 | autoeft.projection.prosmeftion.yProjection.indices | DEBUG    | The index gauge2 will be deleted.
2022-10-18 16:59:21,915 | autoeft.projection.prosmeftion.yProjection.indices | DEBUG    | The index gauge2a will be deleted.
2022-10-18 16:59:21,915 | autoeft.projection.prosmeftion.yProjection.indices | DEBUG    | The index colf1 will be deleted.
2022-10-18 16:59:21,916 | autoeft.projection.prosmeftion.yProjection.indices | DEBUG    | The index colf1a will be deleted.
2022-10-18 16:59:21,916 | autoeft.projection.prosmeftion.yProjection.indices | DEBUG    | The index colf1b will be deleted.
2022-10-18 16:59:21,917 | autoeft.projection.prosmeftion.yProjection.indices | DEBUG    | The index Lsldotgauge11 will be deleted.
2022-10-18 16:59:21,917 | autoeft.projection.prosmeftion.yProjection.indices | DEBUG    | The index Lsldotspin111 will be deleted.
2022-10-18 16:59:21,919 | autoeft.projection.prosmeftion.yProjection.indices | DEBUG    | The index flav1 will be deleted.
2022-10-18 16:59:21,921 | autoeft.projection.prosmeftion.yProjection.indices | DEBUG    | The index flav3 will be deleted.
2022-10-18 16:59:21,922 | autoeft.projection.prosmeftion.yProjection.indices | DEBUG    | The index flav3 will be deleted.
2022-10-18 16:59:21,922 | autoeft.projection.prosmeftion.yProjection.indices | DEBUG    | The index flav2 will be deleted.
2022-10-18 16:59:21,923 | autoeft.projection.prosmeftion.yProjection.indices | DEBUG    | The index gauge2 will be deleted.
2022-10-18 16:59:21,923 | autoeft.projection.prosmeftion.yProjection.indices | DEBUG    | The index gauge2a will be deleted.
2022-10-18 16:59:21,924 | autoeft.projection.prosmeftion.yProjection.indices | DEBUG    | The index gauge1 will be deleted.
2022-10-18 16:59:21,925 | autoeft.projection.prosmeftion.yProjection.indices | DEBUG    | The index gauge1a will be deleted.
2022-10-18 16:59:21,926 | autoeft.projection.prosmeftion.yProjection.indices | DEBUG    | The index colf1 will be deleted.
2022-10-18 16:59:21,926 | autoeft.projection.prosmeftion.yProjection.indices | DEBUG    | The index colf1a will be deleted.
2022-10-18 16:59:21,926 | autoeft.projection.prosmeftion.yProjection.indices | DEBUG    | The index colf1b will be deleted.
2022-10-18 16:59:21,927 | autoeft.projection.prosmeftion.yProjection.indices | DEBUG    | The index Uslspin22 will be deleted.
2022-10-18 16:59:21,927 | autoeft.projection.prosmeftion.yProjection.indices | DEBUG    | The index Uslgauge11 will be deleted.
2022-10-18 16:59:21,928 | autoeft.projection.prosmeftion.yProjection.indices | DEBUG    | The index Lsldotgauge11 will be deleted.
2022-10-18 16:59:21,928 | autoeft.projection.prosmeftion.yProjection.indices | DEBUG    | The index Lsldotspin111 will be deleted.
2022-10-18 16:59:21,932 | autoeft.projection.prosmeftion.yProjection.indices | DEBUG    | The index flav5 will be deleted.
2022-10-18 16:59:21,932 | autoeft.projection.prosmeftion.yProjection.indices | DEBUG    | The index flav1 will be deleted.
2022-10-18 16:59:21,933 | autoeft.projection.prosmeftion.yProjection.indices | DEBUG    | The index flav1 will be deleted.
2022-10-18 16:59:21,933 | autoeft.projection.prosmeftion.yProjection.indices | DEBUG    | The index flav3 will be deleted.
2022-10-18 16:59:21,934 | autoeft.projection.prosmeftion.yProjection.indices | DEBUG    | The index flav3 will be deleted.
2022-10-18 16:59:21,935 | autoeft.projection.prosmeftion.yProjection.indices | DEBUG    | The index flav2 will be deleted.
2022-10-18 16:59:21,935 | autoeft.projection.prosmeftion.yProjection.indices | DEBUG    | The index gauge2 will be deleted.
2022-10-18 16:59:21,936 | autoeft.projection.prosmeftion.yProjection.indices | DEBUG    | The index gauge2a will be deleted.
2022-10-18 16:59:21,936 | autoeft.projection.prosmeftion.yProjection.indices | DEBUG    | The index gauge1 will be deleted.
2022-10-18 16:59:21,937 | autoeft.projection.prosmeftion.yProjection.indices | DEBUG    | The index gauge1a will be deleted.
2022-10-18 16:59:21,938 | autoeft.projection.prosmeftion.yProjection.indices | DEBUG    | The index colf1 will be deleted.
2022-10-18 16:59:21,938 | autoeft.projection.prosmeftion.yProjection.indices | DEBUG    | The index colf1a will be deleted.
2022-10-18 16:59:21,939 | autoeft.projection.prosmeftion.yProjection.indices | DEBUG    | The index colf1b will be deleted.
2022-10-18 16:59:21,940 | autoeft.projection.prosmeftion.yProjection.indices | DEBUG    | The index Uslgauge11 will be deleted.
2022-10-18 16:59:21,940 | autoeft.projection.prosmeftion.yProjection.indices | DEBUG    | The index Uslspin22 will be deleted.
2022-10-18 16:59:21,942 | autoeft.projection.prosmeftion.yProjection.indices | DEBUG    | The index flav1 will be deleted.
2022-10-18 16:59:21,942 | autoeft.projection.prosmeftion.yProjection.indices | DEBUG    | The index flav3 will be deleted.
2022-10-18 16:59:21,943 | autoeft.projection.prosmeftion.yProjection.indices | DEBUG    | The index flav5 will be deleted.
2022-10-18 16:59:21,943 | autoeft.projection.prosmeftion.yProjection.indices | DEBUG    | The index flav1 will be deleted.
2022-10-18 16:59:21,944 | autoeft.projection.prosmeftion.yProjection.indices | DEBUG    | The index flav3 will be deleted.
2022-10-18 16:59:21,944 | autoeft.projection.prosmeftion.yProjection.indices | DEBUG    | The index flav2 will be deleted.
2022-10-18 16:59:21,945 | autoeft.projection.prosmeftion.yProjection.indices | DEBUG    | The index gauge2 will be deleted.
2022-10-18 16:59:21,945 | autoeft.projection.prosmeftion.yProjection.indices | DEBUG    | The index gauge2a will be deleted.
2022-10-18 16:59:21,946 | autoeft.projection.prosmeftion.yProjection.indices | DEBUG    | The index gauge1 will be deleted.
2022-10-18 16:59:21,947 | autoeft.projection.prosmeftion.yProjection.indices | DEBUG    | The index gauge1a will be deleted.
2022-10-18 16:59:21,948 | autoeft.projection.prosmeftion.yProjection.indices | DEBUG    | The index colf1 will be deleted.
2022-10-18 16:59:21,948 | autoeft.projection.prosmeftion.yProjection.indices | DEBUG    | The index colf1a will be deleted.
2022-10-18 16:59:21,949 | autoeft.projection.prosmeftion.yProjection.indices | DEBUG    | The index colf1b will be deleted.
2022-10-18 16:59:21,950 | autoeft.projection.prosmeftion.yProjection.indices | DEBUG    | The index Uslgauge11 will be deleted.
2022-10-18 16:59:21,950 | autoeft.projection.prosmeftion.yProjection.indices | DEBUG    | The index Uslspin22 will be deleted.
2022-10-18 16:59:22,012 | autoeft.projection.prosmeftion | DEBUG    | form -p /mnt/c/Users/jakob/OneDrive - Students RWTH Aachen University/Physik/9Physik/ws21/Masterthesis/autoeft/projection/form_files/general get_dimension.frm
2022-10-18 16:59:22,084 | autoeft.projection.prosmeftion | DEBUG    | form -p /mnt/c/Users/jakob/OneDrive - Students RWTH Aachen University/Physik/9Physik/ws21/Masterthesis/autoeft/projection/form_files/general get_dimension.frm
2022-10-18 16:59:22,171 | autoeft.projection.prosmeftion | DEBUG    | form -p /mnt/c/Users/jakob/OneDrive - Students RWTH Aachen University/Physik/9Physik/ws21/Masterthesis/autoeft/projection/form_files/general get_dimension.frm
2022-10-18 16:59:22,229 | autoeft.projection.prosmeftion | DEBUG    | form -p /mnt/c/Users/jakob/OneDrive - Students RWTH Aachen University/Physik/9Physik/ws21/Masterthesis/autoeft/projection/form_files/general get_dimension.frm
2022-10-18 16:59:22,301 | autoeft.projection.prosmeftion | DEBUG    | form -p /mnt/c/Users/jakob/OneDrive - Students RWTH Aachen University/Physik/9Physik/ws21/Masterthesis/autoeft/projection/form_files/general get_dimension.frm
2022-10-18 16:59:22,312 | autoeft.projection.prosmeftion.sun_projection | INFO     | Sort fields by type, indicated by a tuple filled with integers. They specify the number of fields in the single summand in the following order: BL WL L Q dC eC uC H H+ L+ Q+ dC+ eC+ uC+ BL+ WL+
2022-10-18 16:59:22,314 | autoeft.projection.prosmeftion.yProjection.indices | DEBUG    | The index flav2 will be deleted.
2022-10-18 16:59:22,315 | autoeft.projection.prosmeftion.yProjection.indices | DEBUG    | The index flav5 will be deleted.
2022-10-18 16:59:22,315 | autoeft.projection.prosmeftion.yProjection.indices | DEBUG    | The index flav1 will be deleted.
2022-10-18 16:59:22,316 | autoeft.projection.prosmeftion.yProjection.indices | DEBUG    | The index flav3 will be deleted.
2022-10-18 16:59:22,316 | autoeft.projection.prosmeftion.yProjection.indices | DEBUG    | The index flav3 will be deleted.
2022-10-18 16:59:22,317 | autoeft.projection.prosmeftion.yProjection.indices | DEBUG    | The index flav2 will be deleted.
2022-10-18 16:59:22,317 | autoeft.projection.prosmeftion.yProjection.indices | DEBUG    | The index gauge1 will be deleted.
2022-10-18 16:59:22,317 | autoeft.projection.prosmeftion.yProjection.indices | DEBUG    | The index gauge1a will be deleted.
2022-10-18 16:59:22,318 | autoeft.projection.prosmeftion.yProjection.indices | DEBUG    | The index gauge2 will be deleted.
2022-10-18 16:59:22,318 | autoeft.projection.prosmeftion.yProjection.indices | DEBUG    | The index gauge2a will be deleted.
2022-10-18 16:59:22,318 | autoeft.projection.prosmeftion.yProjection.indices | DEBUG    | The index colf1 will be deleted.
2022-10-18 16:59:22,319 | autoeft.projection.prosmeftion.yProjection.indices | DEBUG    | The index colf1a will be deleted.
2022-10-18 16:59:22,319 | autoeft.projection.prosmeftion.yProjection.indices | DEBUG    | The index colf1b will be deleted.
2022-10-18 16:59:22,319 | autoeft.projection.prosmeftion.yProjection.indices | DEBUG    | The index Lsldotgauge11 will be deleted.
2022-10-18 16:59:22,320 | autoeft.projection.prosmeftion.yProjection.indices | DEBUG    | The index Lsldotspin111 will be deleted.
2022-10-18 16:59:22,322 | autoeft.projection.prosmeftion.yProjection.indices | DEBUG    | The index flav1 will be deleted.
2022-10-18 16:59:22,322 | autoeft.projection.prosmeftion.yProjection.indices | DEBUG    | The index flav3 will be deleted.
2022-10-18 16:59:22,323 | autoeft.projection.prosmeftion.yProjection.indices | DEBUG    | The index flav2 will be deleted.
2022-10-18 16:59:22,323 | autoeft.projection.prosmeftion.yProjection.indices | DEBUG    | The index flav5 will be deleted.
2022-10-18 16:59:22,323 | autoeft.projection.prosmeftion.yProjection.indices | DEBUG    | The index flav3 will be deleted.
2022-10-18 16:59:22,324 | autoeft.projection.prosmeftion.yProjection.indices | DEBUG    | The index flav2 will be deleted.
2022-10-18 16:59:22,324 | autoeft.projection.prosmeftion.yProjection.indices | DEBUG    | The index gauge1 will be deleted.
2022-10-18 16:59:22,324 | autoeft.projection.prosmeftion.yProjection.indices | DEBUG    | The index gauge1a will be deleted.
2022-10-18 16:59:22,325 | autoeft.projection.prosmeftion.yProjection.indices | DEBUG    | The index gauge2 will be deleted.
2022-10-18 16:59:22,325 | autoeft.projection.prosmeftion.yProjection.indices | DEBUG    | The index gauge2a will be deleted.
2022-10-18 16:59:22,325 | autoeft.projection.prosmeftion.yProjection.indices | DEBUG    | The index colf1 will be deleted.
2022-10-18 16:59:22,326 | autoeft.projection.prosmeftion.yProjection.indices | DEBUG    | The index colf1a will be deleted.
2022-10-18 16:59:22,326 | autoeft.projection.prosmeftion.yProjection.indices | DEBUG    | The index colf1b will be deleted.
2022-10-18 16:59:22,326 | autoeft.projection.prosmeftion.yProjection.indices | DEBUG    | The index Lsldotgauge11 will be deleted.
2022-10-18 16:59:22,327 | autoeft.projection.prosmeftion.yProjection.indices | DEBUG    | The index Lsldotspin111 will be deleted.
2022-10-18 16:59:22,329 | autoeft.projection.prosmeftion.yProjection.indices | DEBUG    | The index flav1 will be deleted.
2022-10-18 16:59:22,329 | autoeft.projection.prosmeftion.yProjection.indices | DEBUG    | The index flav3 will be deleted.
2022-10-18 16:59:22,329 | autoeft.projection.prosmeftion.yProjection.indices | DEBUG    | The index flav3 will be deleted.
2022-10-18 16:59:22,330 | autoeft.projection.prosmeftion.yProjection.indices | DEBUG    | The index flav2 will be deleted.
2022-10-18 16:59:22,330 | autoeft.projection.prosmeftion.yProjection.indices | DEBUG    | The index gauge2 will be deleted.
2022-10-18 16:59:22,331 | autoeft.projection.prosmeftion.yProjection.indices | DEBUG    | The index gauge2a will be deleted.
2022-10-18 16:59:22,331 | autoeft.projection.prosmeftion.yProjection.indices | DEBUG    | The index gauge1 will be deleted.
2022-10-18 16:59:22,332 | autoeft.projection.prosmeftion.yProjection.indices | DEBUG    | The index gauge1a will be deleted.
2022-10-18 16:59:22,332 | autoeft.projection.prosmeftion.yProjection.indices | DEBUG    | The index colf1 will be deleted.
2022-10-18 16:59:22,332 | autoeft.projection.prosmeftion.yProjection.indices | DEBUG    | The index colf1a will be deleted.
2022-10-18 16:59:22,333 | autoeft.projection.prosmeftion.yProjection.indices | DEBUG    | The index colf1b will be deleted.
2022-10-18 16:59:22,333 | autoeft.projection.prosmeftion.yProjection.indices | DEBUG    | The index Uslspin22 will be deleted.
2022-10-18 16:59:22,334 | autoeft.projection.prosmeftion.yProjection.indices | DEBUG    | The index Uslgauge11 will be deleted.
2022-10-18 16:59:22,334 | autoeft.projection.prosmeftion.yProjection.indices | DEBUG    | The index Lsldotgauge11 will be deleted.
2022-10-18 16:59:22,334 | autoeft.projection.prosmeftion.yProjection.indices | DEBUG    | The index Lsldotspin111 will be deleted.
2022-10-18 16:59:22,336 | autoeft.projection.prosmeftion.yProjection.indices | DEBUG    | The index flav5 will be deleted.
2022-10-18 16:59:22,336 | autoeft.projection.prosmeftion.yProjection.indices | DEBUG    | The index flav1 will be deleted.
2022-10-18 16:59:22,337 | autoeft.projection.prosmeftion.yProjection.indices | DEBUG    | The index flav1 will be deleted.
2022-10-18 16:59:22,337 | autoeft.projection.prosmeftion.yProjection.indices | DEBUG    | The index flav3 will be deleted.
2022-10-18 16:59:22,338 | autoeft.projection.prosmeftion.yProjection.indices | DEBUG    | The index flav3 will be deleted.
2022-10-18 16:59:22,338 | autoeft.projection.prosmeftion.yProjection.indices | DEBUG    | The index flav2 will be deleted.
2022-10-18 16:59:22,339 | autoeft.projection.prosmeftion.yProjection.indices | DEBUG    | The index gauge2 will be deleted.
2022-10-18 16:59:22,339 | autoeft.projection.prosmeftion.yProjection.indices | DEBUG    | The index gauge2a will be deleted.
2022-10-18 16:59:22,340 | autoeft.projection.prosmeftion.yProjection.indices | DEBUG    | The index gauge1 will be deleted.
2022-10-18 16:59:22,340 | autoeft.projection.prosmeftion.yProjection.indices | DEBUG    | The index gauge1a will be deleted.
2022-10-18 16:59:22,341 | autoeft.projection.prosmeftion.yProjection.indices | DEBUG    | The index colf1 will be deleted.
2022-10-18 16:59:22,341 | autoeft.projection.prosmeftion.yProjection.indices | DEBUG    | The index colf1a will be deleted.
2022-10-18 16:59:22,342 | autoeft.projection.prosmeftion.yProjection.indices | DEBUG    | The index colf1b will be deleted.
2022-10-18 16:59:22,343 | autoeft.projection.prosmeftion.yProjection.indices | DEBUG    | The index Uslgauge11 will be deleted.
2022-10-18 16:59:22,343 | autoeft.projection.prosmeftion.yProjection.indices | DEBUG    | The index Uslspin22 will be deleted.
2022-10-18 16:59:22,345 | autoeft.projection.prosmeftion.yProjection.indices | DEBUG    | The index flav1 will be deleted.
2022-10-18 16:59:22,346 | autoeft.projection.prosmeftion.yProjection.indices | DEBUG    | The index flav3 will be deleted.
2022-10-18 16:59:22,347 | autoeft.projection.prosmeftion.yProjection.indices | DEBUG    | The index flav5 will be deleted.
2022-10-18 16:59:22,348 | autoeft.projection.prosmeftion.yProjection.indices | DEBUG    | The index flav1 will be deleted.
2022-10-18 16:59:22,349 | autoeft.projection.prosmeftion.yProjection.indices | DEBUG    | The index flav3 will be deleted.
2022-10-18 16:59:22,349 | autoeft.projection.prosmeftion.yProjection.indices | DEBUG    | The index flav2 will be deleted.
2022-10-18 16:59:22,350 | autoeft.projection.prosmeftion.yProjection.indices | DEBUG    | The index gauge2 will be deleted.
2022-10-18 16:59:22,350 | autoeft.projection.prosmeftion.yProjection.indices | DEBUG    | The index gauge2a will be deleted.
2022-10-18 16:59:22,350 | autoeft.projection.prosmeftion.yProjection.indices | DEBUG    | The index gauge1 will be deleted.
2022-10-18 16:59:22,351 | autoeft.projection.prosmeftion.yProjection.indices | DEBUG    | The index gauge1a will be deleted.
2022-10-18 16:59:22,351 | autoeft.projection.prosmeftion.yProjection.indices | DEBUG    | The index colf1 will be deleted.
2022-10-18 16:59:22,351 | autoeft.projection.prosmeftion.yProjection.indices | DEBUG    | The index colf1a will be deleted.
2022-10-18 16:59:22,352 | autoeft.projection.prosmeftion.yProjection.indices | DEBUG    | The index colf1b will be deleted.
2022-10-18 16:59:22,352 | autoeft.projection.prosmeftion.yProjection.indices | DEBUG    | The index Uslgauge11 will be deleted.
2022-10-18 16:59:22,353 | autoeft.projection.prosmeftion.yProjection.indices | DEBUG    | The index Uslspin22 will be deleted.
2022-10-18 16:59:22,355 | autoeft.projection.prosmeftion.sun_projection | INFO     | H0H+0H+0Q+0uC+0 of type H0H+0H+0Q+0uC+0 is not combined
2022-10-18 16:59:22,356 | autoeft.projection.prosmeftion.sun_projection | INFO     | H0H0H+0Q+0dC+0 of type H0H0H+0Q+0dC+0 is not combined
2022-10-18 16:59:22,358 | autoeft.projection.prosmeftion.sun_projection | INFO     | Q0H0H+1Q+0 of type Q0H0H+1Q+0 is not combined
2022-10-18 16:59:22,360 | autoeft.projection.prosmeftion.sun_projection | INFO     | Q0uC0H0H0H+0 of type Q0uC0H0H0H+0 is not combined
2022-10-18 16:59:22,363 | autoeft.projection.prosmeftion.sun_projection | INFO     | Q0dC0H0H+0H+0 of type Q0dC0H0H+0H+0 is not combined
2022-10-18 16:59:22,364 | autoeft.projection.prosmeftion.sun_projection | INFO     | Sort fields by type, indicated by a tuple filled with integers. They specify the number of fields in the single summand in the following order: BL WL L Q dC eC uC H H+ L+ Q+ dC+ eC+ uC+ BL+ WL+
2022-10-18 16:59:22,365 | autoeft.projection.prosmeftion.yProjection.indices | DEBUG    | The index flav2 will be deleted.
2022-10-18 16:59:22,365 | autoeft.projection.prosmeftion.yProjection.indices | DEBUG    | The index flav5 will be deleted.
2022-10-18 16:59:22,365 | autoeft.projection.prosmeftion.yProjection.indices | DEBUG    | The index flav1 will be deleted.
2022-10-18 16:59:22,366 | autoeft.projection.prosmeftion.yProjection.indices | DEBUG    | The index flav3 will be deleted.
2022-10-18 16:59:22,366 | autoeft.projection.prosmeftion.yProjection.indices | DEBUG    | The index flav3 will be deleted.
2022-10-18 16:59:22,367 | autoeft.projection.prosmeftion.yProjection.indices | DEBUG    | The index flav2 will be deleted.
2022-10-18 16:59:22,368 | autoeft.projection.prosmeftion.yProjection.indices | DEBUG    | The index gauge1 will be deleted.
2022-10-18 16:59:22,368 | autoeft.projection.prosmeftion.yProjection.indices | DEBUG    | The index gauge1a will be deleted.
2022-10-18 16:59:22,369 | autoeft.projection.prosmeftion.yProjection.indices | DEBUG    | The index gauge2 will be deleted.
2022-10-18 16:59:22,369 | autoeft.projection.prosmeftion.yProjection.indices | DEBUG    | The index gauge2a will be deleted.
2022-10-18 16:59:22,370 | autoeft.projection.prosmeftion.yProjection.indices | DEBUG    | The index colf1 will be deleted.
2022-10-18 16:59:22,371 | autoeft.projection.prosmeftion.yProjection.indices | DEBUG    | The index colf1a will be deleted.
2022-10-18 16:59:22,371 | autoeft.projection.prosmeftion.yProjection.indices | DEBUG    | The index colf1b will be deleted.
2022-10-18 16:59:22,372 | autoeft.projection.prosmeftion.yProjection.indices | DEBUG    | The index Lsldotgauge11 will be deleted.
2022-10-18 16:59:22,372 | autoeft.projection.prosmeftion.yProjection.indices | DEBUG    | The index Lsldotspin111 will be deleted.
2022-10-18 16:59:22,373 | autoeft.projection.prosmeftion.yProjection.indices | DEBUG    | The index flav1 will be deleted.
2022-10-18 16:59:22,374 | autoeft.projection.prosmeftion.yProjection.indices | DEBUG    | The index flav3 will be deleted.
2022-10-18 16:59:22,374 | autoeft.projection.prosmeftion.yProjection.indices | DEBUG    | The index flav2 will be deleted.
2022-10-18 16:59:22,374 | autoeft.projection.prosmeftion.yProjection.indices | DEBUG    | The index flav5 will be deleted.
2022-10-18 16:59:22,375 | autoeft.projection.prosmeftion.yProjection.indices | DEBUG    | The index flav3 will be deleted.
2022-10-18 16:59:22,375 | autoeft.projection.prosmeftion.yProjection.indices | DEBUG    | The index flav2 will be deleted.
2022-10-18 16:59:22,375 | autoeft.projection.prosmeftion.yProjection.indices | DEBUG    | The index gauge1 will be deleted.
2022-10-18 16:59:22,376 | autoeft.projection.prosmeftion.yProjection.indices | DEBUG    | The index gauge1a will be deleted.
2022-10-18 16:59:22,376 | autoeft.projection.prosmeftion.yProjection.indices | DEBUG    | The index gauge2 will be deleted.
2022-10-18 16:59:22,376 | autoeft.projection.prosmeftion.yProjection.indices | DEBUG    | The index gauge2a will be deleted.
2022-10-18 16:59:22,377 | autoeft.projection.prosmeftion.yProjection.indices | DEBUG    | The index colf1 will be deleted.
2022-10-18 16:59:22,377 | autoeft.projection.prosmeftion.yProjection.indices | DEBUG    | The index colf1a will be deleted.
2022-10-18 16:59:22,377 | autoeft.projection.prosmeftion.yProjection.indices | DEBUG    | The index colf1b will be deleted.
2022-10-18 16:59:22,378 | autoeft.projection.prosmeftion.yProjection.indices | DEBUG    | The index Lsldotgauge11 will be deleted.
2022-10-18 16:59:22,378 | autoeft.projection.prosmeftion.yProjection.indices | DEBUG    | The index Lsldotspin111 will be deleted.
2022-10-18 16:59:22,379 | autoeft.projection.prosmeftion.yProjection.indices | DEBUG    | The index flav1 will be deleted.
2022-10-18 16:59:22,380 | autoeft.projection.prosmeftion.yProjection.indices | DEBUG    | The index flav3 will be deleted.
2022-10-18 16:59:22,380 | autoeft.projection.prosmeftion.yProjection.indices | DEBUG    | The index flav3 will be deleted.
2022-10-18 16:59:22,380 | autoeft.projection.prosmeftion.yProjection.indices | DEBUG    | The index flav2 will be deleted.
2022-10-18 16:59:22,380 | autoeft.projection.prosmeftion.yProjection.indices | DEBUG    | The index gauge2 will be deleted.
2022-10-18 16:59:22,381 | autoeft.projection.prosmeftion.yProjection.indices | DEBUG    | The index gauge2a will be deleted.
2022-10-18 16:59:22,381 | autoeft.projection.prosmeftion.yProjection.indices | DEBUG    | The index gauge1 will be deleted.
2022-10-18 16:59:22,381 | autoeft.projection.prosmeftion.yProjection.indices | DEBUG    | The index gauge1a will be deleted.
2022-10-18 16:59:22,382 | autoeft.projection.prosmeftion.yProjection.indices | DEBUG    | The index colf1 will be deleted.
2022-10-18 16:59:22,382 | autoeft.projection.prosmeftion.yProjection.indices | DEBUG    | The index colf1a will be deleted.
2022-10-18 16:59:22,382 | autoeft.projection.prosmeftion.yProjection.indices | DEBUG    | The index colf1b will be deleted.
2022-10-18 16:59:22,383 | autoeft.projection.prosmeftion.yProjection.indices | DEBUG    | The index Uslspin22 will be deleted.
2022-10-18 16:59:22,383 | autoeft.projection.prosmeftion.yProjection.indices | DEBUG    | The index Uslgauge11 will be deleted.
2022-10-18 16:59:22,384 | autoeft.projection.prosmeftion.yProjection.indices | DEBUG    | The index Lsldotgauge11 will be deleted.
2022-10-18 16:59:22,384 | autoeft.projection.prosmeftion.yProjection.indices | DEBUG    | The index Lsldotspin111 will be deleted.
2022-10-18 16:59:22,385 | autoeft.projection.prosmeftion.yProjection.indices | DEBUG    | The index flav5 will be deleted.
2022-10-18 16:59:22,385 | autoeft.projection.prosmeftion.yProjection.indices | DEBUG    | The index flav1 will be deleted.
2022-10-18 16:59:22,386 | autoeft.projection.prosmeftion.yProjection.indices | DEBUG    | The index flav1 will be deleted.
2022-10-18 16:59:22,386 | autoeft.projection.prosmeftion.yProjection.indices | DEBUG    | The index flav3 will be deleted.
2022-10-18 16:59:22,386 | autoeft.projection.prosmeftion.yProjection.indices | DEBUG    | The index flav3 will be deleted.
2022-10-18 16:59:22,387 | autoeft.projection.prosmeftion.yProjection.indices | DEBUG    | The index flav2 will be deleted.
2022-10-18 16:59:22,388 | autoeft.projection.prosmeftion.yProjection.indices | DEBUG    | The index gauge2 will be deleted.
2022-10-18 16:59:22,389 | autoeft.projection.prosmeftion.yProjection.indices | DEBUG    | The index gauge2a will be deleted.
2022-10-18 16:59:22,390 | autoeft.projection.prosmeftion.yProjection.indices | DEBUG    | The index gauge1 will be deleted.
2022-10-18 16:59:22,390 | autoeft.projection.prosmeftion.yProjection.indices | DEBUG    | The index gauge1a will be deleted.
2022-10-18 16:59:22,391 | autoeft.projection.prosmeftion.yProjection.indices | DEBUG    | The index colf1 will be deleted.
2022-10-18 16:59:22,391 | autoeft.projection.prosmeftion.yProjection.indices | DEBUG    | The index colf1a will be deleted.
2022-10-18 16:59:22,391 | autoeft.projection.prosmeftion.yProjection.indices | DEBUG    | The index colf1b will be deleted.
2022-10-18 16:59:22,392 | autoeft.projection.prosmeftion.yProjection.indices | DEBUG    | The index Uslgauge11 will be deleted.
2022-10-18 16:59:22,392 | autoeft.projection.prosmeftion.yProjection.indices | DEBUG    | The index Uslspin22 will be deleted.
2022-10-18 16:59:22,394 | autoeft.projection.prosmeftion.yProjection.indices | DEBUG    | The index flav1 will be deleted.
2022-10-18 16:59:22,395 | autoeft.projection.prosmeftion.yProjection.indices | DEBUG    | The index flav3 will be deleted.
2022-10-18 16:59:22,395 | autoeft.projection.prosmeftion.yProjection.indices | DEBUG    | The index flav5 will be deleted.
2022-10-18 16:59:22,396 | autoeft.projection.prosmeftion.yProjection.indices | DEBUG    | The index flav1 will be deleted.
2022-10-18 16:59:22,397 | autoeft.projection.prosmeftion.yProjection.indices | DEBUG    | The index flav3 will be deleted.
2022-10-18 16:59:22,397 | autoeft.projection.prosmeftion.yProjection.indices | DEBUG    | The index flav2 will be deleted.
2022-10-18 16:59:22,398 | autoeft.projection.prosmeftion.yProjection.indices | DEBUG    | The index gauge2 will be deleted.
2022-10-18 16:59:22,398 | autoeft.projection.prosmeftion.yProjection.indices | DEBUG    | The index gauge2a will be deleted.
2022-10-18 16:59:22,398 | autoeft.projection.prosmeftion.yProjection.indices | DEBUG    | The index gauge1 will be deleted.
2022-10-18 16:59:22,398 | autoeft.projection.prosmeftion.yProjection.indices | DEBUG    | The index gauge1a will be deleted.
2022-10-18 16:59:22,399 | autoeft.projection.prosmeftion.yProjection.indices | DEBUG    | The index colf1 will be deleted.
2022-10-18 16:59:22,399 | autoeft.projection.prosmeftion.yProjection.indices | DEBUG    | The index colf1a will be deleted.
2022-10-18 16:59:22,399 | autoeft.projection.prosmeftion.yProjection.indices | DEBUG    | The index colf1b will be deleted.
2022-10-18 16:59:22,399 | autoeft.projection.prosmeftion.yProjection.indices | DEBUG    | The index Uslgauge11 will be deleted.
2022-10-18 16:59:22,400 | autoeft.projection.prosmeftion.yProjection.indices | DEBUG    | The index Uslspin22 will be deleted.
2022-10-18 16:59:22,401 | autoeft.projection        | INFO     | #Terms after 2. ibp iteration 5.
2022-10-18 16:59:22,401 | autoeft.projection        | INFO     | After 2 iterations of the ibp algorithm all ibp relations and Schouten identities are applied.
2022-10-18 16:59:22,402 | autoeft.projection.prosmeftion.tex | INFO     | Create texed PDF QDHH+Q+_before_sun_projection.pdf of all terms.
2022-10-18 16:59:22,403 | autoeft.projection.prosmeftion.tex | DEBUG    | Create Tex file of all terms.
2022-10-18 16:59:22,457 | autoeft.projection.prosmeftion | DEBUG    | form -p /mnt/c/Users/jakob/OneDrive - Students RWTH Aachen University/Physik/9Physik/ws21/Masterthesis/autoeft/projection/form_files/general tex_coefficient.frm
2022-10-18 16:59:22,511 | autoeft.projection.prosmeftion | DEBUG    | form -p /mnt/c/Users/jakob/OneDrive - Students RWTH Aachen University/Physik/9Physik/ws21/Masterthesis/autoeft/projection/form_files/general tex_coefficient.frm
2022-10-18 16:59:22,607 | autoeft.projection.prosmeftion | DEBUG    | form -p /mnt/c/Users/jakob/OneDrive - Students RWTH Aachen University/Physik/9Physik/ws21/Masterthesis/autoeft/projection/form_files/general tex_coefficient.frm
2022-10-18 16:59:22,712 | autoeft.projection.prosmeftion | DEBUG    | form -p /mnt/c/Users/jakob/OneDrive - Students RWTH Aachen University/Physik/9Physik/ws21/Masterthesis/autoeft/projection/form_files/general tex_coefficient.frm
2022-10-18 16:59:22,785 | autoeft.projection.prosmeftion | DEBUG    | form -p /mnt/c/Users/jakob/OneDrive - Students RWTH Aachen University/Physik/9Physik/ws21/Masterthesis/autoeft/projection/form_files/general tex_coefficient.frm
2022-10-18 16:59:22,794 | autoeft.projection.prosmeftion.tex | DEBUG    | Construct PDF.
2022-10-18 16:59:23,410 | autoeft.projection.prosmeftion.yProjection.rfr | INFO     | Terms with field content {'H': 1, 'H+': 2, 'Q+': 1, 'uC+': 1} are (anti-)symmetrized.
2022-10-18 16:59:23,413 | autoeft.projection.prosmeftion.yProjection.indices | DEBUG    | The index gauge1 will be rewritten with gauge1.
2022-10-18 16:59:23,414 | autoeft.projection.prosmeftion.yProjection.indices | DEBUG    | The index gauge2 will be rewritten with gauge2.
2022-10-18 16:59:23,415 | autoeft.projection.prosmeftion.yProjection.indices | DEBUG    | The index gauge2a will be rewritten with gauge2a.
2022-10-18 16:59:23,416 | autoeft.projection.prosmeftion.yProjection.indices | DEBUG    | The index Usldotspin111 will be rewritten with Usldotspin111.
2022-10-18 16:59:23,417 | autoeft.projection.prosmeftion.yProjection.indices | DEBUG    | The index gauge1a will be rewritten with gauge1a.
2022-10-18 16:59:23,417 | autoeft.projection.prosmeftion.yProjection.indices | DEBUG    | The index colf1a will be rewritten with colf1a.
2022-10-18 16:59:23,417 | autoeft.projection.prosmeftion.yProjection.indices | DEBUG    | The index colf1b will be rewritten with colf1b.
2022-10-18 16:59:23,418 | autoeft.projection.prosmeftion.yProjection.indices | DEBUG    | The index flav1 will be rewritten with flav1.
2022-10-18 16:59:23,419 | autoeft.projection.prosmeftion.yProjection.indices | DEBUG    | The index Usldotgauge11 will be rewritten with Usldotgauge11.
2022-10-18 16:59:23,419 | autoeft.projection.prosmeftion.yProjection.indices | DEBUG    | The index colf1 will be rewritten with colf1.
2022-10-18 16:59:23,419 | autoeft.projection.prosmeftion.yProjection.indices | DEBUG    | The index flav5 will be rewritten with flav5.
2022-10-18 16:59:23,420 | autoeft.projection.prosmeftion.yProjection.indices | DEBUG    | The index flav2 will be deleted.
2022-10-18 16:59:23,421 | autoeft.projection.prosmeftion.yProjection.indices | DEBUG    | The index flav5 will be deleted.
2022-10-18 16:59:23,422 | autoeft.projection.prosmeftion.yProjection.indices | DEBUG    | The index flav2 will be rewritten with flav2.
2022-10-18 16:59:23,422 | autoeft.projection.prosmeftion.yProjection.indices | DEBUG    | The index flav5 will be rewritten with flav5.
2022-10-18 16:59:23,422 | autoeft.projection.prosmeftion.yProjection.indices | DEBUG    | The index flav1 will be deleted.
2022-10-18 16:59:23,423 | autoeft.projection.prosmeftion.yProjection.indices | DEBUG    | The index flav3 will be deleted.
2022-10-18 16:59:23,423 | autoeft.projection.prosmeftion.yProjection.indices | DEBUG    | The index flav1 will be rewritten with flav1.
2022-10-18 16:59:23,424 | autoeft.projection.prosmeftion.yProjection.indices | DEBUG    | The index flav3 will be rewritten with flav3.
2022-10-18 16:59:23,427 | autoeft.projection.prosmeftion.yProjection.indices | DEBUG    | The index flav3 will be deleted.
2022-10-18 16:59:23,429 | autoeft.projection.prosmeftion.yProjection.indices | DEBUG    | The index flav2 will be deleted.
2022-10-18 16:59:23,430 | autoeft.projection.prosmeftion.yProjection.indices | DEBUG    | The index flav3 will be rewritten with flav3.
2022-10-18 16:59:23,431 | autoeft.projection.prosmeftion.yProjection.indices | DEBUG    | The index flav2 will be rewritten with flav2.
2022-10-18 16:59:23,431 | autoeft.projection.prosmeftion.yProjection.indices | DEBUG    | The index gauge1 will be deleted.
2022-10-18 16:59:23,432 | autoeft.projection.prosmeftion.yProjection.indices | DEBUG    | The index gauge1a will be deleted.
2022-10-18 16:59:23,432 | autoeft.projection.prosmeftion.yProjection.indices | DEBUG    | The index gauge1 will be rewritten with gauge1.
2022-10-18 16:59:23,432 | autoeft.projection.prosmeftion.yProjection.indices | DEBUG    | The index gauge1a will be rewritten with gauge1a.
2022-10-18 16:59:23,433 | autoeft.projection.prosmeftion.yProjection.indices | DEBUG    | The index gauge2 will be deleted.
2022-10-18 16:59:23,433 | autoeft.projection.prosmeftion.yProjection.indices | DEBUG    | The index gauge2a will be deleted.
2022-10-18 16:59:23,434 | autoeft.projection.prosmeftion.yProjection.indices | DEBUG    | The index gauge2 will be rewritten with gauge2.
2022-10-18 16:59:23,434 | autoeft.projection.prosmeftion.yProjection.indices | DEBUG    | The index gauge2a will be rewritten with gauge2a.
2022-10-18 16:59:23,434 | autoeft.projection.prosmeftion.yProjection.indices | DEBUG    | The index colf1 will be deleted.
2022-10-18 16:59:23,435 | autoeft.projection.prosmeftion.yProjection.indices | DEBUG    | The index colf1a will be deleted.
2022-10-18 16:59:23,435 | autoeft.projection.prosmeftion.yProjection.indices | DEBUG    | The index colf1b will be deleted.
2022-10-18 16:59:23,436 | autoeft.projection.prosmeftion.yProjection.indices | DEBUG    | The index colf1 will be rewritten with colf1.
2022-10-18 16:59:23,436 | autoeft.projection.prosmeftion.yProjection.indices | DEBUG    | The index colf1a will be rewritten with colf1a.
2022-10-18 16:59:23,436 | autoeft.projection.prosmeftion.yProjection.indices | DEBUG    | The index colf1b will be rewritten with colf1b.
2022-10-18 16:59:23,437 | autoeft.projection.prosmeftion.yProjection.indices | DEBUG    | The index Lsldotgauge11 will be deleted.
2022-10-18 16:59:23,437 | autoeft.projection.prosmeftion.yProjection.indices | DEBUG    | The index Lsldotspin111 will be deleted.
2022-10-18 16:59:23,438 | autoeft.projection.prosmeftion.yProjection.indices | DEBUG    | The index Lsldotgauge11 will be rewritten with Lsldotgauge11.
2022-10-18 16:59:23,438 | autoeft.projection.prosmeftion.yProjection.indices | DEBUG    | The index Lsldotspin111 will be rewritten with Lsldotspin111.
2022-10-18 16:59:23,442 | autoeft.projection.prosmeftion.yProjection.indices | DEBUG    | The index gauge1 will be rewritten with gauge1.
2022-10-18 16:59:23,442 | autoeft.projection.prosmeftion.yProjection.indices | DEBUG    | The index gauge2 will be rewritten with gauge2.
2022-10-18 16:59:23,443 | autoeft.projection.prosmeftion.yProjection.indices | DEBUG    | The index gauge2a will be rewritten with gauge2a.
2022-10-18 16:59:23,444 | autoeft.projection.prosmeftion.yProjection.indices | DEBUG    | The index Usldotspin111 will be rewritten with Usldotspin111.
2022-10-18 16:59:23,444 | autoeft.projection.prosmeftion.yProjection.indices | DEBUG    | The index gauge1a will be rewritten with gauge1a.
2022-10-18 16:59:23,444 | autoeft.projection.prosmeftion.yProjection.indices | DEBUG    | The index colf1a will be rewritten with colf1a.
2022-10-18 16:59:23,445 | autoeft.projection.prosmeftion.yProjection.indices | DEBUG    | The index colf1b will be rewritten with colf1b.
2022-10-18 16:59:23,445 | autoeft.projection.prosmeftion.yProjection.indices | DEBUG    | The index flav1 will be rewritten with flav1.
2022-10-18 16:59:23,445 | autoeft.projection.prosmeftion.yProjection.indices | DEBUG    | The index Usldotgauge11 will be rewritten with Usldotgauge11.
2022-10-18 16:59:23,446 | autoeft.projection.prosmeftion.yProjection.indices | DEBUG    | The index colf1 will be rewritten with colf1.
2022-10-18 16:59:23,446 | autoeft.projection.prosmeftion.yProjection.indices | DEBUG    | The index flav5 will be rewritten with flav5.
2022-10-18 16:59:23,446 | autoeft.projection.prosmeftion.yProjection.indices | DEBUG    | The index flav2 will be deleted.
2022-10-18 16:59:23,447 | autoeft.projection.prosmeftion.yProjection.indices | DEBUG    | The index flav5 will be deleted.
2022-10-18 16:59:23,447 | autoeft.projection.prosmeftion.yProjection.indices | DEBUG    | The index flav2 will be rewritten with flav2.
2022-10-18 16:59:23,447 | autoeft.projection.prosmeftion.yProjection.indices | DEBUG    | The index flav5 will be rewritten with flav5.
2022-10-18 16:59:23,448 | autoeft.projection.prosmeftion.yProjection.indices | DEBUG    | The index flav1 will be deleted.
2022-10-18 16:59:23,448 | autoeft.projection.prosmeftion.yProjection.indices | DEBUG    | The index flav3 will be deleted.
2022-10-18 16:59:23,448 | autoeft.projection.prosmeftion.yProjection.indices | DEBUG    | The index flav1 will be rewritten with flav1.
2022-10-18 16:59:23,449 | autoeft.projection.prosmeftion.yProjection.indices | DEBUG    | The index flav3 will be rewritten with flav3.
2022-10-18 16:59:23,449 | autoeft.projection.prosmeftion.yProjection.indices | DEBUG    | The index flav3 will be deleted.
2022-10-18 16:59:23,449 | autoeft.projection.prosmeftion.yProjection.indices | DEBUG    | The index flav2 will be deleted.
2022-10-18 16:59:23,450 | autoeft.projection.prosmeftion.yProjection.indices | DEBUG    | The index flav3 will be rewritten with flav3.
2022-10-18 16:59:23,450 | autoeft.projection.prosmeftion.yProjection.indices | DEBUG    | The index flav2 will be rewritten with flav2.
2022-10-18 16:59:23,450 | autoeft.projection.prosmeftion.yProjection.indices | DEBUG    | The index gauge1 will be deleted.
2022-10-18 16:59:23,450 | autoeft.projection.prosmeftion.yProjection.indices | DEBUG    | The index gauge1a will be deleted.
2022-10-18 16:59:23,451 | autoeft.projection.prosmeftion.yProjection.indices | DEBUG    | The index gauge1 will be rewritten with gauge1.
2022-10-18 16:59:23,451 | autoeft.projection.prosmeftion.yProjection.indices | DEBUG    | The index gauge1a will be rewritten with gauge1a.
2022-10-18 16:59:23,452 | autoeft.projection.prosmeftion.yProjection.indices | DEBUG    | The index gauge2 will be deleted.
2022-10-18 16:59:23,452 | autoeft.projection.prosmeftion.yProjection.indices | DEBUG    | The index gauge2a will be deleted.
2022-10-18 16:59:23,453 | autoeft.projection.prosmeftion.yProjection.indices | DEBUG    | The index gauge2 will be rewritten with gauge2.
2022-10-18 16:59:23,453 | autoeft.projection.prosmeftion.yProjection.indices | DEBUG    | The index gauge2a will be rewritten with gauge2a.
2022-10-18 16:59:23,454 | autoeft.projection.prosmeftion.yProjection.indices | DEBUG    | The index colf1 will be deleted.
2022-10-18 16:59:23,454 | autoeft.projection.prosmeftion.yProjection.indices | DEBUG    | The index colf1a will be deleted.
2022-10-18 16:59:23,455 | autoeft.projection.prosmeftion.yProjection.indices | DEBUG    | The index colf1b will be deleted.
2022-10-18 16:59:23,455 | autoeft.projection.prosmeftion.yProjection.indices | DEBUG    | The index colf1 will be rewritten with colf1.
2022-10-18 16:59:23,456 | autoeft.projection.prosmeftion.yProjection.indices | DEBUG    | The index colf1a will be rewritten with colf1a.
2022-10-18 16:59:23,456 | autoeft.projection.prosmeftion.yProjection.indices | DEBUG    | The index colf1b will be rewritten with colf1b.
2022-10-18 16:59:23,456 | autoeft.projection.prosmeftion.yProjection.indices | DEBUG    | The index Lsldotgauge11 will be deleted.
2022-10-18 16:59:23,457 | autoeft.projection.prosmeftion.yProjection.indices | DEBUG    | The index Lsldotspin111 will be deleted.
2022-10-18 16:59:23,457 | autoeft.projection.prosmeftion.yProjection.indices | DEBUG    | The index Lsldotgauge11 will be rewritten with Lsldotgauge11.
2022-10-18 16:59:23,458 | autoeft.projection.prosmeftion.yProjection.indices | DEBUG    | The index Lsldotspin111 will be rewritten with Lsldotspin111.
2022-10-18 16:59:23,464 | autoeft.projection.prosmeftion.yProjection.rfr | INFO     | Terms with field content {'H': 2, 'H+': 1, 'Q+': 1, 'dC+': 1} are (anti-)symmetrized.
2022-10-18 16:59:23,465 | autoeft.projection.prosmeftion.yProjection.indices | DEBUG    | The index gauge2 will be rewritten with gauge2.
2022-10-18 16:59:23,466 | autoeft.projection.prosmeftion.yProjection.indices | DEBUG    | The index gauge1 will be rewritten with gauge1.
2022-10-18 16:59:23,467 | autoeft.projection.prosmeftion.yProjection.indices | DEBUG    | The index gauge2a will be rewritten with gauge2a.
2022-10-18 16:59:23,468 | autoeft.projection.prosmeftion.yProjection.indices | DEBUG    | The index Usldotspin111 will be rewritten with Usldotspin111.
2022-10-18 16:59:23,468 | autoeft.projection.prosmeftion.yProjection.indices | DEBUG    | The index gauge1a will be rewritten with gauge1a.
2022-10-18 16:59:23,469 | autoeft.projection.prosmeftion.yProjection.indices | DEBUG    | The index colf1a will be rewritten with colf1a.
2022-10-18 16:59:23,469 | autoeft.projection.prosmeftion.yProjection.indices | DEBUG    | The index colf1b will be rewritten with colf1b.
2022-10-18 16:59:23,469 | autoeft.projection.prosmeftion.yProjection.indices | DEBUG    | The index flav1 will be rewritten with flav1.
2022-10-18 16:59:23,470 | autoeft.projection.prosmeftion.yProjection.indices | DEBUG    | The index Usldotgauge11 will be rewritten with Usldotgauge11.
2022-10-18 16:59:23,470 | autoeft.projection.prosmeftion.yProjection.indices | DEBUG    | The index colf1 will be rewritten with colf1.
2022-10-18 16:59:23,471 | autoeft.projection.prosmeftion.yProjection.indices | DEBUG    | The index flav5 will be rewritten with flav5.
2022-10-18 16:59:23,471 | autoeft.projection.prosmeftion.yProjection.indices | DEBUG    | The index flav1 will be deleted.
2022-10-18 16:59:23,472 | autoeft.projection.prosmeftion.yProjection.indices | DEBUG    | The index flav3 will be deleted.
2022-10-18 16:59:23,472 | autoeft.projection.prosmeftion.yProjection.indices | DEBUG    | The index flav1 will be rewritten with flav1.
2022-10-18 16:59:23,472 | autoeft.projection.prosmeftion.yProjection.indices | DEBUG    | The index flav3 will be rewritten with flav3.
2022-10-18 16:59:23,473 | autoeft.projection.prosmeftion.yProjection.indices | DEBUG    | The index flav2 will be deleted.
2022-10-18 16:59:23,473 | autoeft.projection.prosmeftion.yProjection.indices | DEBUG    | The index flav5 will be deleted.
2022-10-18 16:59:23,474 | autoeft.projection.prosmeftion.yProjection.indices | DEBUG    | The index flav2 will be rewritten with flav2.
2022-10-18 16:59:23,474 | autoeft.projection.prosmeftion.yProjection.indices | DEBUG    | The index flav5 will be rewritten with flav5.
2022-10-18 16:59:23,475 | autoeft.projection.prosmeftion.yProjection.indices | DEBUG    | The index flav3 will be deleted.
2022-10-18 16:59:23,476 | autoeft.projection.prosmeftion.yProjection.indices | DEBUG    | The index flav2 will be deleted.
2022-10-18 16:59:23,476 | autoeft.projection.prosmeftion.yProjection.indices | DEBUG    | The index flav3 will be rewritten with flav3.
2022-10-18 16:59:23,477 | autoeft.projection.prosmeftion.yProjection.indices | DEBUG    | The index flav2 will be rewritten with flav2.
2022-10-18 16:59:23,477 | autoeft.projection.prosmeftion.yProjection.indices | DEBUG    | The index gauge1 will be deleted.
2022-10-18 16:59:23,478 | autoeft.projection.prosmeftion.yProjection.indices | DEBUG    | The index gauge1a will be deleted.
2022-10-18 16:59:23,479 | autoeft.projection.prosmeftion.yProjection.indices | DEBUG    | The index gauge1 will be rewritten with gauge1.
2022-10-18 16:59:23,479 | autoeft.projection.prosmeftion.yProjection.indices | DEBUG    | The index gauge1a will be rewritten with gauge1a.
2022-10-18 16:59:23,480 | autoeft.projection.prosmeftion.yProjection.indices | DEBUG    | The index gauge2 will be deleted.
2022-10-18 16:59:23,481 | autoeft.projection.prosmeftion.yProjection.indices | DEBUG    | The index gauge2a will be deleted.
2022-10-18 16:59:23,482 | autoeft.projection.prosmeftion.yProjection.indices | DEBUG    | The index gauge2 will be rewritten with gauge2.
2022-10-18 16:59:23,484 | autoeft.projection.prosmeftion.yProjection.indices | DEBUG    | The index gauge2a will be rewritten with gauge2a.
2022-10-18 16:59:23,484 | autoeft.projection.prosmeftion.yProjection.indices | DEBUG    | The index colf1 will be deleted.
2022-10-18 16:59:23,485 | autoeft.projection.prosmeftion.yProjection.indices | DEBUG    | The index colf1a will be deleted.
2022-10-18 16:59:23,485 | autoeft.projection.prosmeftion.yProjection.indices | DEBUG    | The index colf1b will be deleted.
2022-10-18 16:59:23,486 | autoeft.projection.prosmeftion.yProjection.indices | DEBUG    | The index colf1 will be rewritten with colf1.
2022-10-18 16:59:23,486 | autoeft.projection.prosmeftion.yProjection.indices | DEBUG    | The index colf1a will be rewritten with colf1a.
2022-10-18 16:59:23,486 | autoeft.projection.prosmeftion.yProjection.indices | DEBUG    | The index colf1b will be rewritten with colf1b.
2022-10-18 16:59:23,487 | autoeft.projection.prosmeftion.yProjection.indices | DEBUG    | The index Lsldotgauge11 will be deleted.
2022-10-18 16:59:23,487 | autoeft.projection.prosmeftion.yProjection.indices | DEBUG    | The index Lsldotspin111 will be deleted.
2022-10-18 16:59:23,488 | autoeft.projection.prosmeftion.yProjection.indices | DEBUG    | The index Lsldotgauge11 will be rewritten with Lsldotgauge11.
2022-10-18 16:59:23,488 | autoeft.projection.prosmeftion.yProjection.indices | DEBUG    | The index Lsldotspin111 will be rewritten with Lsldotspin111.
2022-10-18 16:59:23,491 | autoeft.projection.prosmeftion.yProjection.indices | DEBUG    | The index gauge2 will be rewritten with gauge2.
2022-10-18 16:59:23,492 | autoeft.projection.prosmeftion.yProjection.indices | DEBUG    | The index gauge1 will be rewritten with gauge1.
2022-10-18 16:59:23,492 | autoeft.projection.prosmeftion.yProjection.indices | DEBUG    | The index gauge2a will be rewritten with gauge2a.
2022-10-18 16:59:23,494 | autoeft.projection.prosmeftion.yProjection.indices | DEBUG    | The index Usldotspin111 will be rewritten with Usldotspin111.
2022-10-18 16:59:23,495 | autoeft.projection.prosmeftion.yProjection.indices | DEBUG    | The index gauge1a will be rewritten with gauge1a.
2022-10-18 16:59:23,495 | autoeft.projection.prosmeftion.yProjection.indices | DEBUG    | The index colf1a will be rewritten with colf1a.
2022-10-18 16:59:23,495 | autoeft.projection.prosmeftion.yProjection.indices | DEBUG    | The index colf1b will be rewritten with colf1b.
2022-10-18 16:59:23,495 | autoeft.projection.prosmeftion.yProjection.indices | DEBUG    | The index flav1 will be rewritten with flav1.
2022-10-18 16:59:23,496 | autoeft.projection.prosmeftion.yProjection.indices | DEBUG    | The index Usldotgauge11 will be rewritten with Usldotgauge11.
2022-10-18 16:59:23,496 | autoeft.projection.prosmeftion.yProjection.indices | DEBUG    | The index colf1 will be rewritten with colf1.
2022-10-18 16:59:23,497 | autoeft.projection.prosmeftion.yProjection.indices | DEBUG    | The index flav5 will be rewritten with flav5.
2022-10-18 16:59:23,497 | autoeft.projection.prosmeftion.yProjection.indices | DEBUG    | The index flav1 will be deleted.
2022-10-18 16:59:23,497 | autoeft.projection.prosmeftion.yProjection.indices | DEBUG    | The index flav3 will be deleted.
2022-10-18 16:59:23,498 | autoeft.projection.prosmeftion.yProjection.indices | DEBUG    | The index flav1 will be rewritten with flav1.
2022-10-18 16:59:23,498 | autoeft.projection.prosmeftion.yProjection.indices | DEBUG    | The index flav3 will be rewritten with flav3.
2022-10-18 16:59:23,498 | autoeft.projection.prosmeftion.yProjection.indices | DEBUG    | The index flav2 will be deleted.
2022-10-18 16:59:23,499 | autoeft.projection.prosmeftion.yProjection.indices | DEBUG    | The index flav5 will be deleted.
2022-10-18 16:59:23,499 | autoeft.projection.prosmeftion.yProjection.indices | DEBUG    | The index flav2 will be rewritten with flav2.
2022-10-18 16:59:23,500 | autoeft.projection.prosmeftion.yProjection.indices | DEBUG    | The index flav5 will be rewritten with flav5.
2022-10-18 16:59:23,500 | autoeft.projection.prosmeftion.yProjection.indices | DEBUG    | The index flav3 will be deleted.
2022-10-18 16:59:23,501 | autoeft.projection.prosmeftion.yProjection.indices | DEBUG    | The index flav2 will be deleted.
2022-10-18 16:59:23,501 | autoeft.projection.prosmeftion.yProjection.indices | DEBUG    | The index flav3 will be rewritten with flav3.
2022-10-18 16:59:23,501 | autoeft.projection.prosmeftion.yProjection.indices | DEBUG    | The index flav2 will be rewritten with flav2.
2022-10-18 16:59:23,502 | autoeft.projection.prosmeftion.yProjection.indices | DEBUG    | The index gauge1 will be deleted.
2022-10-18 16:59:23,502 | autoeft.projection.prosmeftion.yProjection.indices | DEBUG    | The index gauge1a will be deleted.
2022-10-18 16:59:23,502 | autoeft.projection.prosmeftion.yProjection.indices | DEBUG    | The index gauge1 will be rewritten with gauge1.
2022-10-18 16:59:23,503 | autoeft.projection.prosmeftion.yProjection.indices | DEBUG    | The index gauge1a will be rewritten with gauge1a.
2022-10-18 16:59:23,503 | autoeft.projection.prosmeftion.yProjection.indices | DEBUG    | The index gauge2 will be deleted.
2022-10-18 16:59:23,504 | autoeft.projection.prosmeftion.yProjection.indices | DEBUG    | The index gauge2a will be deleted.
2022-10-18 16:59:23,504 | autoeft.projection.prosmeftion.yProjection.indices | DEBUG    | The index gauge2 will be rewritten with gauge2.
2022-10-18 16:59:23,505 | autoeft.projection.prosmeftion.yProjection.indices | DEBUG    | The index gauge2a will be rewritten with gauge2a.
2022-10-18 16:59:23,505 | autoeft.projection.prosmeftion.yProjection.indices | DEBUG    | The index colf1 will be deleted.
2022-10-18 16:59:23,506 | autoeft.projection.prosmeftion.yProjection.indices | DEBUG    | The index colf1a will be deleted.
2022-10-18 16:59:23,506 | autoeft.projection.prosmeftion.yProjection.indices | DEBUG    | The index colf1b will be deleted.
2022-10-18 16:59:23,508 | autoeft.projection.prosmeftion.yProjection.indices | DEBUG    | The index colf1 will be rewritten with colf1.
2022-10-18 16:59:23,509 | autoeft.projection.prosmeftion.yProjection.indices | DEBUG    | The index colf1a will be rewritten with colf1a.
2022-10-18 16:59:23,510 | autoeft.projection.prosmeftion.yProjection.indices | DEBUG    | The index colf1b will be rewritten with colf1b.
2022-10-18 16:59:23,511 | autoeft.projection.prosmeftion.yProjection.indices | DEBUG    | The index Lsldotgauge11 will be deleted.
2022-10-18 16:59:23,511 | autoeft.projection.prosmeftion.yProjection.indices | DEBUG    | The index Lsldotspin111 will be deleted.
2022-10-18 16:59:23,513 | autoeft.projection.prosmeftion.yProjection.indices | DEBUG    | The index Lsldotgauge11 will be rewritten with Lsldotgauge11.
2022-10-18 16:59:23,514 | autoeft.projection.prosmeftion.yProjection.indices | DEBUG    | The index Lsldotspin111 will be rewritten with Lsldotspin111.
2022-10-18 16:59:23,521 | autoeft.projection.prosmeftion.yProjection.rfr | INFO     | For terms with field content {'Q': 1, 'H': 1, 'H+': 1, 'Q+': 1} no field occurs at least twice.
2022-10-18 16:59:23,524 | autoeft.projection.prosmeftion.yProjection.rfr | INFO     | Terms with field content {'Q': 1, 'uC': 1, 'H': 2, 'H+': 1} are (anti-)symmetrized.
2022-10-18 16:59:23,526 | autoeft.projection.prosmeftion.yProjection.indices | DEBUG    | The index Lslspin22 will be rewritten with Lslspin22.
2022-10-18 16:59:23,527 | autoeft.projection.prosmeftion.yProjection.indices | DEBUG    | The index gauge2 will be rewritten with gauge2.
2022-10-18 16:59:23,528 | autoeft.projection.prosmeftion.yProjection.indices | DEBUG    | The index colf1 will be rewritten with colf1.
2022-10-18 16:59:23,528 | autoeft.projection.prosmeftion.yProjection.indices | DEBUG    | The index flav2 will be rewritten with flav2.
2022-10-18 16:59:23,530 | autoeft.projection.prosmeftion.yProjection.indices | DEBUG    | The index Lslgauge11 will be rewritten with Lslgauge11.
2022-10-18 16:59:23,531 | autoeft.projection.prosmeftion.yProjection.indices | DEBUG    | The index colf1a will be rewritten with colf1a.
2022-10-18 16:59:23,531 | autoeft.projection.prosmeftion.yProjection.indices | DEBUG    | The index colf1b will be rewritten with colf1b.
2022-10-18 16:59:23,531 | autoeft.projection.prosmeftion.yProjection.indices | DEBUG    | The index flav5 will be rewritten with flav5.
2022-10-18 16:59:23,532 | autoeft.projection.prosmeftion.yProjection.indices | DEBUG    | The index gauge1 will be rewritten with gauge1.
2022-10-18 16:59:23,533 | autoeft.projection.prosmeftion.yProjection.indices | DEBUG    | The index gauge1a will be rewritten with gauge1a.
2022-10-18 16:59:23,533 | autoeft.projection.prosmeftion.yProjection.indices | DEBUG    | The index gauge2a will be rewritten with gauge2a.
2022-10-18 16:59:23,534 | autoeft.projection.prosmeftion.yProjection.indices | DEBUG    | The index flav5 will be deleted.
2022-10-18 16:59:23,534 | autoeft.projection.prosmeftion.yProjection.indices | DEBUG    | The index flav1 will be deleted.
2022-10-18 16:59:23,534 | autoeft.projection.prosmeftion.yProjection.indices | DEBUG    | The index flav5 will be rewritten with flav5.
2022-10-18 16:59:23,535 | autoeft.projection.prosmeftion.yProjection.indices | DEBUG    | The index flav1 will be rewritten with flav1.
2022-10-18 16:59:23,535 | autoeft.projection.prosmeftion.yProjection.indices | DEBUG    | The index flav1 will be deleted.
2022-10-18 16:59:23,536 | autoeft.projection.prosmeftion.yProjection.indices | DEBUG    | The index flav3 will be deleted.
2022-10-18 16:59:23,536 | autoeft.projection.prosmeftion.yProjection.indices | DEBUG    | The index flav1 will be rewritten with flav1.
2022-10-18 16:59:23,536 | autoeft.projection.prosmeftion.yProjection.indices | DEBUG    | The index flav3 will be rewritten with flav3.
2022-10-18 16:59:23,537 | autoeft.projection.prosmeftion.yProjection.indices | DEBUG    | The index flav3 will be deleted.
2022-10-18 16:59:23,538 | autoeft.projection.prosmeftion.yProjection.indices | DEBUG    | The index flav2 will be deleted.
2022-10-18 16:59:23,538 | autoeft.projection.prosmeftion.yProjection.indices | DEBUG    | The index flav3 will be rewritten with flav3.
2022-10-18 16:59:23,539 | autoeft.projection.prosmeftion.yProjection.indices | DEBUG    | The index flav2 will be rewritten with flav2.
2022-10-18 16:59:23,539 | autoeft.projection.prosmeftion.yProjection.indices | DEBUG    | The index gauge2 will be deleted.
2022-10-18 16:59:23,540 | autoeft.projection.prosmeftion.yProjection.indices | DEBUG    | The index gauge2a will be deleted.
2022-10-18 16:59:23,540 | autoeft.projection.prosmeftion.yProjection.indices | DEBUG    | The index gauge2 will be rewritten with gauge2.
2022-10-18 16:59:23,540 | autoeft.projection.prosmeftion.yProjection.indices | DEBUG    | The index gauge2a will be rewritten with gauge2a.
2022-10-18 16:59:23,541 | autoeft.projection.prosmeftion.yProjection.indices | DEBUG    | The index gauge1 will be deleted.
2022-10-18 16:59:23,541 | autoeft.projection.prosmeftion.yProjection.indices | DEBUG    | The index gauge1a will be deleted.
2022-10-18 16:59:23,542 | autoeft.projection.prosmeftion.yProjection.indices | DEBUG    | The index gauge1 will be rewritten with gauge1.
2022-10-18 16:59:23,542 | autoeft.projection.prosmeftion.yProjection.indices | DEBUG    | The index gauge1a will be rewritten with gauge1a.
2022-10-18 16:59:23,542 | autoeft.projection.prosmeftion.yProjection.indices | DEBUG    | The index colf1 will be deleted.
2022-10-18 16:59:23,542 | autoeft.projection.prosmeftion.yProjection.indices | DEBUG    | The index colf1a will be deleted.
2022-10-18 16:59:23,543 | autoeft.projection.prosmeftion.yProjection.indices | DEBUG    | The index colf1b will be deleted.
2022-10-18 16:59:23,543 | autoeft.projection.prosmeftion.yProjection.indices | DEBUG    | The index colf1 will be rewritten with colf1.
2022-10-18 16:59:23,543 | autoeft.projection.prosmeftion.yProjection.indices | DEBUG    | The index colf1a will be rewritten with colf1a.
2022-10-18 16:59:23,544 | autoeft.projection.prosmeftion.yProjection.indices | DEBUG    | The index colf1b will be rewritten with colf1b.
2022-10-18 16:59:23,544 | autoeft.projection.prosmeftion.yProjection.indices | DEBUG    | The index Uslgauge11 will be deleted.
2022-10-18 16:59:23,544 | autoeft.projection.prosmeftion.yProjection.indices | DEBUG    | The index Uslspin22 will be deleted.
2022-10-18 16:59:23,545 | autoeft.projection.prosmeftion.yProjection.indices | DEBUG    | The index Uslgauge11 will be rewritten with Uslgauge11.
2022-10-18 16:59:23,545 | autoeft.projection.prosmeftion.yProjection.indices | DEBUG    | The index Uslspin22 will be rewritten with Uslspin22.
2022-10-18 16:59:23,548 | autoeft.projection.prosmeftion.yProjection.indices | DEBUG    | The index Lslspin22 will be rewritten with Lslspin22.
2022-10-18 16:59:23,548 | autoeft.projection.prosmeftion.yProjection.indices | DEBUG    | The index gauge2 will be rewritten with gauge2.
2022-10-18 16:59:23,548 | autoeft.projection.prosmeftion.yProjection.indices | DEBUG    | The index colf1 will be rewritten with colf1.
2022-10-18 16:59:23,549 | autoeft.projection.prosmeftion.yProjection.indices | DEBUG    | The index flav2 will be rewritten with flav2.
2022-10-18 16:59:23,549 | autoeft.projection.prosmeftion.yProjection.indices | DEBUG    | The index Lslgauge11 will be rewritten with Lslgauge11.
2022-10-18 16:59:23,549 | autoeft.projection.prosmeftion.yProjection.indices | DEBUG    | The index colf1a will be rewritten with colf1a.
2022-10-18 16:59:23,550 | autoeft.projection.prosmeftion.yProjection.indices | DEBUG    | The index colf1b will be rewritten with colf1b.
2022-10-18 16:59:23,550 | autoeft.projection.prosmeftion.yProjection.indices | DEBUG    | The index flav5 will be rewritten with flav5.
2022-10-18 16:59:23,550 | autoeft.projection.prosmeftion.yProjection.indices | DEBUG    | The index gauge1 will be rewritten with gauge1.
2022-10-18 16:59:23,551 | autoeft.projection.prosmeftion.yProjection.indices | DEBUG    | The index gauge1a will be rewritten with gauge1a.
2022-10-18 16:59:23,551 | autoeft.projection.prosmeftion.yProjection.indices | DEBUG    | The index gauge2a will be rewritten with gauge2a.
2022-10-18 16:59:23,551 | autoeft.projection.prosmeftion.yProjection.indices | DEBUG    | The index flav5 will be deleted.
2022-10-18 16:59:23,552 | autoeft.projection.prosmeftion.yProjection.indices | DEBUG    | The index flav1 will be deleted.
2022-10-18 16:59:23,552 | autoeft.projection.prosmeftion.yProjection.indices | DEBUG    | The index flav5 will be rewritten with flav5.
2022-10-18 16:59:23,552 | autoeft.projection.prosmeftion.yProjection.indices | DEBUG    | The index flav1 will be rewritten with flav1.
2022-10-18 16:59:23,552 | autoeft.projection.prosmeftion.yProjection.indices | DEBUG    | The index flav1 will be deleted.
2022-10-18 16:59:23,553 | autoeft.projection.prosmeftion.yProjection.indices | DEBUG    | The index flav3 will be deleted.
2022-10-18 16:59:23,553 | autoeft.projection.prosmeftion.yProjection.indices | DEBUG    | The index flav1 will be rewritten with flav1.
2022-10-18 16:59:23,553 | autoeft.projection.prosmeftion.yProjection.indices | DEBUG    | The index flav3 will be rewritten with flav3.
2022-10-18 16:59:23,553 | autoeft.projection.prosmeftion.yProjection.indices | DEBUG    | The index flav3 will be deleted.
2022-10-18 16:59:23,554 | autoeft.projection.prosmeftion.yProjection.indices | DEBUG    | The index flav2 will be deleted.
2022-10-18 16:59:23,554 | autoeft.projection.prosmeftion.yProjection.indices | DEBUG    | The index flav3 will be rewritten with flav3.
2022-10-18 16:59:23,554 | autoeft.projection.prosmeftion.yProjection.indices | DEBUG    | The index flav2 will be rewritten with flav2.
2022-10-18 16:59:23,555 | autoeft.projection.prosmeftion.yProjection.indices | DEBUG    | The index gauge2 will be deleted.
2022-10-18 16:59:23,555 | autoeft.projection.prosmeftion.yProjection.indices | DEBUG    | The index gauge2a will be deleted.
2022-10-18 16:59:23,555 | autoeft.projection.prosmeftion.yProjection.indices | DEBUG    | The index gauge2 will be rewritten with gauge2.
2022-10-18 16:59:23,555 | autoeft.projection.prosmeftion.yProjection.indices | DEBUG    | The index gauge2a will be rewritten with gauge2a.
2022-10-18 16:59:23,556 | autoeft.projection.prosmeftion.yProjection.indices | DEBUG    | The index gauge1 will be deleted.
2022-10-18 16:59:23,556 | autoeft.projection.prosmeftion.yProjection.indices | DEBUG    | The index gauge1a will be deleted.
2022-10-18 16:59:23,556 | autoeft.projection.prosmeftion.yProjection.indices | DEBUG    | The index gauge1 will be rewritten with gauge1.
2022-10-18 16:59:23,556 | autoeft.projection.prosmeftion.yProjection.indices | DEBUG    | The index gauge1a will be rewritten with gauge1a.
2022-10-18 16:59:23,556 | autoeft.projection.prosmeftion.yProjection.indices | DEBUG    | The index colf1 will be deleted.
2022-10-18 16:59:23,557 | autoeft.projection.prosmeftion.yProjection.indices | DEBUG    | The index colf1a will be deleted.
2022-10-18 16:59:23,557 | autoeft.projection.prosmeftion.yProjection.indices | DEBUG    | The index colf1b will be deleted.
2022-10-18 16:59:23,557 | autoeft.projection.prosmeftion.yProjection.indices | DEBUG    | The index colf1 will be rewritten with colf1.
2022-10-18 16:59:23,557 | autoeft.projection.prosmeftion.yProjection.indices | DEBUG    | The index colf1a will be rewritten with colf1a.
2022-10-18 16:59:23,558 | autoeft.projection.prosmeftion.yProjection.indices | DEBUG    | The index colf1b will be rewritten with colf1b.
2022-10-18 16:59:23,558 | autoeft.projection.prosmeftion.yProjection.indices | DEBUG    | The index Uslgauge11 will be deleted.
2022-10-18 16:59:23,558 | autoeft.projection.prosmeftion.yProjection.indices | DEBUG    | The index Uslspin22 will be deleted.
2022-10-18 16:59:23,558 | autoeft.projection.prosmeftion.yProjection.indices | DEBUG    | The index Uslgauge11 will be rewritten with Uslgauge11.
2022-10-18 16:59:23,559 | autoeft.projection.prosmeftion.yProjection.indices | DEBUG    | The index Uslspin22 will be rewritten with Uslspin22.
2022-10-18 16:59:23,563 | autoeft.projection.prosmeftion.yProjection.rfr | INFO     | Terms with field content {'Q': 1, 'dC': 1, 'H': 1, 'H+': 2} are (anti-)symmetrized.
2022-10-18 16:59:23,577 | autoeft.projection.prosmeftion.yProjection.indices | DEBUG    | The index Lslspin22 will be rewritten with Lslspin22.
2022-10-18 16:59:23,579 | autoeft.projection.prosmeftion.yProjection.indices | DEBUG    | The index gauge2 will be rewritten with gauge2.
2022-10-18 16:59:23,580 | autoeft.projection.prosmeftion.yProjection.indices | DEBUG    | The index colf1 will be rewritten with colf1.
2022-10-18 16:59:23,581 | autoeft.projection.prosmeftion.yProjection.indices | DEBUG    | The index flav2 will be rewritten with flav2.
2022-10-18 16:59:23,581 | autoeft.projection.prosmeftion.yProjection.indices | DEBUG    | The index Lslgauge11 will be rewritten with Lslgauge11.
2022-10-18 16:59:23,582 | autoeft.projection.prosmeftion.yProjection.indices | DEBUG    | The index colf1a will be rewritten with colf1a.
2022-10-18 16:59:23,582 | autoeft.projection.prosmeftion.yProjection.indices | DEBUG    | The index colf1b will be rewritten with colf1b.
2022-10-18 16:59:23,582 | autoeft.projection.prosmeftion.yProjection.indices | DEBUG    | The index flav5 will be rewritten with flav5.
2022-10-18 16:59:23,583 | autoeft.projection.prosmeftion.yProjection.indices | DEBUG    | The index gauge1 will be rewritten with gauge1.
2022-10-18 16:59:23,583 | autoeft.projection.prosmeftion.yProjection.indices | DEBUG    | The index gauge2a will be rewritten with gauge2a.
2022-10-18 16:59:23,584 | autoeft.projection.prosmeftion.yProjection.indices | DEBUG    | The index gauge1a will be rewritten with gauge1a.
2022-10-18 16:59:23,584 | autoeft.projection.prosmeftion.yProjection.indices | DEBUG    | The index flav1 will be deleted.
2022-10-18 16:59:23,584 | autoeft.projection.prosmeftion.yProjection.indices | DEBUG    | The index flav3 will be deleted.
2022-10-18 16:59:23,585 | autoeft.projection.prosmeftion.yProjection.indices | DEBUG    | The index flav1 will be rewritten with flav1.
2022-10-18 16:59:23,585 | autoeft.projection.prosmeftion.yProjection.indices | DEBUG    | The index flav3 will be rewritten with flav3.
2022-10-18 16:59:23,585 | autoeft.projection.prosmeftion.yProjection.indices | DEBUG    | The index flav5 will be deleted.
2022-10-18 16:59:23,585 | autoeft.projection.prosmeftion.yProjection.indices | DEBUG    | The index flav1 will be deleted.
2022-10-18 16:59:23,586 | autoeft.projection.prosmeftion.yProjection.indices | DEBUG    | The index flav5 will be rewritten with flav5.
2022-10-18 16:59:23,586 | autoeft.projection.prosmeftion.yProjection.indices | DEBUG    | The index flav1 will be rewritten with flav1.
2022-10-18 16:59:23,586 | autoeft.projection.prosmeftion.yProjection.indices | DEBUG    | The index flav3 will be deleted.
2022-10-18 16:59:23,586 | autoeft.projection.prosmeftion.yProjection.indices | DEBUG    | The index flav2 will be deleted.
2022-10-18 16:59:23,587 | autoeft.projection.prosmeftion.yProjection.indices | DEBUG    | The index flav3 will be rewritten with flav3.
2022-10-18 16:59:23,587 | autoeft.projection.prosmeftion.yProjection.indices | DEBUG    | The index flav2 will be rewritten with flav2.
2022-10-18 16:59:23,588 | autoeft.projection.prosmeftion.yProjection.indices | DEBUG    | The index gauge2 will be deleted.
2022-10-18 16:59:23,588 | autoeft.projection.prosmeftion.yProjection.indices | DEBUG    | The index gauge2a will be deleted.
2022-10-18 16:59:23,589 | autoeft.projection.prosmeftion.yProjection.indices | DEBUG    | The index gauge2 will be rewritten with gauge2.
2022-10-18 16:59:23,589 | autoeft.projection.prosmeftion.yProjection.indices | DEBUG    | The index gauge2a will be rewritten with gauge2a.
2022-10-18 16:59:23,589 | autoeft.projection.prosmeftion.yProjection.indices | DEBUG    | The index gauge1 will be deleted.
2022-10-18 16:59:23,589 | autoeft.projection.prosmeftion.yProjection.indices | DEBUG    | The index gauge1a will be deleted.
2022-10-18 16:59:23,590 | autoeft.projection.prosmeftion.yProjection.indices | DEBUG    | The index gauge1 will be rewritten with gauge1.
2022-10-18 16:59:23,590 | autoeft.projection.prosmeftion.yProjection.indices | DEBUG    | The index gauge1a will be rewritten with gauge1a.
2022-10-18 16:59:23,590 | autoeft.projection.prosmeftion.yProjection.indices | DEBUG    | The index colf1 will be deleted.
2022-10-18 16:59:23,591 | autoeft.projection.prosmeftion.yProjection.indices | DEBUG    | The index colf1a will be deleted.
2022-10-18 16:59:23,591 | autoeft.projection.prosmeftion.yProjection.indices | DEBUG    | The index colf1b will be deleted.
2022-10-18 16:59:23,591 | autoeft.projection.prosmeftion.yProjection.indices | DEBUG    | The index colf1 will be rewritten with colf1.
2022-10-18 16:59:23,591 | autoeft.projection.prosmeftion.yProjection.indices | DEBUG    | The index colf1a will be rewritten with colf1a.
2022-10-18 16:59:23,592 | autoeft.projection.prosmeftion.yProjection.indices | DEBUG    | The index colf1b will be rewritten with colf1b.
2022-10-18 16:59:23,592 | autoeft.projection.prosmeftion.yProjection.indices | DEBUG    | The index Uslgauge11 will be deleted.
2022-10-18 16:59:23,593 | autoeft.projection.prosmeftion.yProjection.indices | DEBUG    | The index Uslspin22 will be deleted.
2022-10-18 16:59:23,594 | autoeft.projection.prosmeftion.yProjection.indices | DEBUG    | The index Uslgauge11 will be rewritten with Uslgauge11.
2022-10-18 16:59:23,596 | autoeft.projection.prosmeftion.yProjection.indices | DEBUG    | The index Uslspin22 will be rewritten with Uslspin22.
2022-10-18 16:59:23,601 | autoeft.projection.prosmeftion.yProjection.indices | DEBUG    | The index Lslspin22 will be rewritten with Lslspin22.
2022-10-18 16:59:23,601 | autoeft.projection.prosmeftion.yProjection.indices | DEBUG    | The index gauge2 will be rewritten with gauge2.
2022-10-18 16:59:23,602 | autoeft.projection.prosmeftion.yProjection.indices | DEBUG    | The index colf1 will be rewritten with colf1.
2022-10-18 16:59:23,602 | autoeft.projection.prosmeftion.yProjection.indices | DEBUG    | The index flav2 will be rewritten with flav2.
2022-10-18 16:59:23,603 | autoeft.projection.prosmeftion.yProjection.indices | DEBUG    | The index Lslgauge11 will be rewritten with Lslgauge11.
2022-10-18 16:59:23,604 | autoeft.projection.prosmeftion.yProjection.indices | DEBUG    | The index colf1a will be rewritten with colf1a.
2022-10-18 16:59:23,605 | autoeft.projection.prosmeftion.yProjection.indices | DEBUG    | The index colf1b will be rewritten with colf1b.
2022-10-18 16:59:23,605 | autoeft.projection.prosmeftion.yProjection.indices | DEBUG    | The index flav5 will be rewritten with flav5.
2022-10-18 16:59:23,606 | autoeft.projection.prosmeftion.yProjection.indices | DEBUG    | The index gauge1 will be rewritten with gauge1.
2022-10-18 16:59:23,607 | autoeft.projection.prosmeftion.yProjection.indices | DEBUG    | The index gauge2a will be rewritten with gauge2a.
2022-10-18 16:59:23,607 | autoeft.projection.prosmeftion.yProjection.indices | DEBUG    | The index gauge1a will be rewritten with gauge1a.
2022-10-18 16:59:23,608 | autoeft.projection.prosmeftion.yProjection.indices | DEBUG    | The index flav1 will be deleted.
2022-10-18 16:59:23,608 | autoeft.projection.prosmeftion.yProjection.indices | DEBUG    | The index flav3 will be deleted.
2022-10-18 16:59:23,609 | autoeft.projection.prosmeftion.yProjection.indices | DEBUG    | The index flav1 will be rewritten with flav1.
2022-10-18 16:59:23,609 | autoeft.projection.prosmeftion.yProjection.indices | DEBUG    | The index flav3 will be rewritten with flav3.
2022-10-18 16:59:23,609 | autoeft.projection.prosmeftion.yProjection.indices | DEBUG    | The index flav5 will be deleted.
2022-10-18 16:59:23,609 | autoeft.projection.prosmeftion.yProjection.indices | DEBUG    | The index flav1 will be deleted.
2022-10-18 16:59:23,610 | autoeft.projection.prosmeftion.yProjection.indices | DEBUG    | The index flav5 will be rewritten with flav5.
2022-10-18 16:59:23,610 | autoeft.projection.prosmeftion.yProjection.indices | DEBUG    | The index flav1 will be rewritten with flav1.
2022-10-18 16:59:23,611 | autoeft.projection.prosmeftion.yProjection.indices | DEBUG    | The index flav3 will be deleted.
2022-10-18 16:59:23,611 | autoeft.projection.prosmeftion.yProjection.indices | DEBUG    | The index flav2 will be deleted.
2022-10-18 16:59:23,612 | autoeft.projection.prosmeftion.yProjection.indices | DEBUG    | The index flav3 will be rewritten with flav3.
2022-10-18 16:59:23,612 | autoeft.projection.prosmeftion.yProjection.indices | DEBUG    | The index flav2 will be rewritten with flav2.
2022-10-18 16:59:23,612 | autoeft.projection.prosmeftion.yProjection.indices | DEBUG    | The index gauge2 will be deleted.
2022-10-18 16:59:23,613 | autoeft.projection.prosmeftion.yProjection.indices | DEBUG    | The index gauge2a will be deleted.
2022-10-18 16:59:23,613 | autoeft.projection.prosmeftion.yProjection.indices | DEBUG    | The index gauge2 will be rewritten with gauge2.
2022-10-18 16:59:23,614 | autoeft.projection.prosmeftion.yProjection.indices | DEBUG    | The index gauge2a will be rewritten with gauge2a.
2022-10-18 16:59:23,614 | autoeft.projection.prosmeftion.yProjection.indices | DEBUG    | The index gauge1 will be deleted.
2022-10-18 16:59:23,614 | autoeft.projection.prosmeftion.yProjection.indices | DEBUG    | The index gauge1a will be deleted.
2022-10-18 16:59:23,615 | autoeft.projection.prosmeftion.yProjection.indices | DEBUG    | The index gauge1 will be rewritten with gauge1.
2022-10-18 16:59:23,615 | autoeft.projection.prosmeftion.yProjection.indices | DEBUG    | The index gauge1a will be rewritten with gauge1a.
2022-10-18 16:59:23,615 | autoeft.projection.prosmeftion.yProjection.indices | DEBUG    | The index colf1 will be deleted.
2022-10-18 16:59:23,615 | autoeft.projection.prosmeftion.yProjection.indices | DEBUG    | The index colf1a will be deleted.
2022-10-18 16:59:23,616 | autoeft.projection.prosmeftion.yProjection.indices | DEBUG    | The index colf1b will be deleted.
2022-10-18 16:59:23,616 | autoeft.projection.prosmeftion.yProjection.indices | DEBUG    | The index colf1 will be rewritten with colf1.
2022-10-18 16:59:23,616 | autoeft.projection.prosmeftion.yProjection.indices | DEBUG    | The index colf1a will be rewritten with colf1a.
2022-10-18 16:59:23,616 | autoeft.projection.prosmeftion.yProjection.indices | DEBUG    | The index colf1b will be rewritten with colf1b.
2022-10-18 16:59:23,617 | autoeft.projection.prosmeftion.yProjection.indices | DEBUG    | The index Uslgauge11 will be deleted.
2022-10-18 16:59:23,617 | autoeft.projection.prosmeftion.yProjection.indices | DEBUG    | The index Uslspin22 will be deleted.
2022-10-18 16:59:23,618 | autoeft.projection.prosmeftion.yProjection.indices | DEBUG    | The index Uslgauge11 will be rewritten with Uslgauge11.
2022-10-18 16:59:23,618 | autoeft.projection.prosmeftion.yProjection.indices | DEBUG    | The index Uslspin22 will be rewritten with Uslspin22.
2022-10-18 16:59:23,626 | autoeft.projection.prosmeftion.sun_projection | INFO     | Sort fields by type, indicated by a tuple filled with integers. They specify the number of fields in the single summand in the following order: BL WL L Q dC eC uC H H+ L+ Q+ dC+ eC+ uC+ BL+ WL+
2022-10-18 16:59:23,626 | autoeft.projection.prosmeftion.yProjection.indices | DEBUG    | The index flav2 will be deleted.
2022-10-18 16:59:23,627 | autoeft.projection.prosmeftion.yProjection.indices | DEBUG    | The index flav5 will be deleted.
2022-10-18 16:59:23,628 | autoeft.projection.prosmeftion.yProjection.indices | DEBUG    | The index flav1 will be deleted.
2022-10-18 16:59:23,628 | autoeft.projection.prosmeftion.yProjection.indices | DEBUG    | The index flav3 will be deleted.
2022-10-18 16:59:23,629 | autoeft.projection.prosmeftion.yProjection.indices | DEBUG    | The index flav3 will be deleted.
2022-10-18 16:59:23,629 | autoeft.projection.prosmeftion.yProjection.indices | DEBUG    | The index flav2 will be deleted.
2022-10-18 16:59:23,629 | autoeft.projection.prosmeftion.yProjection.indices | DEBUG    | The index gauge1 will be deleted.
2022-10-18 16:59:23,630 | autoeft.projection.prosmeftion.yProjection.indices | DEBUG    | The index gauge1a will be deleted.
2022-10-18 16:59:23,630 | autoeft.projection.prosmeftion.yProjection.indices | DEBUG    | The index gauge2 will be deleted.
2022-10-18 16:59:23,631 | autoeft.projection.prosmeftion.yProjection.indices | DEBUG    | The index gauge2a will be deleted.
2022-10-18 16:59:23,632 | autoeft.projection.prosmeftion.yProjection.indices | DEBUG    | The index colf1 will be deleted.
2022-10-18 16:59:23,632 | autoeft.projection.prosmeftion.yProjection.indices | DEBUG    | The index colf1a will be deleted.
2022-10-18 16:59:23,633 | autoeft.projection.prosmeftion.yProjection.indices | DEBUG    | The index colf1b will be deleted.
2022-10-18 16:59:23,634 | autoeft.projection.prosmeftion.yProjection.indices | DEBUG    | The index Lsldotgauge11 will be deleted.
2022-10-18 16:59:23,634 | autoeft.projection.prosmeftion.yProjection.indices | DEBUG    | The index Lsldotspin111 will be deleted.
2022-10-18 16:59:23,636 | autoeft.projection.prosmeftion.yProjection.indices | DEBUG    | The index flav2 will be deleted.
2022-10-18 16:59:23,637 | autoeft.projection.prosmeftion.yProjection.indices | DEBUG    | The index flav5 will be deleted.
2022-10-18 16:59:23,638 | autoeft.projection.prosmeftion.yProjection.indices | DEBUG    | The index flav1 will be deleted.
2022-10-18 16:59:23,638 | autoeft.projection.prosmeftion.yProjection.indices | DEBUG    | The index flav3 will be deleted.
2022-10-18 16:59:23,639 | autoeft.projection.prosmeftion.yProjection.indices | DEBUG    | The index flav3 will be deleted.
2022-10-18 16:59:23,639 | autoeft.projection.prosmeftion.yProjection.indices | DEBUG    | The index flav2 will be deleted.
2022-10-18 16:59:23,639 | autoeft.projection.prosmeftion.yProjection.indices | DEBUG    | The index gauge1 will be deleted.
2022-10-18 16:59:23,639 | autoeft.projection.prosmeftion.yProjection.indices | DEBUG    | The index gauge1a will be deleted.
2022-10-18 16:59:23,640 | autoeft.projection.prosmeftion.yProjection.indices | DEBUG    | The index gauge2 will be deleted.
2022-10-18 16:59:23,640 | autoeft.projection.prosmeftion.yProjection.indices | DEBUG    | The index gauge2a will be deleted.
2022-10-18 16:59:23,640 | autoeft.projection.prosmeftion.yProjection.indices | DEBUG    | The index colf1 will be deleted.
2022-10-18 16:59:23,641 | autoeft.projection.prosmeftion.yProjection.indices | DEBUG    | The index colf1a will be deleted.
2022-10-18 16:59:23,641 | autoeft.projection.prosmeftion.yProjection.indices | DEBUG    | The index colf1b will be deleted.
2022-10-18 16:59:23,641 | autoeft.projection.prosmeftion.yProjection.indices | DEBUG    | The index Lsldotgauge11 will be deleted.
2022-10-18 16:59:23,641 | autoeft.projection.prosmeftion.yProjection.indices | DEBUG    | The index Lsldotspin111 will be deleted.
2022-10-18 16:59:23,642 | autoeft.projection.prosmeftion.yProjection.indices | DEBUG    | The index flav1 will be deleted.
2022-10-18 16:59:23,643 | autoeft.projection.prosmeftion.yProjection.indices | DEBUG    | The index flav3 will be deleted.
2022-10-18 16:59:23,643 | autoeft.projection.prosmeftion.yProjection.indices | DEBUG    | The index flav2 will be deleted.
2022-10-18 16:59:23,644 | autoeft.projection.prosmeftion.yProjection.indices | DEBUG    | The index flav5 will be deleted.
2022-10-18 16:59:23,644 | autoeft.projection.prosmeftion.yProjection.indices | DEBUG    | The index flav3 will be deleted.
2022-10-18 16:59:23,645 | autoeft.projection.prosmeftion.yProjection.indices | DEBUG    | The index flav2 will be deleted.
2022-10-18 16:59:23,645 | autoeft.projection.prosmeftion.yProjection.indices | DEBUG    | The index gauge1 will be deleted.
2022-10-18 16:59:23,645 | autoeft.projection.prosmeftion.yProjection.indices | DEBUG    | The index gauge1a will be deleted.
2022-10-18 16:59:23,646 | autoeft.projection.prosmeftion.yProjection.indices | DEBUG    | The index gauge2 will be deleted.
2022-10-18 16:59:23,646 | autoeft.projection.prosmeftion.yProjection.indices | DEBUG    | The index gauge2a will be deleted.
2022-10-18 16:59:23,646 | autoeft.projection.prosmeftion.yProjection.indices | DEBUG    | The index colf1 will be deleted.
2022-10-18 16:59:23,646 | autoeft.projection.prosmeftion.yProjection.indices | DEBUG    | The index colf1a will be deleted.
2022-10-18 16:59:23,647 | autoeft.projection.prosmeftion.yProjection.indices | DEBUG    | The index colf1b will be deleted.
2022-10-18 16:59:23,647 | autoeft.projection.prosmeftion.yProjection.indices | DEBUG    | The index Lsldotgauge11 will be deleted.
2022-10-18 16:59:23,647 | autoeft.projection.prosmeftion.yProjection.indices | DEBUG    | The index Lsldotspin111 will be deleted.
2022-10-18 16:59:23,649 | autoeft.projection.prosmeftion.yProjection.indices | DEBUG    | The index flav1 will be deleted.
2022-10-18 16:59:23,649 | autoeft.projection.prosmeftion.yProjection.indices | DEBUG    | The index flav3 will be deleted.
2022-10-18 16:59:23,649 | autoeft.projection.prosmeftion.yProjection.indices | DEBUG    | The index flav2 will be deleted.
2022-10-18 16:59:23,650 | autoeft.projection.prosmeftion.yProjection.indices | DEBUG    | The index flav5 will be deleted.
2022-10-18 16:59:23,650 | autoeft.projection.prosmeftion.yProjection.indices | DEBUG    | The index flav3 will be deleted.
2022-10-18 16:59:23,650 | autoeft.projection.prosmeftion.yProjection.indices | DEBUG    | The index flav2 will be deleted.
2022-10-18 16:59:23,650 | autoeft.projection.prosmeftion.yProjection.indices | DEBUG    | The index gauge1 will be deleted.
2022-10-18 16:59:23,651 | autoeft.projection.prosmeftion.yProjection.indices | DEBUG    | The index gauge1a will be deleted.
2022-10-18 16:59:23,651 | autoeft.projection.prosmeftion.yProjection.indices | DEBUG    | The index gauge2 will be deleted.
2022-10-18 16:59:23,651 | autoeft.projection.prosmeftion.yProjection.indices | DEBUG    | The index gauge2a will be deleted.
2022-10-18 16:59:23,651 | autoeft.projection.prosmeftion.yProjection.indices | DEBUG    | The index colf1 will be deleted.
2022-10-18 16:59:23,652 | autoeft.projection.prosmeftion.yProjection.indices | DEBUG    | The index colf1a will be deleted.
2022-10-18 16:59:23,652 | autoeft.projection.prosmeftion.yProjection.indices | DEBUG    | The index colf1b will be deleted.
2022-10-18 16:59:23,652 | autoeft.projection.prosmeftion.yProjection.indices | DEBUG    | The index Lsldotgauge11 will be deleted.
2022-10-18 16:59:23,653 | autoeft.projection.prosmeftion.yProjection.indices | DEBUG    | The index Lsldotspin111 will be deleted.
2022-10-18 16:59:23,655 | autoeft.projection.prosmeftion.yProjection.indices | DEBUG    | The index flav1 will be deleted.
2022-10-18 16:59:23,655 | autoeft.projection.prosmeftion.yProjection.indices | DEBUG    | The index flav3 will be deleted.
2022-10-18 16:59:23,657 | autoeft.projection.prosmeftion.yProjection.indices | DEBUG    | The index flav3 will be deleted.
2022-10-18 16:59:23,657 | autoeft.projection.prosmeftion.yProjection.indices | DEBUG    | The index flav2 will be deleted.
2022-10-18 16:59:23,658 | autoeft.projection.prosmeftion.yProjection.indices | DEBUG    | The index gauge2 will be deleted.
2022-10-18 16:59:23,658 | autoeft.projection.prosmeftion.yProjection.indices | DEBUG    | The index gauge2a will be deleted.
2022-10-18 16:59:23,659 | autoeft.projection.prosmeftion.yProjection.indices | DEBUG    | The index gauge1 will be deleted.
2022-10-18 16:59:23,659 | autoeft.projection.prosmeftion.yProjection.indices | DEBUG    | The index gauge1a will be deleted.
2022-10-18 16:59:23,660 | autoeft.projection.prosmeftion.yProjection.indices | DEBUG    | The index colf1 will be deleted.
2022-10-18 16:59:23,660 | autoeft.projection.prosmeftion.yProjection.indices | DEBUG    | The index colf1a will be deleted.
2022-10-18 16:59:23,660 | autoeft.projection.prosmeftion.yProjection.indices | DEBUG    | The index colf1b will be deleted.
2022-10-18 16:59:23,660 | autoeft.projection.prosmeftion.yProjection.indices | DEBUG    | The index Uslspin22 will be deleted.
2022-10-18 16:59:23,661 | autoeft.projection.prosmeftion.yProjection.indices | DEBUG    | The index Uslgauge11 will be deleted.
2022-10-18 16:59:23,661 | autoeft.projection.prosmeftion.yProjection.indices | DEBUG    | The index Lsldotgauge11 will be deleted.
2022-10-18 16:59:23,661 | autoeft.projection.prosmeftion.yProjection.indices | DEBUG    | The index Lsldotspin111 will be deleted.
2022-10-18 16:59:23,662 | autoeft.projection.prosmeftion.yProjection.indices | DEBUG    | The index flav5 will be deleted.
2022-10-18 16:59:23,663 | autoeft.projection.prosmeftion.yProjection.indices | DEBUG    | The index flav1 will be deleted.
2022-10-18 16:59:23,663 | autoeft.projection.prosmeftion.yProjection.indices | DEBUG    | The index flav1 will be deleted.
2022-10-18 16:59:23,663 | autoeft.projection.prosmeftion.yProjection.indices | DEBUG    | The index flav3 will be deleted.
2022-10-18 16:59:23,663 | autoeft.projection.prosmeftion.yProjection.indices | DEBUG    | The index flav3 will be deleted.
2022-10-18 16:59:23,664 | autoeft.projection.prosmeftion.yProjection.indices | DEBUG    | The index flav2 will be deleted.
2022-10-18 16:59:23,664 | autoeft.projection.prosmeftion.yProjection.indices | DEBUG    | The index gauge2 will be deleted.
2022-10-18 16:59:23,664 | autoeft.projection.prosmeftion.yProjection.indices | DEBUG    | The index gauge2a will be deleted.
2022-10-18 16:59:23,664 | autoeft.projection.prosmeftion.yProjection.indices | DEBUG    | The index gauge1 will be deleted.
2022-10-18 16:59:23,665 | autoeft.projection.prosmeftion.yProjection.indices | DEBUG    | The index gauge1a will be deleted.
2022-10-18 16:59:23,665 | autoeft.projection.prosmeftion.yProjection.indices | DEBUG    | The index colf1 will be deleted.
2022-10-18 16:59:23,665 | autoeft.projection.prosmeftion.yProjection.indices | DEBUG    | The index colf1a will be deleted.
2022-10-18 16:59:23,665 | autoeft.projection.prosmeftion.yProjection.indices | DEBUG    | The index colf1b will be deleted.
2022-10-18 16:59:23,666 | autoeft.projection.prosmeftion.yProjection.indices | DEBUG    | The index Uslgauge11 will be deleted.
2022-10-18 16:59:23,666 | autoeft.projection.prosmeftion.yProjection.indices | DEBUG    | The index Uslspin22 will be deleted.
2022-10-18 16:59:23,668 | autoeft.projection.prosmeftion.yProjection.indices | DEBUG    | The index flav5 will be deleted.
2022-10-18 16:59:23,668 | autoeft.projection.prosmeftion.yProjection.indices | DEBUG    | The index flav1 will be deleted.
2022-10-18 16:59:23,668 | autoeft.projection.prosmeftion.yProjection.indices | DEBUG    | The index flav1 will be deleted.
2022-10-18 16:59:23,668 | autoeft.projection.prosmeftion.yProjection.indices | DEBUG    | The index flav3 will be deleted.
2022-10-18 16:59:23,669 | autoeft.projection.prosmeftion.yProjection.indices | DEBUG    | The index flav3 will be deleted.
2022-10-18 16:59:23,669 | autoeft.projection.prosmeftion.yProjection.indices | DEBUG    | The index flav2 will be deleted.
2022-10-18 16:59:23,669 | autoeft.projection.prosmeftion.yProjection.indices | DEBUG    | The index gauge2 will be deleted.
2022-10-18 16:59:23,669 | autoeft.projection.prosmeftion.yProjection.indices | DEBUG    | The index gauge2a will be deleted.
2022-10-18 16:59:23,670 | autoeft.projection.prosmeftion.yProjection.indices | DEBUG    | The index gauge1 will be deleted.
2022-10-18 16:59:23,670 | autoeft.projection.prosmeftion.yProjection.indices | DEBUG    | The index gauge1a will be deleted.
2022-10-18 16:59:23,670 | autoeft.projection.prosmeftion.yProjection.indices | DEBUG    | The index colf1 will be deleted.
2022-10-18 16:59:23,671 | autoeft.projection.prosmeftion.yProjection.indices | DEBUG    | The index colf1a will be deleted.
2022-10-18 16:59:23,671 | autoeft.projection.prosmeftion.yProjection.indices | DEBUG    | The index colf1b will be deleted.
2022-10-18 16:59:23,672 | autoeft.projection.prosmeftion.yProjection.indices | DEBUG    | The index Uslgauge11 will be deleted.
2022-10-18 16:59:23,675 | autoeft.projection.prosmeftion.yProjection.indices | DEBUG    | The index Uslspin22 will be deleted.
2022-10-18 16:59:23,676 | autoeft.projection.prosmeftion.yProjection.indices | DEBUG    | The index flav1 will be deleted.
2022-10-18 16:59:23,677 | autoeft.projection.prosmeftion.yProjection.indices | DEBUG    | The index flav3 will be deleted.
2022-10-18 16:59:23,678 | autoeft.projection.prosmeftion.yProjection.indices | DEBUG    | The index flav5 will be deleted.
2022-10-18 16:59:23,678 | autoeft.projection.prosmeftion.yProjection.indices | DEBUG    | The index flav1 will be deleted.
2022-10-18 16:59:23,679 | autoeft.projection.prosmeftion.yProjection.indices | DEBUG    | The index flav3 will be deleted.
2022-10-18 16:59:23,680 | autoeft.projection.prosmeftion.yProjection.indices | DEBUG    | The index flav2 will be deleted.
2022-10-18 16:59:23,680 | autoeft.projection.prosmeftion.yProjection.indices | DEBUG    | The index gauge2 will be deleted.
2022-10-18 16:59:23,681 | autoeft.projection.prosmeftion.yProjection.indices | DEBUG    | The index gauge2a will be deleted.
2022-10-18 16:59:23,681 | autoeft.projection.prosmeftion.yProjection.indices | DEBUG    | The index gauge1 will be deleted.
2022-10-18 16:59:23,681 | autoeft.projection.prosmeftion.yProjection.indices | DEBUG    | The index gauge1a will be deleted.
2022-10-18 16:59:23,682 | autoeft.projection.prosmeftion.yProjection.indices | DEBUG    | The index colf1 will be deleted.
2022-10-18 16:59:23,682 | autoeft.projection.prosmeftion.yProjection.indices | DEBUG    | The index colf1a will be deleted.
2022-10-18 16:59:23,682 | autoeft.projection.prosmeftion.yProjection.indices | DEBUG    | The index colf1b will be deleted.
2022-10-18 16:59:23,683 | autoeft.projection.prosmeftion.yProjection.indices | DEBUG    | The index Uslgauge11 will be deleted.
2022-10-18 16:59:23,683 | autoeft.projection.prosmeftion.yProjection.indices | DEBUG    | The index Uslspin22 will be deleted.
2022-10-18 16:59:23,685 | autoeft.projection.prosmeftion.yProjection.indices | DEBUG    | The index flav1 will be deleted.
2022-10-18 16:59:23,686 | autoeft.projection.prosmeftion.yProjection.indices | DEBUG    | The index flav3 will be deleted.
2022-10-18 16:59:23,687 | autoeft.projection.prosmeftion.yProjection.indices | DEBUG    | The index flav5 will be deleted.
2022-10-18 16:59:23,687 | autoeft.projection.prosmeftion.yProjection.indices | DEBUG    | The index flav1 will be deleted.
2022-10-18 16:59:23,688 | autoeft.projection.prosmeftion.yProjection.indices | DEBUG    | The index flav3 will be deleted.
2022-10-18 16:59:23,689 | autoeft.projection.prosmeftion.yProjection.indices | DEBUG    | The index flav2 will be deleted.
2022-10-18 16:59:23,690 | autoeft.projection.prosmeftion.yProjection.indices | DEBUG    | The index gauge2 will be deleted.
2022-10-18 16:59:23,690 | autoeft.projection.prosmeftion.yProjection.indices | DEBUG    | The index gauge2a will be deleted.
2022-10-18 16:59:23,691 | autoeft.projection.prosmeftion.yProjection.indices | DEBUG    | The index gauge1 will be deleted.
2022-10-18 16:59:23,691 | autoeft.projection.prosmeftion.yProjection.indices | DEBUG    | The index gauge1a will be deleted.
2022-10-18 16:59:23,691 | autoeft.projection.prosmeftion.yProjection.indices | DEBUG    | The index colf1 will be deleted.
2022-10-18 16:59:23,692 | autoeft.projection.prosmeftion.yProjection.indices | DEBUG    | The index colf1a will be deleted.
2022-10-18 16:59:23,692 | autoeft.projection.prosmeftion.yProjection.indices | DEBUG    | The index colf1b will be deleted.
2022-10-18 16:59:23,692 | autoeft.projection.prosmeftion.yProjection.indices | DEBUG    | The index Uslgauge11 will be deleted.
2022-10-18 16:59:23,693 | autoeft.projection.prosmeftion.yProjection.indices | DEBUG    | The index Uslspin22 will be deleted.
2022-10-18 16:59:23,694 | autoeft.projection.prosmeftion.sun_projection | INFO     | Project all terms for a specific type onto the SU3_C-, SU2_W-group basis when the term of specific type is part of the basis.
2022-10-18 16:59:23,743 | autoeft.projection.prosmeftion | DEBUG    | form -p /mnt/c/Users/jakob/OneDrive - Students RWTH Aachen University/Physik/9Physik/ws21/Masterthesis/autoeft/projection/form_files/general get_dimension.frm
2022-10-18 16:59:24,173 | autoeft.projection.prosmeftion.sun_projection | DEBUG    | Projection matrix of SU3_C-group for field content {'H': 1, 'H+': 2, 'Q+': 1, 'uC+': 1}:
[1]
[1].
2022-10-18 16:59:24,309 | autoeft.projection.prosmeftion.sun_projection | DEBUG    | Projection matrix of SU2_W-group for field content {'H': 1, 'H+': 2, 'Q+': 1, 'uC+': 1}:
[ 1 -1]
[-1  1].
2022-10-18 16:59:24,396 | autoeft.projection.prosmeftion | DEBUG    | form -p /mnt/c/Users/jakob/OneDrive - Students RWTH Aachen University/Physik/9Physik/ws21/Masterthesis/autoeft/projection/form_files/general get_dimension.frm
2022-10-18 16:59:24,544 | autoeft.projection.prosmeftion.sun_projection | DEBUG    | Projection matrix of SU3_C-group for field content {'H': 2, 'H+': 1, 'Q+': 1, 'dC+': 1}:
[1]
[1].
2022-10-18 16:59:24,682 | autoeft.projection.prosmeftion.sun_projection | DEBUG    | Projection matrix of SU2_W-group for field content {'H': 2, 'H+': 1, 'Q+': 1, 'dC+': 1}:
[ 1  0]
[ 1 -1].
2022-10-18 16:59:24,744 | autoeft.projection.prosmeftion | DEBUG    | form -p /mnt/c/Users/jakob/OneDrive - Students RWTH Aachen University/Physik/9Physik/ws21/Masterthesis/autoeft/projection/form_files/general get_dimension.frm
2022-10-18 16:59:24,920 | autoeft.projection.prosmeftion.sun_projection | DEBUG    | Projection matrix of SU3_C-group for field content {'Q': 1, 'H': 1, 'H+': 1, 'Q+': 1}:
[1].
2022-10-18 16:59:25,091 | autoeft.projection.prosmeftion.sun_projection | DEBUG    | Projection matrix of SU2_W-group for field content {'Q': 1, 'H': 1, 'H+': 1, 'Q+': 1}:
[1 0].
2022-10-18 16:59:25,143 | autoeft.projection.prosmeftion | DEBUG    | form -p /mnt/c/Users/jakob/OneDrive - Students RWTH Aachen University/Physik/9Physik/ws21/Masterthesis/autoeft/projection/form_files/general get_dimension.frm
2022-10-18 16:59:25,250 | autoeft.projection.prosmeftion.sun_projection | DEBUG    | Projection matrix of SU3_C-group for field content {'Q': 1, 'uC': 1, 'H': 2, 'H+': 1}:
[1]
[1].
2022-10-18 16:59:25,338 | autoeft.projection.prosmeftion.sun_projection | DEBUG    | Projection matrix of SU2_W-group for field content {'Q': 1, 'uC': 1, 'H': 2, 'H+': 1}:
[ 1 -1]
[-1  1].
2022-10-18 16:59:25,390 | autoeft.projection.prosmeftion | DEBUG    | form -p /mnt/c/Users/jakob/OneDrive - Students RWTH Aachen University/Physik/9Physik/ws21/Masterthesis/autoeft/projection/form_files/general get_dimension.frm
2022-10-18 16:59:25,467 | autoeft.projection.prosmeftion.sun_projection | DEBUG    | Projection matrix of SU3_C-group for field content {'Q': 1, 'dC': 1, 'H': 1, 'H+': 2}:
[1]
[1].
2022-10-18 16:59:25,570 | autoeft.projection.prosmeftion.sun_projection | DEBUG    | Projection matrix of SU2_W-group for field content {'Q': 1, 'dC': 1, 'H': 1, 'H+': 2}:
[ 1  0]
[ 1 -1].
2022-10-18 16:59:25,586 | autoeft.projection.prosmeftion.yProjection.indices | DEBUG    | The index gaugeF1I1 will be rewritten with gaugeF1I1.
2022-10-18 16:59:25,587 | autoeft.projection.prosmeftion.yProjection.indices | DEBUG    | The index gaugeF1I1 will be rewritten with gaugeF1I1.
2022-10-18 16:59:25,589 | autoeft.projection.prosmeftion.yProjection.indices | DEBUG    | The index gaugeF2I1 will be rewritten with gaugeF2I1.
2022-10-18 16:59:25,590 | autoeft.projection.prosmeftion.yProjection.indices | DEBUG    | The index gaugeF2I1 will be rewritten with gaugeF2I1.
2022-10-18 16:59:25,591 | autoeft.projection.prosmeftion.yProjection.indices | DEBUG    | The index gaugeF3I1 will be rewritten with gaugeF3I1.
2022-10-18 16:59:25,592 | autoeft.projection.prosmeftion.yProjection.indices | DEBUG    | The index gaugeF3I1 will be rewritten with gaugeF3I1.
2022-10-18 16:59:25,592 | autoeft.projection.prosmeftion.yProjection.indices | DEBUG    | The index Lsldotspin111 will be rewritten with Lsldotspin111.
2022-10-18 16:59:25,593 | autoeft.projection.prosmeftion.yProjection.indices | DEBUG    | The index Usldotspin111 will be rewritten with Usldotspin111.
2022-10-18 16:59:25,593 | autoeft.projection.prosmeftion.yProjection.indices | DEBUG    | The index gaugeF4I1 will be rewritten with gaugeF4I1.
2022-10-18 16:59:25,594 | autoeft.projection.prosmeftion.yProjection.indices | DEBUG    | The index gaugeF4I1 will be rewritten with gaugeF4I1.
2022-10-18 16:59:25,594 | autoeft.projection.prosmeftion.yProjection.indices | DEBUG    | The index colfF4I1 will be rewritten with colfF4I1.
2022-10-18 16:59:25,596 | autoeft.projection.prosmeftion.yProjection.indices | DEBUG    | The index colfF4I1 will be rewritten with colfF4I1.
2022-10-18 16:59:25,596 | autoeft.projection.prosmeftion.yProjection.indices | DEBUG    | The index colfF4I2 will be rewritten with colfF4I2.
2022-10-18 16:59:25,597 | autoeft.projection.prosmeftion.yProjection.indices | DEBUG    | The index colfF4I2 will be rewritten with colfF4I2.
2022-10-18 16:59:25,600 | autoeft.projection.prosmeftion.yProjection.indices | DEBUG    | The index flav1 will be rewritten with flav1.
2022-10-18 16:59:25,600 | autoeft.projection.prosmeftion.yProjection.indices | DEBUG    | The index flav1 will be rewritten with flav1.
2022-10-18 16:59:25,604 | autoeft.projection.prosmeftion.yProjection.indices | DEBUG    | The index Lsldotgauge11 will be rewritten with Lsldotgauge11.
2022-10-18 16:59:25,605 | autoeft.projection.prosmeftion.yProjection.indices | DEBUG    | The index Usldotgauge11 will be rewritten with Usldotgauge11.
2022-10-18 16:59:25,606 | autoeft.projection.prosmeftion.yProjection.indices | DEBUG    | The index colfF5I1 will be rewritten with colfF5I1.
2022-10-18 16:59:25,606 | autoeft.projection.prosmeftion.yProjection.indices | DEBUG    | The index colfF5I1 will be rewritten with colfF5I1.
2022-10-18 16:59:25,606 | autoeft.projection.prosmeftion.yProjection.indices | DEBUG    | The index flav5 will be rewritten with flav5.
2022-10-18 16:59:25,607 | autoeft.projection.prosmeftion.yProjection.indices | DEBUG    | The index flav5 will be rewritten with flav5.
2022-10-18 16:59:25,608 | autoeft.projection.prosmeftion.yProjection.indices | DEBUG    | The index colfF5I1 will be deleted.
2022-10-18 16:59:25,608 | autoeft.projection.prosmeftion.yProjection.indices | DEBUG    | The index colfF4I1 will be deleted.
2022-10-18 16:59:25,608 | autoeft.projection.prosmeftion.yProjection.indices | DEBUG    | The index colfF4I2 will be deleted.
2022-10-18 16:59:25,608 | autoeft.projection.prosmeftion.yProjection.operator | DEBUG    | Expression changed from [su3eps](colf1,colf1a,colf1b) to [su3eps](colfF5I1,colfF4I1,colfF4I2).
2022-10-18 16:59:25,609 | autoeft.projection.prosmeftion.yProjection.operators | DEBUG    | The operator(s) [su3eps](colfF5I1,colfF4I1,colfF4I2) will be deleted.
2022-10-18 16:59:25,609 | autoeft.projection.prosmeftion.yProjection.indices | DEBUG    | The index colfF5I1 will be deleted.
2022-10-18 16:59:25,609 | autoeft.projection.prosmeftion.yProjection.indices | DEBUG    | The index colfF4I1 will be deleted.
2022-10-18 16:59:25,610 | autoeft.projection.prosmeftion.yProjection.indices | DEBUG    | The index colfF4I2 will be deleted.
2022-10-18 16:59:25,610 | autoeft.projection.prosmeftion.yProjection.operator | DEBUG    | Expression changed from [su3eps](colf1,colf1a,colf1b) to [su3eps](colfF5I1,colfF4I1,colfF4I2).
2022-10-18 16:59:25,610 | autoeft.projection.prosmeftion.yProjection.indices | DEBUG    | The index flav2 will be deleted.
2022-10-18 16:59:25,610 | autoeft.projection.prosmeftion.yProjection.indices | DEBUG    | The index flav5 will be deleted.
2022-10-18 16:59:25,611 | autoeft.projection.prosmeftion.yProjection.indices | DEBUG    | The index colfF5I1 will be deleted.
2022-10-18 16:59:25,611 | autoeft.projection.prosmeftion.yProjection.indices | DEBUG    | The index colfF4I1 will be deleted.
2022-10-18 16:59:25,611 | autoeft.projection.prosmeftion.yProjection.indices | DEBUG    | The index colfF4I2 will be deleted.
2022-10-18 16:59:25,611 | autoeft.projection.prosmeftion.yProjection.operator | DEBUG    | Expression changed from [su3eps](colf1,colf1a,colf1b) to [su3eps](colfF5I1,colfF4I1,colfF4I2).
2022-10-18 16:59:25,612 | autoeft.projection.prosmeftion.yProjection.indices | DEBUG    | The index flav1 will be deleted.
2022-10-18 16:59:25,612 | autoeft.projection.prosmeftion.yProjection.indices | DEBUG    | The index flav3 will be deleted.
2022-10-18 16:59:25,612 | autoeft.projection.prosmeftion.yProjection.indices | DEBUG    | The index colfF5I1 will be deleted.
2022-10-18 16:59:25,612 | autoeft.projection.prosmeftion.yProjection.indices | DEBUG    | The index colfF4I1 will be deleted.
2022-10-18 16:59:25,613 | autoeft.projection.prosmeftion.yProjection.indices | DEBUG    | The index colfF4I2 will be deleted.
2022-10-18 16:59:25,613 | autoeft.projection.prosmeftion.yProjection.operator | DEBUG    | Expression changed from [su3eps](colf1,colf1a,colf1b) to [su3eps](colfF5I1,colfF4I1,colfF4I2).
2022-10-18 16:59:25,613 | autoeft.projection.prosmeftion.yProjection.indices | DEBUG    | The index flav3 will be deleted.
2022-10-18 16:59:25,614 | autoeft.projection.prosmeftion.yProjection.indices | DEBUG    | The index flav2 will be deleted.
2022-10-18 16:59:25,614 | autoeft.projection.prosmeftion.yProjection.indices | DEBUG    | The index colfF5I1 will be deleted.
2022-10-18 16:59:25,614 | autoeft.projection.prosmeftion.yProjection.indices | DEBUG    | The index colfF4I1 will be deleted.
2022-10-18 16:59:25,614 | autoeft.projection.prosmeftion.yProjection.indices | DEBUG    | The index colfF4I2 will be deleted.
2022-10-18 16:59:25,615 | autoeft.projection.prosmeftion.yProjection.operator | DEBUG    | Expression changed from [su3eps](colf1,colf1a,colf1b) to [su3eps](colfF5I1,colfF4I1,colfF4I2).
2022-10-18 16:59:25,615 | autoeft.projection.prosmeftion.yProjection.indices | DEBUG    | The index gaugeF1I1 will be deleted.
2022-10-18 16:59:25,615 | autoeft.projection.prosmeftion.yProjection.indices | DEBUG    | The index gaugeF4I1 will be deleted.
2022-10-18 16:59:25,615 | autoeft.projection.prosmeftion.yProjection.operator | DEBUG    | Expression changed from [su2eps](gauge1,gauge1a) to [su2eps](gaugeF1I1,gaugeF4I1).
2022-10-18 16:59:25,616 | autoeft.projection.prosmeftion.yProjection.indices | DEBUG    | The index colfF5I1 will be deleted.
2022-10-18 16:59:25,616 | autoeft.projection.prosmeftion.yProjection.indices | DEBUG    | The index colfF4I1 will be deleted.
2022-10-18 16:59:25,616 | autoeft.projection.prosmeftion.yProjection.indices | DEBUG    | The index colfF4I2 will be deleted.
2022-10-18 16:59:25,617 | autoeft.projection.prosmeftion.yProjection.operator | DEBUG    | Expression changed from [su3eps](colf1,colf1a,colf1b) to [su3eps](colfF5I1,colfF4I1,colfF4I2).
2022-10-18 16:59:25,617 | autoeft.projection.prosmeftion.yProjection.indices | DEBUG    | The index gaugeF2I1 will be deleted.
2022-10-18 16:59:25,617 | autoeft.projection.prosmeftion.yProjection.indices | DEBUG    | The index gaugeF3I1 will be deleted.
2022-10-18 16:59:25,617 | autoeft.projection.prosmeftion.yProjection.operator | DEBUG    | Expression changed from [su2eps](gauge2,gauge2a) to [su2eps](gaugeF2I1,gaugeF3I1).
2022-10-18 16:59:25,618 | autoeft.projection.prosmeftion.yProjection.indices | DEBUG    | The index colfF5I1 will be deleted.
2022-10-18 16:59:25,618 | autoeft.projection.prosmeftion.yProjection.indices | DEBUG    | The index colfF4I1 will be deleted.
2022-10-18 16:59:25,619 | autoeft.projection.prosmeftion.yProjection.indices | DEBUG    | The index colfF4I2 will be deleted.
2022-10-18 16:59:25,620 | autoeft.projection.prosmeftion.yProjection.operator | DEBUG    | Expression changed from [su3eps](colf1,colf1a,colf1b) to [su3eps](colfF5I1,colfF4I1,colfF4I2).
2022-10-18 16:59:25,620 | autoeft.projection.prosmeftion.yProjection.indices | DEBUG    | The index colfF5I1 will be deleted.
2022-10-18 16:59:25,621 | autoeft.projection.prosmeftion.yProjection.indices | DEBUG    | The index colfF4I1 will be deleted.
2022-10-18 16:59:25,621 | autoeft.projection.prosmeftion.yProjection.indices | DEBUG    | The index colfF4I2 will be deleted.
2022-10-18 16:59:25,621 | autoeft.projection.prosmeftion.yProjection.operator | DEBUG    | Expression changed from [su3eps](colf1,colf1a,colf1b) to [su3eps](colfF5I1,colfF4I1,colfF4I2).
2022-10-18 16:59:25,623 | autoeft.projection.prosmeftion.yProjection.indices | DEBUG    | The index gaugeF1I1 will be deleted.
2022-10-18 16:59:25,625 | autoeft.projection.prosmeftion.yProjection.indices | DEBUG    | The index gaugeF4I1 will be deleted.
2022-10-18 16:59:25,625 | autoeft.projection.prosmeftion.yProjection.operator | DEBUG    | Expression changed from [su2eps](gauge1,gauge1a) to [su2eps](gaugeF1I1,gaugeF4I1).
2022-10-18 16:59:25,626 | autoeft.projection.prosmeftion.yProjection.indices | DEBUG    | The index gaugeF2I1 will be deleted.
2022-10-18 16:59:25,627 | autoeft.projection.prosmeftion.yProjection.indices | DEBUG    | The index gaugeF3I1 will be deleted.
2022-10-18 16:59:25,628 | autoeft.projection.prosmeftion.yProjection.operator | DEBUG    | Expression changed from [su2eps](gauge2,gauge2a) to [su2eps](gaugeF2I1,gaugeF3I1).
2022-10-18 16:59:25,629 | autoeft.projection.prosmeftion.yProjection.operators | DEBUG    | The operator(s) [su2eps](gaugeF1I1,gaugeF4I1)*[su2eps](gaugeF2I1,gaugeF3I1) will be deleted.
2022-10-18 16:59:25,630 | autoeft.projection.prosmeftion.yProjection.indices | DEBUG    | The index gaugeF1I1 will be deleted.
2022-10-18 16:59:25,631 | autoeft.projection.prosmeftion.yProjection.indices | DEBUG    | The index gaugeF4I1 will be deleted.
2022-10-18 16:59:25,631 | autoeft.projection.prosmeftion.yProjection.operator | DEBUG    | Expression changed from [su2eps](gauge1,gauge1a) to [su2eps](gaugeF1I1,gaugeF4I1).
2022-10-18 16:59:25,632 | autoeft.projection.prosmeftion.yProjection.indices | DEBUG    | The index flav2 will be deleted.
2022-10-18 16:59:25,633 | autoeft.projection.prosmeftion.yProjection.indices | DEBUG    | The index flav5 will be deleted.
2022-10-18 16:59:25,633 | autoeft.projection.prosmeftion.yProjection.indices | DEBUG    | The index gaugeF1I1 will be deleted.
2022-10-18 16:59:25,636 | autoeft.projection.prosmeftion.yProjection.indices | DEBUG    | The index gaugeF4I1 will be deleted.
2022-10-18 16:59:25,637 | autoeft.projection.prosmeftion.yProjection.operator | DEBUG    | Expression changed from [su2eps](gauge1,gauge1a) to [su2eps](gaugeF1I1,gaugeF4I1).
2022-10-18 16:59:25,637 | autoeft.projection.prosmeftion.yProjection.indices | DEBUG    | The index flav1 will be deleted.
2022-10-18 16:59:25,638 | autoeft.projection.prosmeftion.yProjection.indices | DEBUG    | The index flav3 will be deleted.
2022-10-18 16:59:25,638 | autoeft.projection.prosmeftion.yProjection.indices | DEBUG    | The index gaugeF1I1 will be deleted.
2022-10-18 16:59:25,639 | autoeft.projection.prosmeftion.yProjection.indices | DEBUG    | The index gaugeF4I1 will be deleted.
2022-10-18 16:59:25,639 | autoeft.projection.prosmeftion.yProjection.operator | DEBUG    | Expression changed from [su2eps](gauge1,gauge1a) to [su2eps](gaugeF1I1,gaugeF4I1).
2022-10-18 16:59:25,640 | autoeft.projection.prosmeftion.yProjection.indices | DEBUG    | The index flav3 will be deleted.
2022-10-18 16:59:25,640 | autoeft.projection.prosmeftion.yProjection.indices | DEBUG    | The index flav2 will be deleted.
2022-10-18 16:59:25,641 | autoeft.projection.prosmeftion.yProjection.indices | DEBUG    | The index gaugeF1I1 will be deleted.
2022-10-18 16:59:25,641 | autoeft.projection.prosmeftion.yProjection.indices | DEBUG    | The index gaugeF4I1 will be deleted.
2022-10-18 16:59:25,641 | autoeft.projection.prosmeftion.yProjection.operator | DEBUG    | Expression changed from [su2eps](gauge1,gauge1a) to [su2eps](gaugeF1I1,gaugeF4I1).
2022-10-18 16:59:25,642 | autoeft.projection.prosmeftion.yProjection.indices | DEBUG    | The index gaugeF1I1 will be deleted.
2022-10-18 16:59:25,642 | autoeft.projection.prosmeftion.yProjection.indices | DEBUG    | The index gaugeF4I1 will be deleted.
2022-10-18 16:59:25,642 | autoeft.projection.prosmeftion.yProjection.operator | DEBUG    | Expression changed from [su2eps](gauge1,gauge1a) to [su2eps](gaugeF1I1,gaugeF4I1).
2022-10-18 16:59:25,643 | autoeft.projection.prosmeftion.yProjection.indices | DEBUG    | The index gaugeF2I1 will be deleted.
2022-10-18 16:59:25,643 | autoeft.projection.prosmeftion.yProjection.indices | DEBUG    | The index gaugeF3I1 will be deleted.
2022-10-18 16:59:25,643 | autoeft.projection.prosmeftion.yProjection.operator | DEBUG    | Expression changed from [su2eps](gauge2,gauge2a) to [su2eps](gaugeF2I1,gaugeF3I1).
2022-10-18 16:59:25,644 | autoeft.projection.prosmeftion.yProjection.indices | DEBUG    | The index flav2 will be deleted.
2022-10-18 16:59:25,644 | autoeft.projection.prosmeftion.yProjection.indices | DEBUG    | The index flav5 will be deleted.
2022-10-18 16:59:25,645 | autoeft.projection.prosmeftion.yProjection.indices | DEBUG    | The index gaugeF2I1 will be deleted.
2022-10-18 16:59:25,645 | autoeft.projection.prosmeftion.yProjection.indices | DEBUG    | The index gaugeF3I1 will be deleted.
2022-10-18 16:59:25,645 | autoeft.projection.prosmeftion.yProjection.operator | DEBUG    | Expression changed from [su2eps](gauge2,gauge2a) to [su2eps](gaugeF2I1,gaugeF3I1).
2022-10-18 16:59:25,646 | autoeft.projection.prosmeftion.yProjection.indices | DEBUG    | The index flav1 will be deleted.
2022-10-18 16:59:25,646 | autoeft.projection.prosmeftion.yProjection.indices | DEBUG    | The index flav3 will be deleted.
2022-10-18 16:59:25,647 | autoeft.projection.prosmeftion.yProjection.indices | DEBUG    | The index gaugeF2I1 will be deleted.
2022-10-18 16:59:25,647 | autoeft.projection.prosmeftion.yProjection.indices | DEBUG    | The index gaugeF3I1 will be deleted.
2022-10-18 16:59:25,647 | autoeft.projection.prosmeftion.yProjection.operator | DEBUG    | Expression changed from [su2eps](gauge2,gauge2a) to [su2eps](gaugeF2I1,gaugeF3I1).
2022-10-18 16:59:25,648 | autoeft.projection.prosmeftion.yProjection.indices | DEBUG    | The index flav3 will be deleted.
2022-10-18 16:59:25,648 | autoeft.projection.prosmeftion.yProjection.indices | DEBUG    | The index flav2 will be deleted.
2022-10-18 16:59:25,649 | autoeft.projection.prosmeftion.yProjection.indices | DEBUG    | The index gaugeF2I1 will be deleted.
2022-10-18 16:59:25,649 | autoeft.projection.prosmeftion.yProjection.indices | DEBUG    | The index gaugeF3I1 will be deleted.
2022-10-18 16:59:25,650 | autoeft.projection.prosmeftion.yProjection.operator | DEBUG    | Expression changed from [su2eps](gauge2,gauge2a) to [su2eps](gaugeF2I1,gaugeF3I1).
2022-10-18 16:59:25,650 | autoeft.projection.prosmeftion.yProjection.indices | DEBUG    | The index gaugeF2I1 will be deleted.
2022-10-18 16:59:25,650 | autoeft.projection.prosmeftion.yProjection.indices | DEBUG    | The index gaugeF3I1 will be deleted.
2022-10-18 16:59:25,651 | autoeft.projection.prosmeftion.yProjection.operator | DEBUG    | Expression changed from [su2eps](gauge2,gauge2a) to [su2eps](gaugeF2I1,gaugeF3I1).
2022-10-18 16:59:25,651 | autoeft.projection.prosmeftion.yProjection.indices | DEBUG    | The index flav2 will be deleted.
2022-10-18 16:59:25,651 | autoeft.projection.prosmeftion.yProjection.indices | DEBUG    | The index flav5 will be deleted.
2022-10-18 16:59:25,652 | autoeft.projection.prosmeftion.yProjection.indices | DEBUG    | The index flav1 will be deleted.
2022-10-18 16:59:25,652 | autoeft.projection.prosmeftion.yProjection.indices | DEBUG    | The index flav3 will be deleted.
2022-10-18 16:59:25,652 | autoeft.projection.prosmeftion.yProjection.indices | DEBUG    | The index flav3 will be deleted.
2022-10-18 16:59:25,653 | autoeft.projection.prosmeftion.yProjection.indices | DEBUG    | The index flav2 will be deleted.
2022-10-18 16:59:25,653 | autoeft.projection.prosmeftion.yProjection.indices | DEBUG    | The index Lsldotgauge11 will be deleted.
2022-10-18 16:59:25,654 | autoeft.projection.prosmeftion.yProjection.indices | DEBUG    | The index Lsldotspin111 will be deleted.
2022-10-18 16:59:25,654 | autoeft.projection.prosmeftion.yProjection.operator | DEBUG    | Expression changed from H(gauge1) to H(gaugeF1I1).
2022-10-18 16:59:25,655 | autoeft.projection.prosmeftion.yProjection.operator | DEBUG    | Expression changed from [H+](gauge2) to [H+](gaugeF2I1).
2022-10-18 16:59:25,655 | autoeft.projection.prosmeftion.yProjection.operator | DEBUG    | Expression changed from [H+](gauge2a) to [H+](gaugeF3I1).
2022-10-18 16:59:25,655 | autoeft.projection.prosmeftion.yProjection.operator | DEBUG    | Expression changed from [Q+](Usldotspin111,gauge1a,colf1a,colf1b,flav1) to [Q+](Usldotspin111,gaugeF4I1,colfF4I1,colfF4I2,flav1).
2022-10-18 16:59:25,656 | autoeft.projection.prosmeftion.yProjection.operator | DEBUG    | Expression changed from [u_C+](Usldotgauge11,colf1,flav5) to [u_C+](Usldotgauge11,colfF5I1,flav5).
2022-10-18 16:59:25,656 | autoeft.projection.prosmeftion.yProjection.indices | DEBUG    | The index colfF5I1 will be deleted.
2022-10-18 16:59:25,657 | autoeft.projection.prosmeftion.yProjection.indices | DEBUG    | The index colfF4I1 will be deleted.
2022-10-18 16:59:25,657 | autoeft.projection.prosmeftion.yProjection.indices | DEBUG    | The index colfF4I2 will be deleted.
2022-10-18 16:59:25,657 | autoeft.projection.prosmeftion.yProjection.operator | DEBUG    | Expression changed from [su3eps](colf1,colf1a,colf1b) to [su3eps](colfF5I1,colfF4I1,colfF4I2).
2022-10-18 16:59:25,658 | autoeft.projection.prosmeftion.yProjection.operators | DEBUG    | The operator(s) [su3eps](colfF5I1,colfF4I1,colfF4I2) will be deleted.
2022-10-18 16:59:25,658 | autoeft.projection.prosmeftion.yProjection.indices | DEBUG    | The index colfF5I1 will be deleted.
2022-10-18 16:59:25,659 | autoeft.projection.prosmeftion.yProjection.indices | DEBUG    | The index colfF4I1 will be deleted.
2022-10-18 16:59:25,659 | autoeft.projection.prosmeftion.yProjection.indices | DEBUG    | The index colfF4I2 will be deleted.
2022-10-18 16:59:25,659 | autoeft.projection.prosmeftion.yProjection.operator | DEBUG    | Expression changed from [su3eps](colf1,colf1a,colf1b) to [su3eps](colfF5I1,colfF4I1,colfF4I2).
2022-10-18 16:59:25,660 | autoeft.projection.prosmeftion.yProjection.indices | DEBUG    | The index flav2 will be deleted.
2022-10-18 16:59:25,660 | autoeft.projection.prosmeftion.yProjection.indices | DEBUG    | The index flav5 will be deleted.
2022-10-18 16:59:25,660 | autoeft.projection.prosmeftion.yProjection.indices | DEBUG    | The index colfF5I1 will be deleted.
2022-10-18 16:59:25,661 | autoeft.projection.prosmeftion.yProjection.indices | DEBUG    | The index colfF4I1 will be deleted.
2022-10-18 16:59:25,661 | autoeft.projection.prosmeftion.yProjection.indices | DEBUG    | The index colfF4I2 will be deleted.
2022-10-18 16:59:25,661 | autoeft.projection.prosmeftion.yProjection.operator | DEBUG    | Expression changed from [su3eps](colf1,colf1a,colf1b) to [su3eps](colfF5I1,colfF4I1,colfF4I2).
2022-10-18 16:59:25,662 | autoeft.projection.prosmeftion.yProjection.indices | DEBUG    | The index flav1 will be deleted.
2022-10-18 16:59:25,662 | autoeft.projection.prosmeftion.yProjection.indices | DEBUG    | The index flav3 will be deleted.
2022-10-18 16:59:25,662 | autoeft.projection.prosmeftion.yProjection.indices | DEBUG    | The index colfF5I1 will be deleted.
2022-10-18 16:59:25,663 | autoeft.projection.prosmeftion.yProjection.indices | DEBUG    | The index colfF4I1 will be deleted.
2022-10-18 16:59:25,663 | autoeft.projection.prosmeftion.yProjection.indices | DEBUG    | The index colfF4I2 will be deleted.
2022-10-18 16:59:25,663 | autoeft.projection.prosmeftion.yProjection.operator | DEBUG    | Expression changed from [su3eps](colf1,colf1a,colf1b) to [su3eps](colfF5I1,colfF4I1,colfF4I2).
2022-10-18 16:59:25,664 | autoeft.projection.prosmeftion.yProjection.indices | DEBUG    | The index flav3 will be deleted.
2022-10-18 16:59:25,664 | autoeft.projection.prosmeftion.yProjection.indices | DEBUG    | The index flav2 will be deleted.
2022-10-18 16:59:25,665 | autoeft.projection.prosmeftion.yProjection.indices | DEBUG    | The index colfF5I1 will be deleted.
2022-10-18 16:59:25,665 | autoeft.projection.prosmeftion.yProjection.indices | DEBUG    | The index colfF4I1 will be deleted.
2022-10-18 16:59:25,666 | autoeft.projection.prosmeftion.yProjection.indices | DEBUG    | The index colfF4I2 will be deleted.
2022-10-18 16:59:25,666 | autoeft.projection.prosmeftion.yProjection.operator | DEBUG    | Expression changed from [su3eps](colf1,colf1a,colf1b) to [su3eps](colfF5I1,colfF4I1,colfF4I2).
2022-10-18 16:59:25,666 | autoeft.projection.prosmeftion.yProjection.indices | DEBUG    | The index gaugeF1I1 will be deleted.
2022-10-18 16:59:25,667 | autoeft.projection.prosmeftion.yProjection.indices | DEBUG    | The index gaugeF4I1 will be deleted.
2022-10-18 16:59:25,667 | autoeft.projection.prosmeftion.yProjection.operator | DEBUG    | Expression changed from [su2eps](gauge1,gauge1a) to [su2eps](gaugeF1I1,gaugeF4I1).
2022-10-18 16:59:25,667 | autoeft.projection.prosmeftion.yProjection.indices | DEBUG    | The index colfF5I1 will be deleted.
2022-10-18 16:59:25,668 | autoeft.projection.prosmeftion.yProjection.indices | DEBUG    | The index colfF4I1 will be deleted.
2022-10-18 16:59:25,668 | autoeft.projection.prosmeftion.yProjection.indices | DEBUG    | The index colfF4I2 will be deleted.
2022-10-18 16:59:25,668 | autoeft.projection.prosmeftion.yProjection.operator | DEBUG    | Expression changed from [su3eps](colf1,colf1a,colf1b) to [su3eps](colfF5I1,colfF4I1,colfF4I2).
2022-10-18 16:59:25,669 | autoeft.projection.prosmeftion.yProjection.indices | DEBUG    | The index gaugeF3I1 will be deleted.
2022-10-18 16:59:25,669 | autoeft.projection.prosmeftion.yProjection.indices | DEBUG    | The index gaugeF2I1 will be deleted.
2022-10-18 16:59:25,670 | autoeft.projection.prosmeftion.yProjection.operator | DEBUG    | Expression changed from [su2eps](gauge2,gauge2a) to [su2eps](gaugeF3I1,gaugeF2I1).
2022-10-18 16:59:25,670 | autoeft.projection.prosmeftion.yProjection.indices | DEBUG    | The index colfF5I1 will be deleted.
2022-10-18 16:59:25,671 | autoeft.projection.prosmeftion.yProjection.indices | DEBUG    | The index colfF4I1 will be deleted.
2022-10-18 16:59:25,672 | autoeft.projection.prosmeftion.yProjection.indices | DEBUG    | The index colfF4I2 will be deleted.
2022-10-18 16:59:25,673 | autoeft.projection.prosmeftion.yProjection.operator | DEBUG    | Expression changed from [su3eps](colf1,colf1a,colf1b) to [su3eps](colfF5I1,colfF4I1,colfF4I2).
2022-10-18 16:59:25,673 | autoeft.projection.prosmeftion.yProjection.indices | DEBUG    | The index colfF5I1 will be deleted.
2022-10-18 16:59:25,674 | autoeft.projection.prosmeftion.yProjection.indices | DEBUG    | The index colfF4I1 will be deleted.
2022-10-18 16:59:25,675 | autoeft.projection.prosmeftion.yProjection.indices | DEBUG    | The index colfF4I2 will be deleted.
2022-10-18 16:59:25,676 | autoeft.projection.prosmeftion.yProjection.operator | DEBUG    | Expression changed from [su3eps](colf1,colf1a,colf1b) to [su3eps](colfF5I1,colfF4I1,colfF4I2).
2022-10-18 16:59:25,677 | autoeft.projection.prosmeftion.yProjection.indices | DEBUG    | The index gaugeF1I1 will be deleted.
2022-10-18 16:59:25,677 | autoeft.projection.prosmeftion.yProjection.indices | DEBUG    | The index gaugeF4I1 will be deleted.
2022-10-18 16:59:25,678 | autoeft.projection.prosmeftion.yProjection.operator | DEBUG    | Expression changed from [su2eps](gauge1,gauge1a) to [su2eps](gaugeF1I1,gaugeF4I1).
2022-10-18 16:59:25,678 | autoeft.projection.prosmeftion.yProjection.indices | DEBUG    | The index gaugeF3I1 will be deleted.
2022-10-18 16:59:25,679 | autoeft.projection.prosmeftion.yProjection.indices | DEBUG    | The index gaugeF2I1 will be deleted.
2022-10-18 16:59:25,679 | autoeft.projection.prosmeftion.yProjection.operator | DEBUG    | Expression changed from [su2eps](gauge2,gauge2a) to [su2eps](gaugeF3I1,gaugeF2I1).
2022-10-18 16:59:25,680 | autoeft.projection.prosmeftion.yProjection.operators | DEBUG    | The operator(s) [su2eps](gaugeF1I1,gaugeF4I1)*[su2eps](gaugeF3I1,gaugeF2I1) will be deleted.
2022-10-18 16:59:25,680 | autoeft.projection.prosmeftion.yProjection.indices | DEBUG    | The index gaugeF1I1 will be deleted.
2022-10-18 16:59:25,681 | autoeft.projection.prosmeftion.yProjection.indices | DEBUG    | The index gaugeF4I1 will be deleted.
2022-10-18 16:59:25,682 | autoeft.projection.prosmeftion.yProjection.operator | DEBUG    | Expression changed from [su2eps](gauge1,gauge1a) to [su2eps](gaugeF1I1,gaugeF4I1).
2022-10-18 16:59:25,683 | autoeft.projection.prosmeftion.yProjection.indices | DEBUG    | The index flav2 will be deleted.
2022-10-18 16:59:25,684 | autoeft.projection.prosmeftion.yProjection.indices | DEBUG    | The index flav5 will be deleted.
2022-10-18 16:59:25,684 | autoeft.projection.prosmeftion.yProjection.indices | DEBUG    | The index gaugeF1I1 will be deleted.
2022-10-18 16:59:25,684 | autoeft.projection.prosmeftion.yProjection.indices | DEBUG    | The index gaugeF4I1 will be deleted.
2022-10-18 16:59:25,685 | autoeft.projection.prosmeftion.yProjection.operator | DEBUG    | Expression changed from [su2eps](gauge1,gauge1a) to [su2eps](gaugeF1I1,gaugeF4I1).
2022-10-18 16:59:25,685 | autoeft.projection.prosmeftion.yProjection.indices | DEBUG    | The index flav1 will be deleted.
2022-10-18 16:59:25,685 | autoeft.projection.prosmeftion.yProjection.indices | DEBUG    | The index flav3 will be deleted.
2022-10-18 16:59:25,685 | autoeft.projection.prosmeftion.yProjection.indices | DEBUG    | The index gaugeF1I1 will be deleted.
2022-10-18 16:59:25,686 | autoeft.projection.prosmeftion.yProjection.indices | DEBUG    | The index gaugeF4I1 will be deleted.
2022-10-18 16:59:25,686 | autoeft.projection.prosmeftion.yProjection.operator | DEBUG    | Expression changed from [su2eps](gauge1,gauge1a) to [su2eps](gaugeF1I1,gaugeF4I1).
2022-10-18 16:59:25,688 | autoeft.projection.prosmeftion.yProjection.indices | DEBUG    | The index flav3 will be deleted.
2022-10-18 16:59:25,688 | autoeft.projection.prosmeftion.yProjection.indices | DEBUG    | The index flav2 will be deleted.
2022-10-18 16:59:25,689 | autoeft.projection.prosmeftion.yProjection.indices | DEBUG    | The index gaugeF1I1 will be deleted.
2022-10-18 16:59:25,689 | autoeft.projection.prosmeftion.yProjection.indices | DEBUG    | The index gaugeF4I1 will be deleted.
2022-10-18 16:59:25,690 | autoeft.projection.prosmeftion.yProjection.operator | DEBUG    | Expression changed from [su2eps](gauge1,gauge1a) to [su2eps](gaugeF1I1,gaugeF4I1).
2022-10-18 16:59:25,690 | autoeft.projection.prosmeftion.yProjection.indices | DEBUG    | The index gaugeF1I1 will be deleted.
2022-10-18 16:59:25,690 | autoeft.projection.prosmeftion.yProjection.indices | DEBUG    | The index gaugeF4I1 will be deleted.
2022-10-18 16:59:25,691 | autoeft.projection.prosmeftion.yProjection.operator | DEBUG    | Expression changed from [su2eps](gauge1,gauge1a) to [su2eps](gaugeF1I1,gaugeF4I1).
2022-10-18 16:59:25,691 | autoeft.projection.prosmeftion.yProjection.indices | DEBUG    | The index gaugeF3I1 will be deleted.
2022-10-18 16:59:25,691 | autoeft.projection.prosmeftion.yProjection.indices | DEBUG    | The index gaugeF2I1 will be deleted.
2022-10-18 16:59:25,692 | autoeft.projection.prosmeftion.yProjection.operator | DEBUG    | Expression changed from [su2eps](gauge2,gauge2a) to [su2eps](gaugeF3I1,gaugeF2I1).
2022-10-18 16:59:25,692 | autoeft.projection.prosmeftion.yProjection.indices | DEBUG    | The index flav2 will be deleted.
2022-10-18 16:59:25,692 | autoeft.projection.prosmeftion.yProjection.indices | DEBUG    | The index flav5 will be deleted.
2022-10-18 16:59:25,693 | autoeft.projection.prosmeftion.yProjection.indices | DEBUG    | The index gaugeF3I1 will be deleted.
2022-10-18 16:59:25,694 | autoeft.projection.prosmeftion.yProjection.indices | DEBUG    | The index gaugeF2I1 will be deleted.
2022-10-18 16:59:25,694 | autoeft.projection.prosmeftion.yProjection.operator | DEBUG    | Expression changed from [su2eps](gauge2,gauge2a) to [su2eps](gaugeF3I1,gaugeF2I1).
2022-10-18 16:59:25,694 | autoeft.projection.prosmeftion.yProjection.indices | DEBUG    | The index flav1 will be deleted.
2022-10-18 16:59:25,695 | autoeft.projection.prosmeftion.yProjection.indices | DEBUG    | The index flav3 will be deleted.
2022-10-18 16:59:25,695 | autoeft.projection.prosmeftion.yProjection.indices | DEBUG    | The index gaugeF3I1 will be deleted.
2022-10-18 16:59:25,696 | autoeft.projection.prosmeftion.yProjection.indices | DEBUG    | The index gaugeF2I1 will be deleted.
2022-10-18 16:59:25,696 | autoeft.projection.prosmeftion.yProjection.operator | DEBUG    | Expression changed from [su2eps](gauge2,gauge2a) to [su2eps](gaugeF3I1,gaugeF2I1).
2022-10-18 16:59:25,696 | autoeft.projection.prosmeftion.yProjection.indices | DEBUG    | The index flav3 will be deleted.
2022-10-18 16:59:25,697 | autoeft.projection.prosmeftion.yProjection.indices | DEBUG    | The index flav2 will be deleted.
2022-10-18 16:59:25,697 | autoeft.projection.prosmeftion.yProjection.indices | DEBUG    | The index gaugeF3I1 will be deleted.
2022-10-18 16:59:25,698 | autoeft.projection.prosmeftion.yProjection.indices | DEBUG    | The index gaugeF2I1 will be deleted.
2022-10-18 16:59:25,698 | autoeft.projection.prosmeftion.yProjection.operator | DEBUG    | Expression changed from [su2eps](gauge2,gauge2a) to [su2eps](gaugeF3I1,gaugeF2I1).
2022-10-18 16:59:25,698 | autoeft.projection.prosmeftion.yProjection.indices | DEBUG    | The index gaugeF3I1 will be deleted.
2022-10-18 16:59:25,699 | autoeft.projection.prosmeftion.yProjection.indices | DEBUG    | The index gaugeF2I1 will be deleted.
2022-10-18 16:59:25,699 | autoeft.projection.prosmeftion.yProjection.operator | DEBUG    | Expression changed from [su2eps](gauge2,gauge2a) to [su2eps](gaugeF3I1,gaugeF2I1).
2022-10-18 16:59:25,699 | autoeft.projection.prosmeftion.yProjection.indices | DEBUG    | The index flav2 will be deleted.
2022-10-18 16:59:25,700 | autoeft.projection.prosmeftion.yProjection.indices | DEBUG    | The index flav5 will be deleted.
2022-10-18 16:59:25,700 | autoeft.projection.prosmeftion.yProjection.indices | DEBUG    | The index flav1 will be deleted.
2022-10-18 16:59:25,700 | autoeft.projection.prosmeftion.yProjection.indices | DEBUG    | The index flav3 will be deleted.
2022-10-18 16:59:25,701 | autoeft.projection.prosmeftion.yProjection.indices | DEBUG    | The index flav3 will be deleted.
2022-10-18 16:59:25,701 | autoeft.projection.prosmeftion.yProjection.indices | DEBUG    | The index flav2 will be deleted.
2022-10-18 16:59:25,702 | autoeft.projection.prosmeftion.yProjection.indices | DEBUG    | The index Lsldotgauge11 will be deleted.
2022-10-18 16:59:25,702 | autoeft.projection.prosmeftion.yProjection.indices | DEBUG    | The index Lsldotspin111 will be deleted.
2022-10-18 16:59:25,703 | autoeft.projection.prosmeftion.yProjection.operator | DEBUG    | Expression changed from H(gauge1) to H(gaugeF1I1).
2022-10-18 16:59:25,703 | autoeft.projection.prosmeftion.yProjection.operator | DEBUG    | Expression changed from [H+](gauge2a) to [H+](gaugeF2I1).
2022-10-18 16:59:25,704 | autoeft.projection.prosmeftion.yProjection.operator | DEBUG    | Expression changed from [H+](gauge2) to [H+](gaugeF3I1).
2022-10-18 16:59:25,705 | autoeft.projection.prosmeftion.yProjection.operator | DEBUG    | Expression changed from [Q+](Usldotspin111,gauge1a,colf1a,colf1b,flav1) to [Q+](Usldotspin111,gaugeF4I1,colfF4I1,colfF4I2,flav1).
2022-10-18 16:59:25,705 | autoeft.projection.prosmeftion.yProjection.operator | DEBUG    | Expression changed from [u_C+](Usldotgauge11,colf1,flav5) to [u_C+](Usldotgauge11,colfF5I1,flav5).
2022-10-18 16:59:25,706 | autoeft.projection.prosmeftion.sun_projection | INFO     | Substitute SUN projection tensors in H0H+0H+0Q+0uC+0, H0H+0H+0Q+0uC+0 of type H0H+0H+0Q+0uC+0.
2022-10-18 16:59:25,771 | autoeft.projection.prosmeftion | DEBUG    | form -p /mnt/c/Users/jakob/OneDrive - Students RWTH Aachen University/Physik/9Physik/ws21/Masterthesis/autoeft/projection/form_files/general H0H+0H+0Q+0uC+0.frm
2022-10-18 16:59:25,834 | autoeft.projection.prosmeftion | DEBUG    | form -p /mnt/c/Users/jakob/OneDrive - Students RWTH Aachen University/Physik/9Physik/ws21/Masterthesis/autoeft/projection/form_files/general term_read.frm
2022-10-18 16:59:25,839 | autoeft.projection.prosmeftion.yProjection.indices | DEBUG    | The index gaugeF1I1 will be rewritten with gaugeF1I1.
2022-10-18 16:59:25,839 | autoeft.projection.prosmeftion.yProjection.indices | DEBUG    | The index gaugeF1I1 will be rewritten with gaugeF1I1.
2022-10-18 16:59:25,840 | autoeft.projection.prosmeftion.yProjection.indices | DEBUG    | The index gaugeF2I1 will be rewritten with gaugeF2I1.
2022-10-18 16:59:25,840 | autoeft.projection.prosmeftion.yProjection.indices | DEBUG    | The index gaugeF2I1 will be rewritten with gaugeF2I1.
2022-10-18 16:59:25,840 | autoeft.projection.prosmeftion.yProjection.indices | DEBUG    | The index gaugeF3I1 will be rewritten with gaugeF3I1.
2022-10-18 16:59:25,841 | autoeft.projection.prosmeftion.yProjection.indices | DEBUG    | The index gaugeF3I1 will be rewritten with gaugeF3I1.
2022-10-18 16:59:25,841 | autoeft.projection.prosmeftion.yProjection.indices | DEBUG    | The index Lsldotspin111 will be rewritten with Lsldotspin111.
2022-10-18 16:59:25,841 | autoeft.projection.prosmeftion.yProjection.indices | DEBUG    | The index Usldotspin111 will be rewritten with Usldotspin111.
2022-10-18 16:59:25,842 | autoeft.projection.prosmeftion.yProjection.indices | DEBUG    | The index gaugeF4I1 will be rewritten with gaugeF4I1.
2022-10-18 16:59:25,843 | autoeft.projection.prosmeftion.yProjection.indices | DEBUG    | The index gaugeF4I1 will be rewritten with gaugeF4I1.
2022-10-18 16:59:25,844 | autoeft.projection.prosmeftion.yProjection.indices | DEBUG    | The index colfF4I1 will be rewritten with colfF4I1.
2022-10-18 16:59:25,844 | autoeft.projection.prosmeftion.yProjection.indices | DEBUG    | The index colfF4I1 will be rewritten with colfF4I1.
2022-10-18 16:59:25,844 | autoeft.projection.prosmeftion.yProjection.indices | DEBUG    | The index colfF4I2 will be rewritten with colfF4I2.
2022-10-18 16:59:25,845 | autoeft.projection.prosmeftion.yProjection.indices | DEBUG    | The index colfF4I2 will be rewritten with colfF4I2.
2022-10-18 16:59:25,845 | autoeft.projection.prosmeftion.yProjection.indices | DEBUG    | The index flav1 will be rewritten with flav1.
2022-10-18 16:59:25,845 | autoeft.projection.prosmeftion.yProjection.indices | DEBUG    | The index flav1 will be rewritten with flav1.
2022-10-18 16:59:25,846 | autoeft.projection.prosmeftion.yProjection.indices | DEBUG    | The index Lsldotgauge11 will be rewritten with Lsldotgauge11.
2022-10-18 16:59:25,846 | autoeft.projection.prosmeftion.yProjection.indices | DEBUG    | The index Usldotgauge11 will be rewritten with Usldotgauge11.
2022-10-18 16:59:25,847 | autoeft.projection.prosmeftion.yProjection.indices | DEBUG    | The index colfF5I1 will be rewritten with colfF5I1.
2022-10-18 16:59:25,847 | autoeft.projection.prosmeftion.yProjection.indices | DEBUG    | The index colfF5I1 will be rewritten with colfF5I1.
2022-10-18 16:59:25,847 | autoeft.projection.prosmeftion.yProjection.indices | DEBUG    | The index flav5 will be rewritten with flav5.
2022-10-18 16:59:25,848 | autoeft.projection.prosmeftion.yProjection.indices | DEBUG    | The index flav5 will be rewritten with flav5.
2022-10-18 16:59:25,849 | autoeft.projection.prosmeftion.yProjection.indices | DEBUG    | The index colfF5I1 will be deleted.
2022-10-18 16:59:25,849 | autoeft.projection.prosmeftion.yProjection.indices | DEBUG    | The index colfF4I1 will be deleted.
2022-10-18 16:59:25,849 | autoeft.projection.prosmeftion.yProjection.indices | DEBUG    | The index colfF4I2 will be deleted.
2022-10-18 16:59:25,850 | autoeft.projection.prosmeftion.yProjection.operator | DEBUG    | Expression changed from [su3eps](colf1,colf1a,colf1b) to [su3eps](colfF5I1,colfF4I1,colfF4I2).
2022-10-18 16:59:25,850 | autoeft.projection.prosmeftion.yProjection.operators | DEBUG    | The operator(s) [su3eps](colfF5I1,colfF4I1,colfF4I2) will be deleted.
2022-10-18 16:59:25,850 | autoeft.projection.prosmeftion.yProjection.indices | DEBUG    | The index colfF5I1 will be deleted.
2022-10-18 16:59:25,851 | autoeft.projection.prosmeftion.yProjection.indices | DEBUG    | The index colfF4I1 will be deleted.
2022-10-18 16:59:25,851 | autoeft.projection.prosmeftion.yProjection.indices | DEBUG    | The index colfF4I2 will be deleted.
2022-10-18 16:59:25,851 | autoeft.projection.prosmeftion.yProjection.operator | DEBUG    | Expression changed from [su3eps](colf1,colf1a,colf1b) to [su3eps](colfF5I1,colfF4I1,colfF4I2).
2022-10-18 16:59:25,851 | autoeft.projection.prosmeftion.yProjection.indices | DEBUG    | The index flav1 will be deleted.
2022-10-18 16:59:25,852 | autoeft.projection.prosmeftion.yProjection.indices | DEBUG    | The index flav3 will be deleted.
2022-10-18 16:59:25,852 | autoeft.projection.prosmeftion.yProjection.indices | DEBUG    | The index colfF5I1 will be deleted.
2022-10-18 16:59:25,852 | autoeft.projection.prosmeftion.yProjection.indices | DEBUG    | The index colfF4I1 will be deleted.
2022-10-18 16:59:25,853 | autoeft.projection.prosmeftion.yProjection.indices | DEBUG    | The index colfF4I2 will be deleted.
2022-10-18 16:59:25,853 | autoeft.projection.prosmeftion.yProjection.operator | DEBUG    | Expression changed from [su3eps](colf1,colf1a,colf1b) to [su3eps](colfF5I1,colfF4I1,colfF4I2).
2022-10-18 16:59:25,853 | autoeft.projection.prosmeftion.yProjection.indices | DEBUG    | The index flav2 will be deleted.
2022-10-18 16:59:25,854 | autoeft.projection.prosmeftion.yProjection.indices | DEBUG    | The index flav5 will be deleted.
2022-10-18 16:59:25,854 | autoeft.projection.prosmeftion.yProjection.indices | DEBUG    | The index colfF5I1 will be deleted.
2022-10-18 16:59:25,855 | autoeft.projection.prosmeftion.yProjection.indices | DEBUG    | The index colfF4I1 will be deleted.
2022-10-18 16:59:25,855 | autoeft.projection.prosmeftion.yProjection.indices | DEBUG    | The index colfF4I2 will be deleted.
2022-10-18 16:59:25,855 | autoeft.projection.prosmeftion.yProjection.operator | DEBUG    | Expression changed from [su3eps](colf1,colf1a,colf1b) to [su3eps](colfF5I1,colfF4I1,colfF4I2).
2022-10-18 16:59:25,856 | autoeft.projection.prosmeftion.yProjection.indices | DEBUG    | The index flav3 will be deleted.
2022-10-18 16:59:25,856 | autoeft.projection.prosmeftion.yProjection.indices | DEBUG    | The index flav2 will be deleted.
2022-10-18 16:59:25,856 | autoeft.projection.prosmeftion.yProjection.indices | DEBUG    | The index colfF5I1 will be deleted.
2022-10-18 16:59:25,857 | autoeft.projection.prosmeftion.yProjection.indices | DEBUG    | The index colfF4I1 will be deleted.
2022-10-18 16:59:25,857 | autoeft.projection.prosmeftion.yProjection.indices | DEBUG    | The index colfF4I2 will be deleted.
2022-10-18 16:59:25,857 | autoeft.projection.prosmeftion.yProjection.operator | DEBUG    | Expression changed from [su3eps](colf1,colf1a,colf1b) to [su3eps](colfF5I1,colfF4I1,colfF4I2).
2022-10-18 16:59:25,857 | autoeft.projection.prosmeftion.yProjection.indices | DEBUG    | The index gaugeF2I1 will be deleted.
2022-10-18 16:59:25,858 | autoeft.projection.prosmeftion.yProjection.indices | DEBUG    | The index gaugeF4I1 will be deleted.
2022-10-18 16:59:25,859 | autoeft.projection.prosmeftion.yProjection.operator | DEBUG    | Expression changed from [su2eps](gauge1,gauge1a) to [su2eps](gaugeF2I1,gaugeF4I1).
2022-10-18 16:59:25,859 | autoeft.projection.prosmeftion.yProjection.indices | DEBUG    | The index colfF5I1 will be deleted.
2022-10-18 16:59:25,859 | autoeft.projection.prosmeftion.yProjection.indices | DEBUG    | The index colfF4I1 will be deleted.
2022-10-18 16:59:25,860 | autoeft.projection.prosmeftion.yProjection.indices | DEBUG    | The index colfF4I2 will be deleted.
2022-10-18 16:59:25,860 | autoeft.projection.prosmeftion.yProjection.operator | DEBUG    | Expression changed from [su3eps](colf1,colf1a,colf1b) to [su3eps](colfF5I1,colfF4I1,colfF4I2).
2022-10-18 16:59:25,860 | autoeft.projection.prosmeftion.yProjection.indices | DEBUG    | The index gaugeF1I1 will be deleted.
2022-10-18 16:59:25,861 | autoeft.projection.prosmeftion.yProjection.indices | DEBUG    | The index gaugeF3I1 will be deleted.
2022-10-18 16:59:25,861 | autoeft.projection.prosmeftion.yProjection.operator | DEBUG    | Expression changed from [su2eps](gauge2,gauge2a) to [su2eps](gaugeF1I1,gaugeF3I1).
2022-10-18 16:59:25,861 | autoeft.projection.prosmeftion.yProjection.indices | DEBUG    | The index colfF5I1 will be deleted.
2022-10-18 16:59:25,862 | autoeft.projection.prosmeftion.yProjection.indices | DEBUG    | The index colfF4I1 will be deleted.
2022-10-18 16:59:25,862 | autoeft.projection.prosmeftion.yProjection.indices | DEBUG    | The index colfF4I2 will be deleted.
2022-10-18 16:59:25,862 | autoeft.projection.prosmeftion.yProjection.operator | DEBUG    | Expression changed from [su3eps](colf1,colf1a,colf1b) to [su3eps](colfF5I1,colfF4I1,colfF4I2).
2022-10-18 16:59:25,862 | autoeft.projection.prosmeftion.yProjection.indices | DEBUG    | The index colfF5I1 will be deleted.
2022-10-18 16:59:25,863 | autoeft.projection.prosmeftion.yProjection.indices | DEBUG    | The index colfF4I1 will be deleted.
2022-10-18 16:59:25,863 | autoeft.projection.prosmeftion.yProjection.indices | DEBUG    | The index colfF4I2 will be deleted.
2022-10-18 16:59:25,863 | autoeft.projection.prosmeftion.yProjection.operator | DEBUG    | Expression changed from [su3eps](colf1,colf1a,colf1b) to [su3eps](colfF5I1,colfF4I1,colfF4I2).
2022-10-18 16:59:25,864 | autoeft.projection.prosmeftion.yProjection.indices | DEBUG    | The index gaugeF2I1 will be deleted.
2022-10-18 16:59:25,864 | autoeft.projection.prosmeftion.yProjection.indices | DEBUG    | The index gaugeF4I1 will be deleted.
2022-10-18 16:59:25,864 | autoeft.projection.prosmeftion.yProjection.operator | DEBUG    | Expression changed from [su2eps](gauge1,gauge1a) to [su2eps](gaugeF2I1,gaugeF4I1).
2022-10-18 16:59:25,865 | autoeft.projection.prosmeftion.yProjection.indices | DEBUG    | The index gaugeF1I1 will be deleted.
2022-10-18 16:59:25,865 | autoeft.projection.prosmeftion.yProjection.indices | DEBUG    | The index gaugeF3I1 will be deleted.
2022-10-18 16:59:25,865 | autoeft.projection.prosmeftion.yProjection.operator | DEBUG    | Expression changed from [su2eps](gauge2,gauge2a) to [su2eps](gaugeF1I1,gaugeF3I1).
2022-10-18 16:59:25,866 | autoeft.projection.prosmeftion.yProjection.operators | DEBUG    | The operator(s) [su2eps](gaugeF2I1,gaugeF4I1)*[su2eps](gaugeF1I1,gaugeF3I1) will be deleted.
2022-10-18 16:59:25,866 | autoeft.projection.prosmeftion.yProjection.indices | DEBUG    | The index gaugeF2I1 will be deleted.
2022-10-18 16:59:25,866 | autoeft.projection.prosmeftion.yProjection.indices | DEBUG    | The index gaugeF4I1 will be deleted.
2022-10-18 16:59:25,867 | autoeft.projection.prosmeftion.yProjection.operator | DEBUG    | Expression changed from [su2eps](gauge1,gauge1a) to [su2eps](gaugeF2I1,gaugeF4I1).
2022-10-18 16:59:25,867 | autoeft.projection.prosmeftion.yProjection.indices | DEBUG    | The index flav1 will be deleted.
2022-10-18 16:59:25,867 | autoeft.projection.prosmeftion.yProjection.indices | DEBUG    | The index flav3 will be deleted.
2022-10-18 16:59:25,867 | autoeft.projection.prosmeftion.yProjection.indices | DEBUG    | The index gaugeF2I1 will be deleted.
2022-10-18 16:59:25,868 | autoeft.projection.prosmeftion.yProjection.indices | DEBUG    | The index gaugeF4I1 will be deleted.
2022-10-18 16:59:25,868 | autoeft.projection.prosmeftion.yProjection.operator | DEBUG    | Expression changed from [su2eps](gauge1,gauge1a) to [su2eps](gaugeF2I1,gaugeF4I1).
2022-10-18 16:59:25,868 | autoeft.projection.prosmeftion.yProjection.indices | DEBUG    | The index flav2 will be deleted.
2022-10-18 16:59:25,869 | autoeft.projection.prosmeftion.yProjection.indices | DEBUG    | The index flav5 will be deleted.
2022-10-18 16:59:25,869 | autoeft.projection.prosmeftion.yProjection.indices | DEBUG    | The index gaugeF2I1 will be deleted.
2022-10-18 16:59:25,869 | autoeft.projection.prosmeftion.yProjection.indices | DEBUG    | The index gaugeF4I1 will be deleted.
2022-10-18 16:59:25,869 | autoeft.projection.prosmeftion.yProjection.operator | DEBUG    | Expression changed from [su2eps](gauge1,gauge1a) to [su2eps](gaugeF2I1,gaugeF4I1).
2022-10-18 16:59:25,870 | autoeft.projection.prosmeftion.yProjection.indices | DEBUG    | The index flav3 will be deleted.
2022-10-18 16:59:25,870 | autoeft.projection.prosmeftion.yProjection.indices | DEBUG    | The index flav2 will be deleted.
2022-10-18 16:59:25,871 | autoeft.projection.prosmeftion.yProjection.indices | DEBUG    | The index gaugeF2I1 will be deleted.
2022-10-18 16:59:25,871 | autoeft.projection.prosmeftion.yProjection.indices | DEBUG    | The index gaugeF4I1 will be deleted.
2022-10-18 16:59:25,872 | autoeft.projection.prosmeftion.yProjection.operator | DEBUG    | Expression changed from [su2eps](gauge1,gauge1a) to [su2eps](gaugeF2I1,gaugeF4I1).
2022-10-18 16:59:25,872 | autoeft.projection.prosmeftion.yProjection.indices | DEBUG    | The index gaugeF2I1 will be deleted.
2022-10-18 16:59:25,873 | autoeft.projection.prosmeftion.yProjection.indices | DEBUG    | The index gaugeF4I1 will be deleted.
2022-10-18 16:59:25,873 | autoeft.projection.prosmeftion.yProjection.operator | DEBUG    | Expression changed from [su2eps](gauge1,gauge1a) to [su2eps](gaugeF2I1,gaugeF4I1).
2022-10-18 16:59:25,873 | autoeft.projection.prosmeftion.yProjection.indices | DEBUG    | The index gaugeF1I1 will be deleted.
2022-10-18 16:59:25,874 | autoeft.projection.prosmeftion.yProjection.indices | DEBUG    | The index gaugeF3I1 will be deleted.
2022-10-18 16:59:25,874 | autoeft.projection.prosmeftion.yProjection.operator | DEBUG    | Expression changed from [su2eps](gauge2,gauge2a) to [su2eps](gaugeF1I1,gaugeF3I1).
2022-10-18 16:59:25,875 | autoeft.projection.prosmeftion.yProjection.indices | DEBUG    | The index flav1 will be deleted.
2022-10-18 16:59:25,875 | autoeft.projection.prosmeftion.yProjection.indices | DEBUG    | The index flav3 will be deleted.
2022-10-18 16:59:25,876 | autoeft.projection.prosmeftion.yProjection.indices | DEBUG    | The index gaugeF1I1 will be deleted.
2022-10-18 16:59:25,876 | autoeft.projection.prosmeftion.yProjection.indices | DEBUG    | The index gaugeF3I1 will be deleted.
2022-10-18 16:59:25,877 | autoeft.projection.prosmeftion.yProjection.operator | DEBUG    | Expression changed from [su2eps](gauge2,gauge2a) to [su2eps](gaugeF1I1,gaugeF3I1).
2022-10-18 16:59:25,877 | autoeft.projection.prosmeftion.yProjection.indices | DEBUG    | The index flav2 will be deleted.
2022-10-18 16:59:25,877 | autoeft.projection.prosmeftion.yProjection.indices | DEBUG    | The index flav5 will be deleted.
2022-10-18 16:59:25,878 | autoeft.projection.prosmeftion.yProjection.indices | DEBUG    | The index gaugeF1I1 will be deleted.
2022-10-18 16:59:25,878 | autoeft.projection.prosmeftion.yProjection.indices | DEBUG    | The index gaugeF3I1 will be deleted.
2022-10-18 16:59:25,878 | autoeft.projection.prosmeftion.yProjection.operator | DEBUG    | Expression changed from [su2eps](gauge2,gauge2a) to [su2eps](gaugeF1I1,gaugeF3I1).
2022-10-18 16:59:25,879 | autoeft.projection.prosmeftion.yProjection.indices | DEBUG    | The index flav3 will be deleted.
2022-10-18 16:59:25,879 | autoeft.projection.prosmeftion.yProjection.indices | DEBUG    | The index flav2 will be deleted.
2022-10-18 16:59:25,880 | autoeft.projection.prosmeftion.yProjection.indices | DEBUG    | The index gaugeF1I1 will be deleted.
2022-10-18 16:59:25,881 | autoeft.projection.prosmeftion.yProjection.indices | DEBUG    | The index gaugeF3I1 will be deleted.
2022-10-18 16:59:25,882 | autoeft.projection.prosmeftion.yProjection.operator | DEBUG    | Expression changed from [su2eps](gauge2,gauge2a) to [su2eps](gaugeF1I1,gaugeF3I1).
2022-10-18 16:59:25,883 | autoeft.projection.prosmeftion.yProjection.indices | DEBUG    | The index gaugeF1I1 will be deleted.
2022-10-18 16:59:25,883 | autoeft.projection.prosmeftion.yProjection.indices | DEBUG    | The index gaugeF3I1 will be deleted.
2022-10-18 16:59:25,883 | autoeft.projection.prosmeftion.yProjection.operator | DEBUG    | Expression changed from [su2eps](gauge2,gauge2a) to [su2eps](gaugeF1I1,gaugeF3I1).
2022-10-18 16:59:25,884 | autoeft.projection.prosmeftion.yProjection.indices | DEBUG    | The index flav1 will be deleted.
2022-10-18 16:59:25,884 | autoeft.projection.prosmeftion.yProjection.indices | DEBUG    | The index flav3 will be deleted.
2022-10-18 16:59:25,884 | autoeft.projection.prosmeftion.yProjection.indices | DEBUG    | The index flav2 will be deleted.
2022-10-18 16:59:25,885 | autoeft.projection.prosmeftion.yProjection.indices | DEBUG    | The index flav5 will be deleted.
2022-10-18 16:59:25,885 | autoeft.projection.prosmeftion.yProjection.indices | DEBUG    | The index flav3 will be deleted.
2022-10-18 16:59:25,885 | autoeft.projection.prosmeftion.yProjection.indices | DEBUG    | The index flav2 will be deleted.
2022-10-18 16:59:25,886 | autoeft.projection.prosmeftion.yProjection.indices | DEBUG    | The index Lsldotgauge11 will be deleted.
2022-10-18 16:59:25,886 | autoeft.projection.prosmeftion.yProjection.indices | DEBUG    | The index Lsldotspin111 will be deleted.
2022-10-18 16:59:25,886 | autoeft.projection.prosmeftion.yProjection.operator | DEBUG    | Expression changed from H(gauge2) to H(gaugeF1I1).
2022-10-18 16:59:25,887 | autoeft.projection.prosmeftion.yProjection.operator | DEBUG    | Expression changed from H(gauge1) to H(gaugeF2I1).
2022-10-18 16:59:25,888 | autoeft.projection.prosmeftion.yProjection.operator | DEBUG    | Expression changed from [H+](gauge2a) to [H+](gaugeF3I1).
2022-10-18 16:59:25,889 | autoeft.projection.prosmeftion.yProjection.operator | DEBUG    | Expression changed from [Q+](Usldotspin111,gauge1a,colf1a,colf1b,flav1) to [Q+](Usldotspin111,gaugeF4I1,colfF4I1,colfF4I2,flav1).
2022-10-18 16:59:25,889 | autoeft.projection.prosmeftion.yProjection.operator | DEBUG    | Expression changed from [d_C+](Usldotgauge11,colf1,flav5) to [d_C+](Usldotgauge11,colfF5I1,flav5).
2022-10-18 16:59:25,890 | autoeft.projection.prosmeftion.yProjection.indices | DEBUG    | The index colfF5I1 will be deleted.
2022-10-18 16:59:25,891 | autoeft.projection.prosmeftion.yProjection.indices | DEBUG    | The index colfF4I1 will be deleted.
2022-10-18 16:59:25,891 | autoeft.projection.prosmeftion.yProjection.indices | DEBUG    | The index colfF4I2 will be deleted.
2022-10-18 16:59:25,891 | autoeft.projection.prosmeftion.yProjection.operator | DEBUG    | Expression changed from [su3eps](colf1,colf1a,colf1b) to [su3eps](colfF5I1,colfF4I1,colfF4I2).
2022-10-18 16:59:25,892 | autoeft.projection.prosmeftion.yProjection.operators | DEBUG    | The operator(s) [su3eps](colfF5I1,colfF4I1,colfF4I2) will be deleted.
2022-10-18 16:59:25,892 | autoeft.projection.prosmeftion.yProjection.indices | DEBUG    | The index colfF5I1 will be deleted.
2022-10-18 16:59:25,893 | autoeft.projection.prosmeftion.yProjection.indices | DEBUG    | The index colfF4I1 will be deleted.
2022-10-18 16:59:25,893 | autoeft.projection.prosmeftion.yProjection.indices | DEBUG    | The index colfF4I2 will be deleted.
2022-10-18 16:59:25,893 | autoeft.projection.prosmeftion.yProjection.operator | DEBUG    | Expression changed from [su3eps](colf1,colf1a,colf1b) to [su3eps](colfF5I1,colfF4I1,colfF4I2).
2022-10-18 16:59:25,894 | autoeft.projection.prosmeftion.yProjection.indices | DEBUG    | The index flav1 will be deleted.
2022-10-18 16:59:25,894 | autoeft.projection.prosmeftion.yProjection.indices | DEBUG    | The index flav3 will be deleted.
2022-10-18 16:59:25,894 | autoeft.projection.prosmeftion.yProjection.indices | DEBUG    | The index colfF5I1 will be deleted.
2022-10-18 16:59:25,895 | autoeft.projection.prosmeftion.yProjection.indices | DEBUG    | The index colfF4I1 will be deleted.
2022-10-18 16:59:25,895 | autoeft.projection.prosmeftion.yProjection.indices | DEBUG    | The index colfF4I2 will be deleted.
2022-10-18 16:59:25,895 | autoeft.projection.prosmeftion.yProjection.operator | DEBUG    | Expression changed from [su3eps](colf1,colf1a,colf1b) to [su3eps](colfF5I1,colfF4I1,colfF4I2).
2022-10-18 16:59:25,896 | autoeft.projection.prosmeftion.yProjection.indices | DEBUG    | The index flav2 will be deleted.
2022-10-18 16:59:25,896 | autoeft.projection.prosmeftion.yProjection.indices | DEBUG    | The index flav5 will be deleted.
2022-10-18 16:59:25,896 | autoeft.projection.prosmeftion.yProjection.indices | DEBUG    | The index colfF5I1 will be deleted.
2022-10-18 16:59:25,897 | autoeft.projection.prosmeftion.yProjection.indices | DEBUG    | The index colfF4I1 will be deleted.
2022-10-18 16:59:25,897 | autoeft.projection.prosmeftion.yProjection.indices | DEBUG    | The index colfF4I2 will be deleted.
2022-10-18 16:59:25,897 | autoeft.projection.prosmeftion.yProjection.operator | DEBUG    | Expression changed from [su3eps](colf1,colf1a,colf1b) to [su3eps](colfF5I1,colfF4I1,colfF4I2).
2022-10-18 16:59:25,897 | autoeft.projection.prosmeftion.yProjection.indices | DEBUG    | The index flav3 will be deleted.
2022-10-18 16:59:25,898 | autoeft.projection.prosmeftion.yProjection.indices | DEBUG    | The index flav2 will be deleted.
2022-10-18 16:59:25,898 | autoeft.projection.prosmeftion.yProjection.indices | DEBUG    | The index colfF5I1 will be deleted.
2022-10-18 16:59:25,898 | autoeft.projection.prosmeftion.yProjection.indices | DEBUG    | The index colfF4I1 will be deleted.
2022-10-18 16:59:25,899 | autoeft.projection.prosmeftion.yProjection.indices | DEBUG    | The index colfF4I2 will be deleted.
2022-10-18 16:59:25,899 | autoeft.projection.prosmeftion.yProjection.operator | DEBUG    | Expression changed from [su3eps](colf1,colf1a,colf1b) to [su3eps](colfF5I1,colfF4I1,colfF4I2).
2022-10-18 16:59:25,899 | autoeft.projection.prosmeftion.yProjection.indices | DEBUG    | The index gaugeF1I1 will be deleted.
2022-10-18 16:59:25,899 | autoeft.projection.prosmeftion.yProjection.indices | DEBUG    | The index gaugeF4I1 will be deleted.
2022-10-18 16:59:25,900 | autoeft.projection.prosmeftion.yProjection.operator | DEBUG    | Expression changed from [su2eps](gauge1,gauge1a) to [su2eps](gaugeF1I1,gaugeF4I1).
2022-10-18 16:59:25,900 | autoeft.projection.prosmeftion.yProjection.indices | DEBUG    | The index colfF5I1 will be deleted.
2022-10-18 16:59:25,900 | autoeft.projection.prosmeftion.yProjection.indices | DEBUG    | The index colfF4I1 will be deleted.
2022-10-18 16:59:25,901 | autoeft.projection.prosmeftion.yProjection.indices | DEBUG    | The index colfF4I2 will be deleted.
2022-10-18 16:59:25,901 | autoeft.projection.prosmeftion.yProjection.operator | DEBUG    | Expression changed from [su3eps](colf1,colf1a,colf1b) to [su3eps](colfF5I1,colfF4I1,colfF4I2).
2022-10-18 16:59:25,902 | autoeft.projection.prosmeftion.yProjection.indices | DEBUG    | The index gaugeF2I1 will be deleted.
2022-10-18 16:59:25,902 | autoeft.projection.prosmeftion.yProjection.indices | DEBUG    | The index gaugeF3I1 will be deleted.
2022-10-18 16:59:25,902 | autoeft.projection.prosmeftion.yProjection.operator | DEBUG    | Expression changed from [su2eps](gauge2,gauge2a) to [su2eps](gaugeF2I1,gaugeF3I1).
2022-10-18 16:59:25,903 | autoeft.projection.prosmeftion.yProjection.indices | DEBUG    | The index colfF5I1 will be deleted.
2022-10-18 16:59:25,903 | autoeft.projection.prosmeftion.yProjection.indices | DEBUG    | The index colfF4I1 will be deleted.
2022-10-18 16:59:25,903 | autoeft.projection.prosmeftion.yProjection.indices | DEBUG    | The index colfF4I2 will be deleted.
2022-10-18 16:59:25,904 | autoeft.projection.prosmeftion.yProjection.operator | DEBUG    | Expression changed from [su3eps](colf1,colf1a,colf1b) to [su3eps](colfF5I1,colfF4I1,colfF4I2).
2022-10-18 16:59:25,904 | autoeft.projection.prosmeftion.yProjection.indices | DEBUG    | The index colfF5I1 will be deleted.
2022-10-18 16:59:25,904 | autoeft.projection.prosmeftion.yProjection.indices | DEBUG    | The index colfF4I1 will be deleted.
2022-10-18 16:59:25,905 | autoeft.projection.prosmeftion.yProjection.indices | DEBUG    | The index colfF4I2 will be deleted.
2022-10-18 16:59:25,905 | autoeft.projection.prosmeftion.yProjection.operator | DEBUG    | Expression changed from [su3eps](colf1,colf1a,colf1b) to [su3eps](colfF5I1,colfF4I1,colfF4I2).
2022-10-18 16:59:25,906 | autoeft.projection.prosmeftion.yProjection.indices | DEBUG    | The index gaugeF1I1 will be deleted.
2022-10-18 16:59:25,906 | autoeft.projection.prosmeftion.yProjection.indices | DEBUG    | The index gaugeF4I1 will be deleted.
2022-10-18 16:59:25,906 | autoeft.projection.prosmeftion.yProjection.operator | DEBUG    | Expression changed from [su2eps](gauge1,gauge1a) to [su2eps](gaugeF1I1,gaugeF4I1).
2022-10-18 16:59:25,906 | autoeft.projection.prosmeftion.yProjection.indices | DEBUG    | The index gaugeF2I1 will be deleted.
2022-10-18 16:59:25,907 | autoeft.projection.prosmeftion.yProjection.indices | DEBUG    | The index gaugeF3I1 will be deleted.
2022-10-18 16:59:25,907 | autoeft.projection.prosmeftion.yProjection.operator | DEBUG    | Expression changed from [su2eps](gauge2,gauge2a) to [su2eps](gaugeF2I1,gaugeF3I1).
2022-10-18 16:59:25,907 | autoeft.projection.prosmeftion.yProjection.operators | DEBUG    | The operator(s) [su2eps](gaugeF1I1,gaugeF4I1)*[su2eps](gaugeF2I1,gaugeF3I1) will be deleted.
2022-10-18 16:59:25,908 | autoeft.projection.prosmeftion.yProjection.indices | DEBUG    | The index gaugeF1I1 will be deleted.
2022-10-18 16:59:25,908 | autoeft.projection.prosmeftion.yProjection.indices | DEBUG    | The index gaugeF4I1 will be deleted.
2022-10-18 16:59:25,908 | autoeft.projection.prosmeftion.yProjection.operator | DEBUG    | Expression changed from [su2eps](gauge1,gauge1a) to [su2eps](gaugeF1I1,gaugeF4I1).
2022-10-18 16:59:25,909 | autoeft.projection.prosmeftion.yProjection.indices | DEBUG    | The index flav1 will be deleted.
2022-10-18 16:59:25,909 | autoeft.projection.prosmeftion.yProjection.indices | DEBUG    | The index flav3 will be deleted.
2022-10-18 16:59:25,909 | autoeft.projection.prosmeftion.yProjection.indices | DEBUG    | The index gaugeF1I1 will be deleted.
2022-10-18 16:59:25,909 | autoeft.projection.prosmeftion.yProjection.indices | DEBUG    | The index gaugeF4I1 will be deleted.
2022-10-18 16:59:25,910 | autoeft.projection.prosmeftion.yProjection.operator | DEBUG    | Expression changed from [su2eps](gauge1,gauge1a) to [su2eps](gaugeF1I1,gaugeF4I1).
2022-10-18 16:59:25,910 | autoeft.projection.prosmeftion.yProjection.indices | DEBUG    | The index flav2 will be deleted.
2022-10-18 16:59:25,910 | autoeft.projection.prosmeftion.yProjection.indices | DEBUG    | The index flav5 will be deleted.
2022-10-18 16:59:25,910 | autoeft.projection.prosmeftion.yProjection.indices | DEBUG    | The index gaugeF1I1 will be deleted.
2022-10-18 16:59:25,911 | autoeft.projection.prosmeftion.yProjection.indices | DEBUG    | The index gaugeF4I1 will be deleted.
2022-10-18 16:59:25,911 | autoeft.projection.prosmeftion.yProjection.operator | DEBUG    | Expression changed from [su2eps](gauge1,gauge1a) to [su2eps](gaugeF1I1,gaugeF4I1).
2022-10-18 16:59:25,911 | autoeft.projection.prosmeftion.yProjection.indices | DEBUG    | The index flav3 will be deleted.
2022-10-18 16:59:25,911 | autoeft.projection.prosmeftion.yProjection.indices | DEBUG    | The index flav2 will be deleted.
2022-10-18 16:59:25,912 | autoeft.projection.prosmeftion.yProjection.indices | DEBUG    | The index gaugeF1I1 will be deleted.
2022-10-18 16:59:25,912 | autoeft.projection.prosmeftion.yProjection.indices | DEBUG    | The index gaugeF4I1 will be deleted.
2022-10-18 16:59:25,912 | autoeft.projection.prosmeftion.yProjection.operator | DEBUG    | Expression changed from [su2eps](gauge1,gauge1a) to [su2eps](gaugeF1I1,gaugeF4I1).
2022-10-18 16:59:25,913 | autoeft.projection.prosmeftion.yProjection.indices | DEBUG    | The index gaugeF1I1 will be deleted.
2022-10-18 16:59:25,913 | autoeft.projection.prosmeftion.yProjection.indices | DEBUG    | The index gaugeF4I1 will be deleted.
2022-10-18 16:59:25,913 | autoeft.projection.prosmeftion.yProjection.operator | DEBUG    | Expression changed from [su2eps](gauge1,gauge1a) to [su2eps](gaugeF1I1,gaugeF4I1).
2022-10-18 16:59:25,914 | autoeft.projection.prosmeftion.yProjection.indices | DEBUG    | The index gaugeF2I1 will be deleted.
2022-10-18 16:59:25,914 | autoeft.projection.prosmeftion.yProjection.indices | DEBUG    | The index gaugeF3I1 will be deleted.
2022-10-18 16:59:25,914 | autoeft.projection.prosmeftion.yProjection.operator | DEBUG    | Expression changed from [su2eps](gauge2,gauge2a) to [su2eps](gaugeF2I1,gaugeF3I1).
2022-10-18 16:59:25,915 | autoeft.projection.prosmeftion.yProjection.indices | DEBUG    | The index flav1 will be deleted.
2022-10-18 16:59:25,916 | autoeft.projection.prosmeftion.yProjection.indices | DEBUG    | The index flav3 will be deleted.
2022-10-18 16:59:25,916 | autoeft.projection.prosmeftion.yProjection.indices | DEBUG    | The index gaugeF2I1 will be deleted.
2022-10-18 16:59:25,916 | autoeft.projection.prosmeftion.yProjection.indices | DEBUG    | The index gaugeF3I1 will be deleted.
2022-10-18 16:59:25,917 | autoeft.projection.prosmeftion.yProjection.operator | DEBUG    | Expression changed from [su2eps](gauge2,gauge2a) to [su2eps](gaugeF2I1,gaugeF3I1).
2022-10-18 16:59:25,917 | autoeft.projection.prosmeftion.yProjection.indices | DEBUG    | The index flav2 will be deleted.
2022-10-18 16:59:25,918 | autoeft.projection.prosmeftion.yProjection.indices | DEBUG    | The index flav5 will be deleted.
2022-10-18 16:59:25,919 | autoeft.projection.prosmeftion.yProjection.indices | DEBUG    | The index gaugeF2I1 will be deleted.
2022-10-18 16:59:25,923 | autoeft.projection.prosmeftion.yProjection.indices | DEBUG    | The index gaugeF3I1 will be deleted.
2022-10-18 16:59:25,927 | autoeft.projection.prosmeftion.yProjection.operator | DEBUG    | Expression changed from [su2eps](gauge2,gauge2a) to [su2eps](gaugeF2I1,gaugeF3I1).
2022-10-18 16:59:25,927 | autoeft.projection.prosmeftion.yProjection.indices | DEBUG    | The index flav3 will be deleted.
2022-10-18 16:59:25,928 | autoeft.projection.prosmeftion.yProjection.indices | DEBUG    | The index flav2 will be deleted.
2022-10-18 16:59:25,929 | autoeft.projection.prosmeftion.yProjection.indices | DEBUG    | The index gaugeF2I1 will be deleted.
2022-10-18 16:59:25,929 | autoeft.projection.prosmeftion.yProjection.indices | DEBUG    | The index gaugeF3I1 will be deleted.
2022-10-18 16:59:25,930 | autoeft.projection.prosmeftion.yProjection.operator | DEBUG    | Expression changed from [su2eps](gauge2,gauge2a) to [su2eps](gaugeF2I1,gaugeF3I1).
2022-10-18 16:59:25,932 | autoeft.projection.prosmeftion.yProjection.indices | DEBUG    | The index gaugeF2I1 will be deleted.
2022-10-18 16:59:25,933 | autoeft.projection.prosmeftion.yProjection.indices | DEBUG    | The index gaugeF3I1 will be deleted.
2022-10-18 16:59:25,933 | autoeft.projection.prosmeftion.yProjection.operator | DEBUG    | Expression changed from [su2eps](gauge2,gauge2a) to [su2eps](gaugeF2I1,gaugeF3I1).
2022-10-18 16:59:25,935 | autoeft.projection.prosmeftion.yProjection.indices | DEBUG    | The index flav1 will be deleted.
2022-10-18 16:59:25,935 | autoeft.projection.prosmeftion.yProjection.indices | DEBUG    | The index flav3 will be deleted.
2022-10-18 16:59:25,936 | autoeft.projection.prosmeftion.yProjection.indices | DEBUG    | The index flav2 will be deleted.
2022-10-18 16:59:25,937 | autoeft.projection.prosmeftion.yProjection.indices | DEBUG    | The index flav5 will be deleted.
2022-10-18 16:59:25,939 | autoeft.projection.prosmeftion.yProjection.indices | DEBUG    | The index flav3 will be deleted.
2022-10-18 16:59:25,941 | autoeft.projection.prosmeftion.yProjection.indices | DEBUG    | The index flav2 will be deleted.
2022-10-18 16:59:25,942 | autoeft.projection.prosmeftion.yProjection.indices | DEBUG    | The index Lsldotgauge11 will be deleted.
2022-10-18 16:59:25,943 | autoeft.projection.prosmeftion.yProjection.indices | DEBUG    | The index Lsldotspin111 will be deleted.
2022-10-18 16:59:25,944 | autoeft.projection.prosmeftion.yProjection.operator | DEBUG    | Expression changed from H(gauge1) to H(gaugeF1I1).
2022-10-18 16:59:25,945 | autoeft.projection.prosmeftion.yProjection.operator | DEBUG    | Expression changed from H(gauge2) to H(gaugeF2I1).
2022-10-18 16:59:25,945 | autoeft.projection.prosmeftion.yProjection.operator | DEBUG    | Expression changed from [H+](gauge2a) to [H+](gaugeF3I1).
2022-10-18 16:59:25,946 | autoeft.projection.prosmeftion.yProjection.operator | DEBUG    | Expression changed from [Q+](Usldotspin111,gauge1a,colf1a,colf1b,flav1) to [Q+](Usldotspin111,gaugeF4I1,colfF4I1,colfF4I2,flav1).
2022-10-18 16:59:25,946 | autoeft.projection.prosmeftion.yProjection.operator | DEBUG    | Expression changed from [d_C+](Usldotgauge11,colf1,flav5) to [d_C+](Usldotgauge11,colfF5I1,flav5).
2022-10-18 16:59:25,947 | autoeft.projection.prosmeftion.sun_projection | INFO     | Substitute SUN projection tensors in H0H0H+0Q+0dC+0, H0H0H+0Q+0dC+0 of type H0H0H+0Q+0dC+0.
2022-10-18 16:59:26,022 | autoeft.projection.prosmeftion | DEBUG    | form -p /mnt/c/Users/jakob/OneDrive - Students RWTH Aachen University/Physik/9Physik/ws21/Masterthesis/autoeft/projection/form_files/general H0H0H+0Q+0dC+0.frm
2022-10-18 16:59:26,106 | autoeft.projection.prosmeftion | DEBUG    | form -p /mnt/c/Users/jakob/OneDrive - Students RWTH Aachen University/Physik/9Physik/ws21/Masterthesis/autoeft/projection/form_files/general term_read.frm
2022-10-18 16:59:26,218 | autoeft.projection.prosmeftion | DEBUG    | form -p /mnt/c/Users/jakob/OneDrive - Students RWTH Aachen University/Physik/9Physik/ws21/Masterthesis/autoeft/projection/form_files/general get_Ops.frm
2022-10-18 16:59:26,312 | autoeft.projection.prosmeftion | DEBUG    | form -p /mnt/c/Users/jakob/OneDrive - Students RWTH Aachen University/Physik/9Physik/ws21/Masterthesis/autoeft/projection/form_files/general get_Ops.frm
2022-10-18 16:59:26,342 | autoeft.projection.prosmeftion.yProjection.indices | DEBUG    | The index colfF1I1 will be deleted.
2022-10-18 16:59:26,342 | autoeft.projection.prosmeftion.yProjection.indices | DEBUG    | The index colfF4I1 will be deleted.
2022-10-18 16:59:26,342 | autoeft.projection.prosmeftion.yProjection.indices | DEBUG    | The index colfF4I2 will be deleted.
2022-10-18 16:59:26,343 | autoeft.projection.prosmeftion.yProjection.operator | DEBUG    | Expression changed from [su3eps](colf1,colf1a,colf1b) to [su3eps](colfF1I1,colfF4I1,colfF4I2).
2022-10-18 16:59:26,343 | autoeft.projection.prosmeftion.yProjection.operators | DEBUG    | The operator(s) [su3eps](colfF1I1,colfF4I1,colfF4I2) will be deleted.
2022-10-18 16:59:26,344 | autoeft.projection.prosmeftion.yProjection.indices | DEBUG    | The index colfF1I1 will be deleted.
2022-10-18 16:59:26,344 | autoeft.projection.prosmeftion.yProjection.indices | DEBUG    | The index colfF4I1 will be deleted.
2022-10-18 16:59:26,344 | autoeft.projection.prosmeftion.yProjection.indices | DEBUG    | The index colfF4I2 will be deleted.
2022-10-18 16:59:26,344 | autoeft.projection.prosmeftion.yProjection.operator | DEBUG    | Expression changed from [su3eps](colf1,colf1a,colf1b) to [su3eps](colfF1I1,colfF4I1,colfF4I2).
2022-10-18 16:59:26,345 | autoeft.projection.prosmeftion.yProjection.indices | DEBUG    | The index flav1 will be deleted.
2022-10-18 16:59:26,345 | autoeft.projection.prosmeftion.yProjection.indices | DEBUG    | The index flav3 will be deleted.
2022-10-18 16:59:26,345 | autoeft.projection.prosmeftion.yProjection.indices | DEBUG    | The index colfF1I1 will be deleted.
2022-10-18 16:59:26,346 | autoeft.projection.prosmeftion.yProjection.indices | DEBUG    | The index colfF4I1 will be deleted.
2022-10-18 16:59:26,346 | autoeft.projection.prosmeftion.yProjection.indices | DEBUG    | The index colfF4I2 will be deleted.
2022-10-18 16:59:26,346 | autoeft.projection.prosmeftion.yProjection.operator | DEBUG    | Expression changed from [su3eps](colf1,colf1a,colf1b) to [su3eps](colfF1I1,colfF4I1,colfF4I2).
2022-10-18 16:59:26,347 | autoeft.projection.prosmeftion.yProjection.indices | DEBUG    | The index flav3 will be deleted.
2022-10-18 16:59:26,347 | autoeft.projection.prosmeftion.yProjection.indices | DEBUG    | The index flav2 will be deleted.
2022-10-18 16:59:26,347 | autoeft.projection.prosmeftion.yProjection.indices | DEBUG    | The index colfF1I1 will be deleted.
2022-10-18 16:59:26,348 | autoeft.projection.prosmeftion.yProjection.indices | DEBUG    | The index colfF4I1 will be deleted.
2022-10-18 16:59:26,348 | autoeft.projection.prosmeftion.yProjection.indices | DEBUG    | The index colfF4I2 will be deleted.
2022-10-18 16:59:26,348 | autoeft.projection.prosmeftion.yProjection.operator | DEBUG    | Expression changed from [su3eps](colf1,colf1a,colf1b) to [su3eps](colfF1I1,colfF4I1,colfF4I2).
2022-10-18 16:59:26,348 | autoeft.projection.prosmeftion.yProjection.indices | DEBUG    | The index gaugeF1I1 will be deleted.
2022-10-18 16:59:26,349 | autoeft.projection.prosmeftion.yProjection.indices | DEBUG    | The index gaugeF3I1 will be deleted.
2022-10-18 16:59:26,349 | autoeft.projection.prosmeftion.yProjection.operator | DEBUG    | Expression changed from [su2eps](gauge2,gauge2a) to [su2eps](gaugeF1I1,gaugeF3I1).
2022-10-18 16:59:26,349 | autoeft.projection.prosmeftion.yProjection.indices | DEBUG    | The index colfF1I1 will be deleted.
2022-10-18 16:59:26,350 | autoeft.projection.prosmeftion.yProjection.indices | DEBUG    | The index colfF4I1 will be deleted.
2022-10-18 16:59:26,350 | autoeft.projection.prosmeftion.yProjection.indices | DEBUG    | The index colfF4I2 will be deleted.
2022-10-18 16:59:26,350 | autoeft.projection.prosmeftion.yProjection.operator | DEBUG    | Expression changed from [su3eps](colf1,colf1a,colf1b) to [su3eps](colfF1I1,colfF4I1,colfF4I2).
2022-10-18 16:59:26,350 | autoeft.projection.prosmeftion.yProjection.indices | DEBUG    | The index gaugeF2I1 will be deleted.
2022-10-18 16:59:26,351 | autoeft.projection.prosmeftion.yProjection.indices | DEBUG    | The index gaugeF4I1 will be deleted.
2022-10-18 16:59:26,351 | autoeft.projection.prosmeftion.yProjection.operator | DEBUG    | Expression changed from [su2eps](gauge1,gauge1a) to [su2eps](gaugeF2I1,gaugeF4I1).
2022-10-18 16:59:26,351 | autoeft.projection.prosmeftion.yProjection.indices | DEBUG    | The index colfF1I1 will be deleted.
2022-10-18 16:59:26,352 | autoeft.projection.prosmeftion.yProjection.indices | DEBUG    | The index colfF4I1 will be deleted.
2022-10-18 16:59:26,352 | autoeft.projection.prosmeftion.yProjection.indices | DEBUG    | The index colfF4I2 will be deleted.
2022-10-18 16:59:26,353 | autoeft.projection.prosmeftion.yProjection.operator | DEBUG    | Expression changed from [su3eps](colf1,colf1a,colf1b) to [su3eps](colfF1I1,colfF4I1,colfF4I2).
2022-10-18 16:59:26,353 | autoeft.projection.prosmeftion.yProjection.indices | DEBUG    | The index colfF1I1 will be deleted.
2022-10-18 16:59:26,353 | autoeft.projection.prosmeftion.yProjection.indices | DEBUG    | The index colfF4I1 will be deleted.
2022-10-18 16:59:26,354 | autoeft.projection.prosmeftion.yProjection.indices | DEBUG    | The index colfF4I2 will be deleted.
2022-10-18 16:59:26,354 | autoeft.projection.prosmeftion.yProjection.operator | DEBUG    | Expression changed from [su3eps](colf1,colf1a,colf1b) to [su3eps](colfF1I1,colfF4I1,colfF4I2).
2022-10-18 16:59:26,355 | autoeft.projection.prosmeftion.yProjection.indices | DEBUG    | The index gaugeF1I1 will be deleted.
2022-10-18 16:59:26,355 | autoeft.projection.prosmeftion.yProjection.indices | DEBUG    | The index gaugeF3I1 will be deleted.
2022-10-18 16:59:26,356 | autoeft.projection.prosmeftion.yProjection.operator | DEBUG    | Expression changed from [su2eps](gauge2,gauge2a) to [su2eps](gaugeF1I1,gaugeF3I1).
2022-10-18 16:59:26,356 | autoeft.projection.prosmeftion.yProjection.indices | DEBUG    | The index gaugeF2I1 will be deleted.
2022-10-18 16:59:26,356 | autoeft.projection.prosmeftion.yProjection.indices | DEBUG    | The index gaugeF4I1 will be deleted.
2022-10-18 16:59:26,357 | autoeft.projection.prosmeftion.yProjection.operator | DEBUG    | Expression changed from [su2eps](gauge1,gauge1a) to [su2eps](gaugeF2I1,gaugeF4I1).
2022-10-18 16:59:26,357 | autoeft.projection.prosmeftion.yProjection.operators | DEBUG    | The operator(s) [su2eps](gaugeF1I1,gaugeF3I1)*[su2eps](gaugeF2I1,gaugeF4I1) will be deleted.
2022-10-18 16:59:26,357 | autoeft.projection.prosmeftion.yProjection.indices | DEBUG    | The index gaugeF1I1 will be deleted.
2022-10-18 16:59:26,358 | autoeft.projection.prosmeftion.yProjection.indices | DEBUG    | The index gaugeF3I1 will be deleted.
2022-10-18 16:59:26,358 | autoeft.projection.prosmeftion.yProjection.operator | DEBUG    | Expression changed from [su2eps](gauge2,gauge2a) to [su2eps](gaugeF1I1,gaugeF3I1).
2022-10-18 16:59:26,358 | autoeft.projection.prosmeftion.yProjection.indices | DEBUG    | The index flav1 will be deleted.
2022-10-18 16:59:26,359 | autoeft.projection.prosmeftion.yProjection.indices | DEBUG    | The index flav3 will be deleted.
2022-10-18 16:59:26,359 | autoeft.projection.prosmeftion.yProjection.indices | DEBUG    | The index gaugeF1I1 will be deleted.
2022-10-18 16:59:26,359 | autoeft.projection.prosmeftion.yProjection.indices | DEBUG    | The index gaugeF3I1 will be deleted.
2022-10-18 16:59:26,360 | autoeft.projection.prosmeftion.yProjection.operator | DEBUG    | Expression changed from [su2eps](gauge2,gauge2a) to [su2eps](gaugeF1I1,gaugeF3I1).
2022-10-18 16:59:26,360 | autoeft.projection.prosmeftion.yProjection.indices | DEBUG    | The index flav3 will be deleted.
2022-10-18 16:59:26,360 | autoeft.projection.prosmeftion.yProjection.indices | DEBUG    | The index flav2 will be deleted.
2022-10-18 16:59:26,361 | autoeft.projection.prosmeftion.yProjection.indices | DEBUG    | The index gaugeF1I1 will be deleted.
2022-10-18 16:59:26,361 | autoeft.projection.prosmeftion.yProjection.indices | DEBUG    | The index gaugeF3I1 will be deleted.
2022-10-18 16:59:26,361 | autoeft.projection.prosmeftion.yProjection.operator | DEBUG    | Expression changed from [su2eps](gauge2,gauge2a) to [su2eps](gaugeF1I1,gaugeF3I1).
2022-10-18 16:59:26,362 | autoeft.projection.prosmeftion.yProjection.indices | DEBUG    | The index gaugeF1I1 will be deleted.
2022-10-18 16:59:26,362 | autoeft.projection.prosmeftion.yProjection.indices | DEBUG    | The index gaugeF3I1 will be deleted.
2022-10-18 16:59:26,362 | autoeft.projection.prosmeftion.yProjection.operator | DEBUG    | Expression changed from [su2eps](gauge2,gauge2a) to [su2eps](gaugeF1I1,gaugeF3I1).
2022-10-18 16:59:26,363 | autoeft.projection.prosmeftion.yProjection.indices | DEBUG    | The index gaugeF2I1 will be deleted.
2022-10-18 16:59:26,363 | autoeft.projection.prosmeftion.yProjection.indices | DEBUG    | The index gaugeF4I1 will be deleted.
2022-10-18 16:59:26,363 | autoeft.projection.prosmeftion.yProjection.operator | DEBUG    | Expression changed from [su2eps](gauge1,gauge1a) to [su2eps](gaugeF2I1,gaugeF4I1).
2022-10-18 16:59:26,364 | autoeft.projection.prosmeftion.yProjection.indices | DEBUG    | The index flav1 will be deleted.
2022-10-18 16:59:26,364 | autoeft.projection.prosmeftion.yProjection.indices | DEBUG    | The index flav3 will be deleted.
2022-10-18 16:59:26,364 | autoeft.projection.prosmeftion.yProjection.indices | DEBUG    | The index gaugeF2I1 will be deleted.
2022-10-18 16:59:26,365 | autoeft.projection.prosmeftion.yProjection.indices | DEBUG    | The index gaugeF4I1 will be deleted.
2022-10-18 16:59:26,365 | autoeft.projection.prosmeftion.yProjection.operator | DEBUG    | Expression changed from [su2eps](gauge1,gauge1a) to [su2eps](gaugeF2I1,gaugeF4I1).
2022-10-18 16:59:26,365 | autoeft.projection.prosmeftion.yProjection.indices | DEBUG    | The index flav3 will be deleted.
2022-10-18 16:59:26,366 | autoeft.projection.prosmeftion.yProjection.indices | DEBUG    | The index flav2 will be deleted.
2022-10-18 16:59:26,366 | autoeft.projection.prosmeftion.yProjection.indices | DEBUG    | The index gaugeF2I1 will be deleted.
2022-10-18 16:59:26,366 | autoeft.projection.prosmeftion.yProjection.indices | DEBUG    | The index gaugeF4I1 will be deleted.
2022-10-18 16:59:26,367 | autoeft.projection.prosmeftion.yProjection.operator | DEBUG    | Expression changed from [su2eps](gauge1,gauge1a) to [su2eps](gaugeF2I1,gaugeF4I1).
2022-10-18 16:59:26,368 | autoeft.projection.prosmeftion.yProjection.indices | DEBUG    | The index gaugeF2I1 will be deleted.
2022-10-18 16:59:26,368 | autoeft.projection.prosmeftion.yProjection.indices | DEBUG    | The index gaugeF4I1 will be deleted.
2022-10-18 16:59:26,369 | autoeft.projection.prosmeftion.yProjection.operator | DEBUG    | Expression changed from [su2eps](gauge1,gauge1a) to [su2eps](gaugeF2I1,gaugeF4I1).
2022-10-18 16:59:26,369 | autoeft.projection.prosmeftion.yProjection.indices | DEBUG    | The index flav1 will be deleted.
2022-10-18 16:59:26,370 | autoeft.projection.prosmeftion.yProjection.indices | DEBUG    | The index flav3 will be deleted.
2022-10-18 16:59:26,370 | autoeft.projection.prosmeftion.yProjection.indices | DEBUG    | The index flav3 will be deleted.
2022-10-18 16:59:26,370 | autoeft.projection.prosmeftion.yProjection.indices | DEBUG    | The index flav2 will be deleted.
2022-10-18 16:59:26,371 | autoeft.projection.prosmeftion.yProjection.indices | DEBUG    | The index Uslspin22 will be deleted.
2022-10-18 16:59:26,371 | autoeft.projection.prosmeftion.yProjection.indices | DEBUG    | The index Uslgauge11 will be deleted.
2022-10-18 16:59:26,371 | autoeft.projection.prosmeftion.yProjection.indices | DEBUG    | The index Lsldotgauge11 will be deleted.
2022-10-18 16:59:26,372 | autoeft.projection.prosmeftion.yProjection.indices | DEBUG    | The index Lsldotspin111 will be deleted.
2022-10-18 16:59:26,372 | autoeft.projection.prosmeftion.yProjection.operator | DEBUG    | Expression changed from Q(Lslspin22,gauge2,colf1,flav2) to Q(Lslspin22,gaugeF1I1,colfF1I1,flav2).
2022-10-18 16:59:26,372 | autoeft.projection.prosmeftion.yProjection.operator | DEBUG    | Expression changed from H(gauge1) to H(gaugeF2I1).
2022-10-18 16:59:26,373 | autoeft.projection.prosmeftion.yProjection.operator | DEBUG    | Expression changed from D(Lslgauge11,Usldotgauge11,[H+](gauge2a)) to D(Lslgauge11,Usldotgauge11,[H+](gaugeF3I1)).
2022-10-18 16:59:26,373 | autoeft.projection.prosmeftion.yProjection.operator | DEBUG    | Expression changed from [Q+](Usldotspin111,gauge1a,colf1a,colf1b,flav1) to [Q+](Usldotspin111,gaugeF4I1,colfF4I1,colfF4I2,flav1).
2022-10-18 16:59:26,374 | autoeft.projection.prosmeftion.sun_projection | INFO     | Substitute SUN projection tensors in Q0H0H+1Q+0 of type Q0H0H+1Q+0.
2022-10-18 16:59:26,443 | autoeft.projection.prosmeftion | DEBUG    | form -p /mnt/c/Users/jakob/OneDrive - Students RWTH Aachen University/Physik/9Physik/ws21/Masterthesis/autoeft/projection/form_files/general Q0H0H+1Q+0.frm
2022-10-18 16:59:26,507 | autoeft.projection.prosmeftion | DEBUG    | form -p /mnt/c/Users/jakob/OneDrive - Students RWTH Aachen University/Physik/9Physik/ws21/Masterthesis/autoeft/projection/form_files/general term_read.frm
2022-10-18 16:59:26,598 | autoeft.projection.prosmeftion | DEBUG    | form -p /mnt/c/Users/jakob/OneDrive - Students RWTH Aachen University/Physik/9Physik/ws21/Masterthesis/autoeft/projection/form_files/general get_Ops.frm
2022-10-18 16:59:26,617 | autoeft.projection.prosmeftion.yProjection.indices | DEBUG    | The index Uslspin22 will be rewritten with Uslspin22.
2022-10-18 16:59:26,617 | autoeft.projection.prosmeftion.yProjection.indices | DEBUG    | The index Lslspin22 will be rewritten with Lslspin22.
2022-10-18 16:59:26,618 | autoeft.projection.prosmeftion.yProjection.indices | DEBUG    | The index gaugeF1I1 will be rewritten with gaugeF1I1.
2022-10-18 16:59:26,618 | autoeft.projection.prosmeftion.yProjection.indices | DEBUG    | The index gaugeF1I1 will be rewritten with gaugeF1I1.
2022-10-18 16:59:26,618 | autoeft.projection.prosmeftion.yProjection.indices | DEBUG    | The index colfF1I1 will be rewritten with colfF1I1.
2022-10-18 16:59:26,619 | autoeft.projection.prosmeftion.yProjection.indices | DEBUG    | The index colfF1I1 will be rewritten with colfF1I1.
2022-10-18 16:59:26,619 | autoeft.projection.prosmeftion.yProjection.indices | DEBUG    | The index flav2 will be rewritten with flav2.
2022-10-18 16:59:26,619 | autoeft.projection.prosmeftion.yProjection.indices | DEBUG    | The index flav2 will be rewritten with flav2.
2022-10-18 16:59:26,620 | autoeft.projection.prosmeftion.yProjection.indices | DEBUG    | The index Uslgauge11 will be rewritten with Uslgauge11.
2022-10-18 16:59:26,620 | autoeft.projection.prosmeftion.yProjection.indices | DEBUG    | The index Lslgauge11 will be rewritten with Lslgauge11.
2022-10-18 16:59:26,620 | autoeft.projection.prosmeftion.yProjection.indices | DEBUG    | The index colfF2I1 will be rewritten with colfF2I1.
2022-10-18 16:59:26,621 | autoeft.projection.prosmeftion.yProjection.indices | DEBUG    | The index colfF2I1 will be rewritten with colfF2I1.
2022-10-18 16:59:26,621 | autoeft.projection.prosmeftion.yProjection.indices | DEBUG    | The index colfF2I2 will be rewritten with colfF2I2.
2022-10-18 16:59:26,622 | autoeft.projection.prosmeftion.yProjection.indices | DEBUG    | The index colfF2I2 will be rewritten with colfF2I2.
2022-10-18 16:59:26,622 | autoeft.projection.prosmeftion.yProjection.indices | DEBUG    | The index flav5 will be rewritten with flav5.
2022-10-18 16:59:26,623 | autoeft.projection.prosmeftion.yProjection.indices | DEBUG    | The index flav5 will be rewritten with flav5.
2022-10-18 16:59:26,624 | autoeft.projection.prosmeftion.yProjection.indices | DEBUG    | The index gaugeF3I1 will be rewritten with gaugeF3I1.
2022-10-18 16:59:26,624 | autoeft.projection.prosmeftion.yProjection.indices | DEBUG    | The index gaugeF3I1 will be rewritten with gaugeF3I1.
2022-10-18 16:59:26,625 | autoeft.projection.prosmeftion.yProjection.indices | DEBUG    | The index gaugeF4I1 will be rewritten with gaugeF4I1.
2022-10-18 16:59:26,625 | autoeft.projection.prosmeftion.yProjection.indices | DEBUG    | The index gaugeF4I1 will be rewritten with gaugeF4I1.
2022-10-18 16:59:26,625 | autoeft.projection.prosmeftion.yProjection.indices | DEBUG    | The index gaugeF5I1 will be rewritten with gaugeF5I1.
2022-10-18 16:59:26,626 | autoeft.projection.prosmeftion.yProjection.indices | DEBUG    | The index gaugeF5I1 will be rewritten with gaugeF5I1.
2022-10-18 16:59:26,627 | autoeft.projection.prosmeftion.yProjection.indices | DEBUG    | The index colfF1I1 will be deleted.
2022-10-18 16:59:26,627 | autoeft.projection.prosmeftion.yProjection.indices | DEBUG    | The index colfF2I1 will be deleted.
2022-10-18 16:59:26,627 | autoeft.projection.prosmeftion.yProjection.indices | DEBUG    | The index colfF2I2 will be deleted.
2022-10-18 16:59:26,628 | autoeft.projection.prosmeftion.yProjection.operator | DEBUG    | Expression changed from [su3eps](colf1,colf1a,colf1b) to [su3eps](colfF1I1,colfF2I1,colfF2I2).
2022-10-18 16:59:26,628 | autoeft.projection.prosmeftion.yProjection.operators | DEBUG    | The operator(s) [su3eps](colfF1I1,colfF2I1,colfF2I2) will be deleted.
2022-10-18 16:59:26,628 | autoeft.projection.prosmeftion.yProjection.indices | DEBUG    | The index colfF1I1 will be deleted.
2022-10-18 16:59:26,629 | autoeft.projection.prosmeftion.yProjection.indices | DEBUG    | The index colfF2I1 will be deleted.
2022-10-18 16:59:26,629 | autoeft.projection.prosmeftion.yProjection.indices | DEBUG    | The index colfF2I2 will be deleted.
2022-10-18 16:59:26,630 | autoeft.projection.prosmeftion.yProjection.operator | DEBUG    | Expression changed from [su3eps](colf1,colf1a,colf1b) to [su3eps](colfF1I1,colfF2I1,colfF2I2).
2022-10-18 16:59:26,630 | autoeft.projection.prosmeftion.yProjection.indices | DEBUG    | The index flav5 will be deleted.
2022-10-18 16:59:26,630 | autoeft.projection.prosmeftion.yProjection.indices | DEBUG    | The index flav1 will be deleted.
2022-10-18 16:59:26,631 | autoeft.projection.prosmeftion.yProjection.indices | DEBUG    | The index colfF1I1 will be deleted.
2022-10-18 16:59:26,631 | autoeft.projection.prosmeftion.yProjection.indices | DEBUG    | The index colfF2I1 will be deleted.
2022-10-18 16:59:26,631 | autoeft.projection.prosmeftion.yProjection.indices | DEBUG    | The index colfF2I2 will be deleted.
2022-10-18 16:59:26,632 | autoeft.projection.prosmeftion.yProjection.operator | DEBUG    | Expression changed from [su3eps](colf1,colf1a,colf1b) to [su3eps](colfF1I1,colfF2I1,colfF2I2).
2022-10-18 16:59:26,632 | autoeft.projection.prosmeftion.yProjection.indices | DEBUG    | The index flav1 will be deleted.
2022-10-18 16:59:26,632 | autoeft.projection.prosmeftion.yProjection.indices | DEBUG    | The index flav3 will be deleted.
2022-10-18 16:59:26,632 | autoeft.projection.prosmeftion.yProjection.indices | DEBUG    | The index colfF1I1 will be deleted.
2022-10-18 16:59:26,633 | autoeft.projection.prosmeftion.yProjection.indices | DEBUG    | The index colfF2I1 will be deleted.
2022-10-18 16:59:26,633 | autoeft.projection.prosmeftion.yProjection.indices | DEBUG    | The index colfF2I2 will be deleted.
2022-10-18 16:59:26,633 | autoeft.projection.prosmeftion.yProjection.operator | DEBUG    | Expression changed from [su3eps](colf1,colf1a,colf1b) to [su3eps](colfF1I1,colfF2I1,colfF2I2).
2022-10-18 16:59:26,634 | autoeft.projection.prosmeftion.yProjection.indices | DEBUG    | The index flav3 will be deleted.
2022-10-18 16:59:26,634 | autoeft.projection.prosmeftion.yProjection.indices | DEBUG    | The index flav2 will be deleted.
2022-10-18 16:59:26,635 | autoeft.projection.prosmeftion.yProjection.indices | DEBUG    | The index colfF1I1 will be deleted.
2022-10-18 16:59:26,635 | autoeft.projection.prosmeftion.yProjection.indices | DEBUG    | The index colfF2I1 will be deleted.
2022-10-18 16:59:26,635 | autoeft.projection.prosmeftion.yProjection.indices | DEBUG    | The index colfF2I2 will be deleted.
2022-10-18 16:59:26,636 | autoeft.projection.prosmeftion.yProjection.operator | DEBUG    | Expression changed from [su3eps](colf1,colf1a,colf1b) to [su3eps](colfF1I1,colfF2I1,colfF2I2).
2022-10-18 16:59:26,636 | autoeft.projection.prosmeftion.yProjection.indices | DEBUG    | The index gaugeF1I1 will be deleted.
2022-10-18 16:59:26,636 | autoeft.projection.prosmeftion.yProjection.indices | DEBUG    | The index gaugeF5I1 will be deleted.
2022-10-18 16:59:26,636 | autoeft.projection.prosmeftion.yProjection.operator | DEBUG    | Expression changed from [su2eps](gauge2,gauge2a) to [su2eps](gaugeF1I1,gaugeF5I1).
2022-10-18 16:59:26,637 | autoeft.projection.prosmeftion.yProjection.indices | DEBUG    | The index colfF1I1 will be deleted.
2022-10-18 16:59:26,637 | autoeft.projection.prosmeftion.yProjection.indices | DEBUG    | The index colfF2I1 will be deleted.
2022-10-18 16:59:26,637 | autoeft.projection.prosmeftion.yProjection.indices | DEBUG    | The index colfF2I2 will be deleted.
2022-10-18 16:59:26,638 | autoeft.projection.prosmeftion.yProjection.operator | DEBUG    | Expression changed from [su3eps](colf1,colf1a,colf1b) to [su3eps](colfF1I1,colfF2I1,colfF2I2).
2022-10-18 16:59:26,639 | autoeft.projection.prosmeftion.yProjection.indices | DEBUG    | The index gaugeF3I1 will be deleted.
2022-10-18 16:59:26,643 | autoeft.projection.prosmeftion.yProjection.indices | DEBUG    | The index gaugeF4I1 will be deleted.
2022-10-18 16:59:26,644 | autoeft.projection.prosmeftion.yProjection.operator | DEBUG    | Expression changed from [su2eps](gauge1,gauge1a) to [su2eps](gaugeF3I1,gaugeF4I1).
2022-10-18 16:59:26,644 | autoeft.projection.prosmeftion.yProjection.indices | DEBUG    | The index colfF1I1 will be deleted.
2022-10-18 16:59:26,646 | autoeft.projection.prosmeftion.yProjection.indices | DEBUG    | The index colfF2I1 will be deleted.
2022-10-18 16:59:26,647 | autoeft.projection.prosmeftion.yProjection.indices | DEBUG    | The index colfF2I2 will be deleted.
2022-10-18 16:59:26,647 | autoeft.projection.prosmeftion.yProjection.operator | DEBUG    | Expression changed from [su3eps](colf1,colf1a,colf1b) to [su3eps](colfF1I1,colfF2I1,colfF2I2).
2022-10-18 16:59:26,648 | autoeft.projection.prosmeftion.yProjection.indices | DEBUG    | The index colfF1I1 will be deleted.
2022-10-18 16:59:26,648 | autoeft.projection.prosmeftion.yProjection.indices | DEBUG    | The index colfF2I1 will be deleted.
2022-10-18 16:59:26,649 | autoeft.projection.prosmeftion.yProjection.indices | DEBUG    | The index colfF2I2 will be deleted.
2022-10-18 16:59:26,649 | autoeft.projection.prosmeftion.yProjection.operator | DEBUG    | Expression changed from [su3eps](colf1,colf1a,colf1b) to [su3eps](colfF1I1,colfF2I1,colfF2I2).
2022-10-18 16:59:26,650 | autoeft.projection.prosmeftion.yProjection.indices | DEBUG    | The index gaugeF1I1 will be deleted.
2022-10-18 16:59:26,650 | autoeft.projection.prosmeftion.yProjection.indices | DEBUG    | The index gaugeF5I1 will be deleted.
2022-10-18 16:59:26,650 | autoeft.projection.prosmeftion.yProjection.operator | DEBUG    | Expression changed from [su2eps](gauge2,gauge2a) to [su2eps](gaugeF1I1,gaugeF5I1).
2022-10-18 16:59:26,651 | autoeft.projection.prosmeftion.yProjection.indices | DEBUG    | The index gaugeF3I1 will be deleted.
2022-10-18 16:59:26,651 | autoeft.projection.prosmeftion.yProjection.indices | DEBUG    | The index gaugeF4I1 will be deleted.
2022-10-18 16:59:26,651 | autoeft.projection.prosmeftion.yProjection.operator | DEBUG    | Expression changed from [su2eps](gauge1,gauge1a) to [su2eps](gaugeF3I1,gaugeF4I1).
2022-10-18 16:59:26,652 | autoeft.projection.prosmeftion.yProjection.operators | DEBUG    | The operator(s) [su2eps](gaugeF1I1,gaugeF5I1)*[su2eps](gaugeF3I1,gaugeF4I1) will be deleted.
2022-10-18 16:59:26,652 | autoeft.projection.prosmeftion.yProjection.indices | DEBUG    | The index gaugeF1I1 will be deleted.
2022-10-18 16:59:26,652 | autoeft.projection.prosmeftion.yProjection.indices | DEBUG    | The index gaugeF5I1 will be deleted.
2022-10-18 16:59:26,653 | autoeft.projection.prosmeftion.yProjection.operator | DEBUG    | Expression changed from [su2eps](gauge2,gauge2a) to [su2eps](gaugeF1I1,gaugeF5I1).
2022-10-18 16:59:26,653 | autoeft.projection.prosmeftion.yProjection.indices | DEBUG    | The index flav5 will be deleted.
2022-10-18 16:59:26,654 | autoeft.projection.prosmeftion.yProjection.indices | DEBUG    | The index flav1 will be deleted.
2022-10-18 16:59:26,654 | autoeft.projection.prosmeftion.yProjection.indices | DEBUG    | The index gaugeF1I1 will be deleted.
2022-10-18 16:59:26,656 | autoeft.projection.prosmeftion.yProjection.indices | DEBUG    | The index gaugeF5I1 will be deleted.
2022-10-18 16:59:26,656 | autoeft.projection.prosmeftion.yProjection.operator | DEBUG    | Expression changed from [su2eps](gauge2,gauge2a) to [su2eps](gaugeF1I1,gaugeF5I1).
2022-10-18 16:59:26,657 | autoeft.projection.prosmeftion.yProjection.indices | DEBUG    | The index flav1 will be deleted.
2022-10-18 16:59:26,658 | autoeft.projection.prosmeftion.yProjection.indices | DEBUG    | The index flav3 will be deleted.
2022-10-18 16:59:26,658 | autoeft.projection.prosmeftion.yProjection.indices | DEBUG    | The index gaugeF1I1 will be deleted.
2022-10-18 16:59:26,659 | autoeft.projection.prosmeftion.yProjection.indices | DEBUG    | The index gaugeF5I1 will be deleted.
2022-10-18 16:59:26,660 | autoeft.projection.prosmeftion.yProjection.operator | DEBUG    | Expression changed from [su2eps](gauge2,gauge2a) to [su2eps](gaugeF1I1,gaugeF5I1).
2022-10-18 16:59:26,661 | autoeft.projection.prosmeftion.yProjection.indices | DEBUG    | The index flav3 will be deleted.
2022-10-18 16:59:26,662 | autoeft.projection.prosmeftion.yProjection.indices | DEBUG    | The index flav2 will be deleted.
2022-10-18 16:59:26,662 | autoeft.projection.prosmeftion.yProjection.indices | DEBUG    | The index gaugeF1I1 will be deleted.
2022-10-18 16:59:26,664 | autoeft.projection.prosmeftion.yProjection.indices | DEBUG    | The index gaugeF5I1 will be deleted.
2022-10-18 16:59:26,665 | autoeft.projection.prosmeftion.yProjection.operator | DEBUG    | Expression changed from [su2eps](gauge2,gauge2a) to [su2eps](gaugeF1I1,gaugeF5I1).
2022-10-18 16:59:26,666 | autoeft.projection.prosmeftion.yProjection.indices | DEBUG    | The index gaugeF1I1 will be deleted.
2022-10-18 16:59:26,667 | autoeft.projection.prosmeftion.yProjection.indices | DEBUG    | The index gaugeF5I1 will be deleted.
2022-10-18 16:59:26,667 | autoeft.projection.prosmeftion.yProjection.operator | DEBUG    | Expression changed from [su2eps](gauge2,gauge2a) to [su2eps](gaugeF1I1,gaugeF5I1).
2022-10-18 16:59:26,668 | autoeft.projection.prosmeftion.yProjection.indices | DEBUG    | The index gaugeF3I1 will be deleted.
2022-10-18 16:59:26,668 | autoeft.projection.prosmeftion.yProjection.indices | DEBUG    | The index gaugeF4I1 will be deleted.
2022-10-18 16:59:26,669 | autoeft.projection.prosmeftion.yProjection.operator | DEBUG    | Expression changed from [su2eps](gauge1,gauge1a) to [su2eps](gaugeF3I1,gaugeF4I1).
2022-10-18 16:59:26,669 | autoeft.projection.prosmeftion.yProjection.indices | DEBUG    | The index flav5 will be deleted.
2022-10-18 16:59:26,669 | autoeft.projection.prosmeftion.yProjection.indices | DEBUG    | The index flav1 will be deleted.
2022-10-18 16:59:26,670 | autoeft.projection.prosmeftion.yProjection.indices | DEBUG    | The index gaugeF3I1 will be deleted.
2022-10-18 16:59:26,670 | autoeft.projection.prosmeftion.yProjection.indices | DEBUG    | The index gaugeF4I1 will be deleted.
2022-10-18 16:59:26,671 | autoeft.projection.prosmeftion.yProjection.operator | DEBUG    | Expression changed from [su2eps](gauge1,gauge1a) to [su2eps](gaugeF3I1,gaugeF4I1).
2022-10-18 16:59:26,671 | autoeft.projection.prosmeftion.yProjection.indices | DEBUG    | The index flav1 will be deleted.
2022-10-18 16:59:26,672 | autoeft.projection.prosmeftion.yProjection.indices | DEBUG    | The index flav3 will be deleted.
2022-10-18 16:59:26,672 | autoeft.projection.prosmeftion.yProjection.indices | DEBUG    | The index gaugeF3I1 will be deleted.
2022-10-18 16:59:26,673 | autoeft.projection.prosmeftion.yProjection.indices | DEBUG    | The index gaugeF4I1 will be deleted.
2022-10-18 16:59:26,674 | autoeft.projection.prosmeftion.yProjection.operator | DEBUG    | Expression changed from [su2eps](gauge1,gauge1a) to [su2eps](gaugeF3I1,gaugeF4I1).
2022-10-18 16:59:26,675 | autoeft.projection.prosmeftion.yProjection.indices | DEBUG    | The index flav3 will be deleted.
2022-10-18 16:59:26,675 | autoeft.projection.prosmeftion.yProjection.indices | DEBUG    | The index flav2 will be deleted.
2022-10-18 16:59:26,676 | autoeft.projection.prosmeftion.yProjection.indices | DEBUG    | The index gaugeF3I1 will be deleted.
2022-10-18 16:59:26,676 | autoeft.projection.prosmeftion.yProjection.indices | DEBUG    | The index gaugeF4I1 will be deleted.
2022-10-18 16:59:26,677 | autoeft.projection.prosmeftion.yProjection.operator | DEBUG    | Expression changed from [su2eps](gauge1,gauge1a) to [su2eps](gaugeF3I1,gaugeF4I1).
2022-10-18 16:59:26,677 | autoeft.projection.prosmeftion.yProjection.indices | DEBUG    | The index gaugeF3I1 will be deleted.
2022-10-18 16:59:26,678 | autoeft.projection.prosmeftion.yProjection.indices | DEBUG    | The index gaugeF4I1 will be deleted.
2022-10-18 16:59:26,678 | autoeft.projection.prosmeftion.yProjection.operator | DEBUG    | Expression changed from [su2eps](gauge1,gauge1a) to [su2eps](gaugeF3I1,gaugeF4I1).
2022-10-18 16:59:26,678 | autoeft.projection.prosmeftion.yProjection.indices | DEBUG    | The index flav5 will be deleted.
2022-10-18 16:59:26,679 | autoeft.projection.prosmeftion.yProjection.indices | DEBUG    | The index flav1 will be deleted.
2022-10-18 16:59:26,679 | autoeft.projection.prosmeftion.yProjection.indices | DEBUG    | The index flav1 will be deleted.
2022-10-18 16:59:26,680 | autoeft.projection.prosmeftion.yProjection.indices | DEBUG    | The index flav3 will be deleted.
2022-10-18 16:59:26,681 | autoeft.projection.prosmeftion.yProjection.indices | DEBUG    | The index flav3 will be deleted.
2022-10-18 16:59:26,682 | autoeft.projection.prosmeftion.yProjection.indices | DEBUG    | The index flav2 will be deleted.
2022-10-18 16:59:26,683 | autoeft.projection.prosmeftion.yProjection.indices | DEBUG    | The index Uslgauge11 will be deleted.
2022-10-18 16:59:26,683 | autoeft.projection.prosmeftion.yProjection.indices | DEBUG    | The index Uslspin22 will be deleted.
2022-10-18 16:59:26,684 | autoeft.projection.prosmeftion.yProjection.operator | DEBUG    | Expression changed from Q(Lslspin22,gauge2,colf1,flav2) to Q(Lslspin22,gaugeF1I1,colfF1I1,flav2).
2022-10-18 16:59:26,684 | autoeft.projection.prosmeftion.yProjection.operator | DEBUG    | Expression changed from [u_C](Lslgauge11,colf1a,colf1b,flav5) to [u_C](Lslgauge11,colfF2I1,colfF2I2,flav5).
2022-10-18 16:59:26,685 | autoeft.projection.prosmeftion.yProjection.operator | DEBUG    | Expression changed from H(gauge1) to H(gaugeF3I1).
2022-10-18 16:59:26,685 | autoeft.projection.prosmeftion.yProjection.operator | DEBUG    | Expression changed from H(gauge1a) to H(gaugeF4I1).
2022-10-18 16:59:26,685 | autoeft.projection.prosmeftion.yProjection.operator | DEBUG    | Expression changed from [H+](gauge2a) to [H+](gaugeF5I1).
2022-10-18 16:59:26,686 | autoeft.projection.prosmeftion.yProjection.indices | DEBUG    | The index colfF1I1 will be deleted.
2022-10-18 16:59:26,686 | autoeft.projection.prosmeftion.yProjection.indices | DEBUG    | The index colfF2I1 will be deleted.
2022-10-18 16:59:26,686 | autoeft.projection.prosmeftion.yProjection.indices | DEBUG    | The index colfF2I2 will be deleted.
2022-10-18 16:59:26,687 | autoeft.projection.prosmeftion.yProjection.operator | DEBUG    | Expression changed from [su3eps](colf1,colf1a,colf1b) to [su3eps](colfF1I1,colfF2I1,colfF2I2).
2022-10-18 16:59:26,687 | autoeft.projection.prosmeftion.yProjection.operators | DEBUG    | The operator(s) [su3eps](colfF1I1,colfF2I1,colfF2I2) will be deleted.
2022-10-18 16:59:26,687 | autoeft.projection.prosmeftion.yProjection.indices | DEBUG    | The index colfF1I1 will be deleted.
2022-10-18 16:59:26,688 | autoeft.projection.prosmeftion.yProjection.indices | DEBUG    | The index colfF2I1 will be deleted.
2022-10-18 16:59:26,688 | autoeft.projection.prosmeftion.yProjection.indices | DEBUG    | The index colfF2I2 will be deleted.
2022-10-18 16:59:26,689 | autoeft.projection.prosmeftion.yProjection.operator | DEBUG    | Expression changed from [su3eps](colf1,colf1a,colf1b) to [su3eps](colfF1I1,colfF2I1,colfF2I2).
2022-10-18 16:59:26,689 | autoeft.projection.prosmeftion.yProjection.indices | DEBUG    | The index flav5 will be deleted.
2022-10-18 16:59:26,689 | autoeft.projection.prosmeftion.yProjection.indices | DEBUG    | The index flav1 will be deleted.
2022-10-18 16:59:26,690 | autoeft.projection.prosmeftion.yProjection.indices | DEBUG    | The index colfF1I1 will be deleted.
2022-10-18 16:59:26,690 | autoeft.projection.prosmeftion.yProjection.indices | DEBUG    | The index colfF2I1 will be deleted.
2022-10-18 16:59:26,690 | autoeft.projection.prosmeftion.yProjection.indices | DEBUG    | The index colfF2I2 will be deleted.
2022-10-18 16:59:26,691 | autoeft.projection.prosmeftion.yProjection.operator | DEBUG    | Expression changed from [su3eps](colf1,colf1a,colf1b) to [su3eps](colfF1I1,colfF2I1,colfF2I2).
2022-10-18 16:59:26,691 | autoeft.projection.prosmeftion.yProjection.indices | DEBUG    | The index flav1 will be deleted.
2022-10-18 16:59:26,691 | autoeft.projection.prosmeftion.yProjection.indices | DEBUG    | The index flav3 will be deleted.
2022-10-18 16:59:26,691 | autoeft.projection.prosmeftion.yProjection.indices | DEBUG    | The index colfF1I1 will be deleted.
2022-10-18 16:59:26,692 | autoeft.projection.prosmeftion.yProjection.indices | DEBUG    | The index colfF2I1 will be deleted.
2022-10-18 16:59:26,692 | autoeft.projection.prosmeftion.yProjection.indices | DEBUG    | The index colfF2I2 will be deleted.
2022-10-18 16:59:26,692 | autoeft.projection.prosmeftion.yProjection.operator | DEBUG    | Expression changed from [su3eps](colf1,colf1a,colf1b) to [su3eps](colfF1I1,colfF2I1,colfF2I2).
2022-10-18 16:59:26,693 | autoeft.projection.prosmeftion.yProjection.indices | DEBUG    | The index flav3 will be deleted.
2022-10-18 16:59:26,693 | autoeft.projection.prosmeftion.yProjection.indices | DEBUG    | The index flav2 will be deleted.
2022-10-18 16:59:26,693 | autoeft.projection.prosmeftion.yProjection.indices | DEBUG    | The index colfF1I1 will be deleted.
2022-10-18 16:59:26,694 | autoeft.projection.prosmeftion.yProjection.indices | DEBUG    | The index colfF2I1 will be deleted.
2022-10-18 16:59:26,694 | autoeft.projection.prosmeftion.yProjection.indices | DEBUG    | The index colfF2I2 will be deleted.
2022-10-18 16:59:26,694 | autoeft.projection.prosmeftion.yProjection.operator | DEBUG    | Expression changed from [su3eps](colf1,colf1a,colf1b) to [su3eps](colfF1I1,colfF2I1,colfF2I2).
2022-10-18 16:59:26,694 | autoeft.projection.prosmeftion.yProjection.indices | DEBUG    | The index gaugeF1I1 will be deleted.
2022-10-18 16:59:26,695 | autoeft.projection.prosmeftion.yProjection.indices | DEBUG    | The index gaugeF5I1 will be deleted.
2022-10-18 16:59:26,695 | autoeft.projection.prosmeftion.yProjection.operator | DEBUG    | Expression changed from [su2eps](gauge2,gauge2a) to [su2eps](gaugeF1I1,gaugeF5I1).
2022-10-18 16:59:26,695 | autoeft.projection.prosmeftion.yProjection.indices | DEBUG    | The index colfF1I1 will be deleted.
2022-10-18 16:59:26,695 | autoeft.projection.prosmeftion.yProjection.indices | DEBUG    | The index colfF2I1 will be deleted.
2022-10-18 16:59:26,696 | autoeft.projection.prosmeftion.yProjection.indices | DEBUG    | The index colfF2I2 will be deleted.
2022-10-18 16:59:26,696 | autoeft.projection.prosmeftion.yProjection.operator | DEBUG    | Expression changed from [su3eps](colf1,colf1a,colf1b) to [su3eps](colfF1I1,colfF2I1,colfF2I2).
2022-10-18 16:59:26,696 | autoeft.projection.prosmeftion.yProjection.indices | DEBUG    | The index gaugeF4I1 will be deleted.
2022-10-18 16:59:26,697 | autoeft.projection.prosmeftion.yProjection.indices | DEBUG    | The index gaugeF3I1 will be deleted.
2022-10-18 16:59:26,697 | autoeft.projection.prosmeftion.yProjection.operator | DEBUG    | Expression changed from [su2eps](gauge1,gauge1a) to [su2eps](gaugeF4I1,gaugeF3I1).
2022-10-18 16:59:26,697 | autoeft.projection.prosmeftion.yProjection.indices | DEBUG    | The index colfF1I1 will be deleted.
2022-10-18 16:59:26,698 | autoeft.projection.prosmeftion.yProjection.indices | DEBUG    | The index colfF2I1 will be deleted.
2022-10-18 16:59:26,698 | autoeft.projection.prosmeftion.yProjection.indices | DEBUG    | The index colfF2I2 will be deleted.
2022-10-18 16:59:26,698 | autoeft.projection.prosmeftion.yProjection.operator | DEBUG    | Expression changed from [su3eps](colf1,colf1a,colf1b) to [su3eps](colfF1I1,colfF2I1,colfF2I2).
2022-10-18 16:59:26,698 | autoeft.projection.prosmeftion.yProjection.indices | DEBUG    | The index colfF1I1 will be deleted.
2022-10-18 16:59:26,699 | autoeft.projection.prosmeftion.yProjection.indices | DEBUG    | The index colfF2I1 will be deleted.
2022-10-18 16:59:26,699 | autoeft.projection.prosmeftion.yProjection.indices | DEBUG    | The index colfF2I2 will be deleted.
2022-10-18 16:59:26,700 | autoeft.projection.prosmeftion.yProjection.operator | DEBUG    | Expression changed from [su3eps](colf1,colf1a,colf1b) to [su3eps](colfF1I1,colfF2I1,colfF2I2).
2022-10-18 16:59:26,701 | autoeft.projection.prosmeftion.yProjection.indices | DEBUG    | The index gaugeF1I1 will be deleted.
2022-10-18 16:59:26,701 | autoeft.projection.prosmeftion.yProjection.indices | DEBUG    | The index gaugeF5I1 will be deleted.
2022-10-18 16:59:26,701 | autoeft.projection.prosmeftion.yProjection.operator | DEBUG    | Expression changed from [su2eps](gauge2,gauge2a) to [su2eps](gaugeF1I1,gaugeF5I1).
2022-10-18 16:59:26,702 | autoeft.projection.prosmeftion.yProjection.indices | DEBUG    | The index gaugeF4I1 will be deleted.
2022-10-18 16:59:26,702 | autoeft.projection.prosmeftion.yProjection.indices | DEBUG    | The index gaugeF3I1 will be deleted.
2022-10-18 16:59:26,703 | autoeft.projection.prosmeftion.yProjection.operator | DEBUG    | Expression changed from [su2eps](gauge1,gauge1a) to [su2eps](gaugeF4I1,gaugeF3I1).
2022-10-18 16:59:26,703 | autoeft.projection.prosmeftion.yProjection.operators | DEBUG    | The operator(s) [su2eps](gaugeF1I1,gaugeF5I1)*[su2eps](gaugeF4I1,gaugeF3I1) will be deleted.
2022-10-18 16:59:26,704 | autoeft.projection.prosmeftion.yProjection.indices | DEBUG    | The index gaugeF1I1 will be deleted.
2022-10-18 16:59:26,705 | autoeft.projection.prosmeftion.yProjection.indices | DEBUG    | The index gaugeF5I1 will be deleted.
2022-10-18 16:59:26,705 | autoeft.projection.prosmeftion.yProjection.operator | DEBUG    | Expression changed from [su2eps](gauge2,gauge2a) to [su2eps](gaugeF1I1,gaugeF5I1).
2022-10-18 16:59:26,706 | autoeft.projection.prosmeftion.yProjection.indices | DEBUG    | The index flav5 will be deleted.
2022-10-18 16:59:26,706 | autoeft.projection.prosmeftion.yProjection.indices | DEBUG    | The index flav1 will be deleted.
2022-10-18 16:59:26,706 | autoeft.projection.prosmeftion.yProjection.indices | DEBUG    | The index gaugeF1I1 will be deleted.
2022-10-18 16:59:26,707 | autoeft.projection.prosmeftion.yProjection.indices | DEBUG    | The index gaugeF5I1 will be deleted.
2022-10-18 16:59:26,707 | autoeft.projection.prosmeftion.yProjection.operator | DEBUG    | Expression changed from [su2eps](gauge2,gauge2a) to [su2eps](gaugeF1I1,gaugeF5I1).
2022-10-18 16:59:26,707 | autoeft.projection.prosmeftion.yProjection.indices | DEBUG    | The index flav1 will be deleted.
2022-10-18 16:59:26,707 | autoeft.projection.prosmeftion.yProjection.indices | DEBUG    | The index flav3 will be deleted.
2022-10-18 16:59:26,708 | autoeft.projection.prosmeftion.yProjection.indices | DEBUG    | The index gaugeF1I1 will be deleted.
2022-10-18 16:59:26,708 | autoeft.projection.prosmeftion.yProjection.indices | DEBUG    | The index gaugeF5I1 will be deleted.
2022-10-18 16:59:26,709 | autoeft.projection.prosmeftion.yProjection.operator | DEBUG    | Expression changed from [su2eps](gauge2,gauge2a) to [su2eps](gaugeF1I1,gaugeF5I1).
2022-10-18 16:59:26,709 | autoeft.projection.prosmeftion.yProjection.indices | DEBUG    | The index flav3 will be deleted.
2022-10-18 16:59:26,709 | autoeft.projection.prosmeftion.yProjection.indices | DEBUG    | The index flav2 will be deleted.
2022-10-18 16:59:26,710 | autoeft.projection.prosmeftion.yProjection.indices | DEBUG    | The index gaugeF1I1 will be deleted.
2022-10-18 16:59:26,710 | autoeft.projection.prosmeftion.yProjection.indices | DEBUG    | The index gaugeF5I1 will be deleted.
2022-10-18 16:59:26,711 | autoeft.projection.prosmeftion.yProjection.operator | DEBUG    | Expression changed from [su2eps](gauge2,gauge2a) to [su2eps](gaugeF1I1,gaugeF5I1).
2022-10-18 16:59:26,711 | autoeft.projection.prosmeftion.yProjection.indices | DEBUG    | The index gaugeF1I1 will be deleted.
2022-10-18 16:59:26,711 | autoeft.projection.prosmeftion.yProjection.indices | DEBUG    | The index gaugeF5I1 will be deleted.
2022-10-18 16:59:26,712 | autoeft.projection.prosmeftion.yProjection.operator | DEBUG    | Expression changed from [su2eps](gauge2,gauge2a) to [su2eps](gaugeF1I1,gaugeF5I1).
2022-10-18 16:59:26,712 | autoeft.projection.prosmeftion.yProjection.indices | DEBUG    | The index gaugeF4I1 will be deleted.
2022-10-18 16:59:26,713 | autoeft.projection.prosmeftion.yProjection.indices | DEBUG    | The index gaugeF3I1 will be deleted.
2022-10-18 16:59:26,713 | autoeft.projection.prosmeftion.yProjection.operator | DEBUG    | Expression changed from [su2eps](gauge1,gauge1a) to [su2eps](gaugeF4I1,gaugeF3I1).
2022-10-18 16:59:26,713 | autoeft.projection.prosmeftion.yProjection.indices | DEBUG    | The index flav5 will be deleted.
2022-10-18 16:59:26,714 | autoeft.projection.prosmeftion.yProjection.indices | DEBUG    | The index flav1 will be deleted.
2022-10-18 16:59:26,714 | autoeft.projection.prosmeftion.yProjection.indices | DEBUG    | The index gaugeF4I1 will be deleted.
2022-10-18 16:59:26,714 | autoeft.projection.prosmeftion.yProjection.indices | DEBUG    | The index gaugeF3I1 will be deleted.
2022-10-18 16:59:26,715 | autoeft.projection.prosmeftion.yProjection.operator | DEBUG    | Expression changed from [su2eps](gauge1,gauge1a) to [su2eps](gaugeF4I1,gaugeF3I1).
2022-10-18 16:59:26,716 | autoeft.projection.prosmeftion.yProjection.indices | DEBUG    | The index flav1 will be deleted.
2022-10-18 16:59:26,716 | autoeft.projection.prosmeftion.yProjection.indices | DEBUG    | The index flav3 will be deleted.
2022-10-18 16:59:26,717 | autoeft.projection.prosmeftion.yProjection.indices | DEBUG    | The index gaugeF4I1 will be deleted.
2022-10-18 16:59:26,717 | autoeft.projection.prosmeftion.yProjection.indices | DEBUG    | The index gaugeF3I1 will be deleted.
2022-10-18 16:59:26,718 | autoeft.projection.prosmeftion.yProjection.operator | DEBUG    | Expression changed from [su2eps](gauge1,gauge1a) to [su2eps](gaugeF4I1,gaugeF3I1).
2022-10-18 16:59:26,718 | autoeft.projection.prosmeftion.yProjection.indices | DEBUG    | The index flav3 will be deleted.
2022-10-18 16:59:26,719 | autoeft.projection.prosmeftion.yProjection.indices | DEBUG    | The index flav2 will be deleted.
2022-10-18 16:59:26,719 | autoeft.projection.prosmeftion.yProjection.indices | DEBUG    | The index gaugeF4I1 will be deleted.
2022-10-18 16:59:26,719 | autoeft.projection.prosmeftion.yProjection.indices | DEBUG    | The index gaugeF3I1 will be deleted.
2022-10-18 16:59:26,720 | autoeft.projection.prosmeftion.yProjection.operator | DEBUG    | Expression changed from [su2eps](gauge1,gauge1a) to [su2eps](gaugeF4I1,gaugeF3I1).
2022-10-18 16:59:26,720 | autoeft.projection.prosmeftion.yProjection.indices | DEBUG    | The index gaugeF4I1 will be deleted.
2022-10-18 16:59:26,721 | autoeft.projection.prosmeftion.yProjection.indices | DEBUG    | The index gaugeF3I1 will be deleted.
2022-10-18 16:59:26,723 | autoeft.projection.prosmeftion.yProjection.operator | DEBUG    | Expression changed from [su2eps](gauge1,gauge1a) to [su2eps](gaugeF4I1,gaugeF3I1).
2022-10-18 16:59:26,726 | autoeft.projection.prosmeftion.yProjection.indices | DEBUG    | The index flav5 will be deleted.
2022-10-18 16:59:26,728 | autoeft.projection.prosmeftion.yProjection.indices | DEBUG    | The index flav1 will be deleted.
2022-10-18 16:59:26,730 | autoeft.projection.prosmeftion.yProjection.indices | DEBUG    | The index flav1 will be deleted.
2022-10-18 16:59:26,731 | autoeft.projection.prosmeftion.yProjection.indices | DEBUG    | The index flav3 will be deleted.
2022-10-18 16:59:26,732 | autoeft.projection.prosmeftion.yProjection.indices | DEBUG    | The index flav3 will be deleted.
2022-10-18 16:59:26,733 | autoeft.projection.prosmeftion.yProjection.indices | DEBUG    | The index flav2 will be deleted.
2022-10-18 16:59:26,734 | autoeft.projection.prosmeftion.yProjection.indices | DEBUG    | The index Uslgauge11 will be deleted.
2022-10-18 16:59:26,734 | autoeft.projection.prosmeftion.yProjection.indices | DEBUG    | The index Uslspin22 will be deleted.
2022-10-18 16:59:26,735 | autoeft.projection.prosmeftion.yProjection.operator | DEBUG    | Expression changed from Q(Lslspin22,gauge2,colf1,flav2) to Q(Lslspin22,gaugeF1I1,colfF1I1,flav2).
2022-10-18 16:59:26,736 | autoeft.projection.prosmeftion.yProjection.operator | DEBUG    | Expression changed from [u_C](Lslgauge11,colf1a,colf1b,flav5) to [u_C](Lslgauge11,colfF2I1,colfF2I2,flav5).
2022-10-18 16:59:26,736 | autoeft.projection.prosmeftion.yProjection.operator | DEBUG    | Expression changed from H(gauge1a) to H(gaugeF3I1).
2022-10-18 16:59:26,737 | autoeft.projection.prosmeftion.yProjection.operator | DEBUG    | Expression changed from H(gauge1) to H(gaugeF4I1).
2022-10-18 16:59:26,737 | autoeft.projection.prosmeftion.yProjection.operator | DEBUG    | Expression changed from [H+](gauge2a) to [H+](gaugeF5I1).
2022-10-18 16:59:26,738 | autoeft.projection.prosmeftion.sun_projection | INFO     | Substitute SUN projection tensors in Q0uC0H0H0H+0, Q0uC0H0H0H+0 of type Q0uC0H0H0H+0.
2022-10-18 16:59:26,804 | autoeft.projection.prosmeftion | DEBUG    | form -p /mnt/c/Users/jakob/OneDrive - Students RWTH Aachen University/Physik/9Physik/ws21/Masterthesis/autoeft/projection/form_files/general Q0uC0H0H0H+0.frm
2022-10-18 16:59:26,867 | autoeft.projection.prosmeftion | DEBUG    | form -p /mnt/c/Users/jakob/OneDrive - Students RWTH Aachen University/Physik/9Physik/ws21/Masterthesis/autoeft/projection/form_files/general term_read.frm
2022-10-18 16:59:26,873 | autoeft.projection.prosmeftion.yProjection.indices | DEBUG    | The index Uslspin22 will be rewritten with Uslspin22.
2022-10-18 16:59:26,874 | autoeft.projection.prosmeftion.yProjection.indices | DEBUG    | The index Lslspin22 will be rewritten with Lslspin22.
2022-10-18 16:59:26,874 | autoeft.projection.prosmeftion.yProjection.indices | DEBUG    | The index gaugeF1I1 will be rewritten with gaugeF1I1.
2022-10-18 16:59:26,875 | autoeft.projection.prosmeftion.yProjection.indices | DEBUG    | The index gaugeF1I1 will be rewritten with gaugeF1I1.
2022-10-18 16:59:26,877 | autoeft.projection.prosmeftion.yProjection.indices | DEBUG    | The index colfF1I1 will be rewritten with colfF1I1.
2022-10-18 16:59:26,877 | autoeft.projection.prosmeftion.yProjection.indices | DEBUG    | The index colfF1I1 will be rewritten with colfF1I1.
2022-10-18 16:59:26,878 | autoeft.projection.prosmeftion.yProjection.indices | DEBUG    | The index flav2 will be rewritten with flav2.
2022-10-18 16:59:26,878 | autoeft.projection.prosmeftion.yProjection.indices | DEBUG    | The index flav2 will be rewritten with flav2.
2022-10-18 16:59:26,879 | autoeft.projection.prosmeftion.yProjection.indices | DEBUG    | The index Uslgauge11 will be rewritten with Uslgauge11.
2022-10-18 16:59:26,879 | autoeft.projection.prosmeftion.yProjection.indices | DEBUG    | The index Lslgauge11 will be rewritten with Lslgauge11.
2022-10-18 16:59:26,880 | autoeft.projection.prosmeftion.yProjection.indices | DEBUG    | The index colfF2I1 will be rewritten with colfF2I1.
2022-10-18 16:59:26,881 | autoeft.projection.prosmeftion.yProjection.indices | DEBUG    | The index colfF2I1 will be rewritten with colfF2I1.
2022-10-18 16:59:26,882 | autoeft.projection.prosmeftion.yProjection.indices | DEBUG    | The index colfF2I2 will be rewritten with colfF2I2.
2022-10-18 16:59:26,883 | autoeft.projection.prosmeftion.yProjection.indices | DEBUG    | The index colfF2I2 will be rewritten with colfF2I2.
2022-10-18 16:59:26,884 | autoeft.projection.prosmeftion.yProjection.indices | DEBUG    | The index flav5 will be rewritten with flav5.
2022-10-18 16:59:26,884 | autoeft.projection.prosmeftion.yProjection.indices | DEBUG    | The index flav5 will be rewritten with flav5.
2022-10-18 16:59:26,885 | autoeft.projection.prosmeftion.yProjection.indices | DEBUG    | The index gaugeF3I1 will be rewritten with gaugeF3I1.
2022-10-18 16:59:26,885 | autoeft.projection.prosmeftion.yProjection.indices | DEBUG    | The index gaugeF3I1 will be rewritten with gaugeF3I1.
2022-10-18 16:59:26,886 | autoeft.projection.prosmeftion.yProjection.indices | DEBUG    | The index gaugeF4I1 will be rewritten with gaugeF4I1.
2022-10-18 16:59:26,887 | autoeft.projection.prosmeftion.yProjection.indices | DEBUG    | The index gaugeF4I1 will be rewritten with gaugeF4I1.
2022-10-18 16:59:26,888 | autoeft.projection.prosmeftion.yProjection.indices | DEBUG    | The index gaugeF5I1 will be rewritten with gaugeF5I1.
2022-10-18 16:59:26,889 | autoeft.projection.prosmeftion.yProjection.indices | DEBUG    | The index gaugeF5I1 will be rewritten with gaugeF5I1.
2022-10-18 16:59:26,890 | autoeft.projection.prosmeftion.yProjection.indices | DEBUG    | The index colfF1I1 will be deleted.
2022-10-18 16:59:26,891 | autoeft.projection.prosmeftion.yProjection.indices | DEBUG    | The index colfF2I1 will be deleted.
2022-10-18 16:59:26,891 | autoeft.projection.prosmeftion.yProjection.indices | DEBUG    | The index colfF2I2 will be deleted.
2022-10-18 16:59:26,891 | autoeft.projection.prosmeftion.yProjection.operator | DEBUG    | Expression changed from [su3eps](colf1,colf1a,colf1b) to [su3eps](colfF1I1,colfF2I1,colfF2I2).
2022-10-18 16:59:26,892 | autoeft.projection.prosmeftion.yProjection.operators | DEBUG    | The operator(s) [su3eps](colfF1I1,colfF2I1,colfF2I2) will be deleted.
2022-10-18 16:59:26,892 | autoeft.projection.prosmeftion.yProjection.indices | DEBUG    | The index colfF1I1 will be deleted.
2022-10-18 16:59:26,893 | autoeft.projection.prosmeftion.yProjection.indices | DEBUG    | The index colfF2I1 will be deleted.
2022-10-18 16:59:26,893 | autoeft.projection.prosmeftion.yProjection.indices | DEBUG    | The index colfF2I2 will be deleted.
2022-10-18 16:59:26,894 | autoeft.projection.prosmeftion.yProjection.operator | DEBUG    | Expression changed from [su3eps](colf1,colf1a,colf1b) to [su3eps](colfF1I1,colfF2I1,colfF2I2).
2022-10-18 16:59:26,894 | autoeft.projection.prosmeftion.yProjection.indices | DEBUG    | The index flav1 will be deleted.
2022-10-18 16:59:26,894 | autoeft.projection.prosmeftion.yProjection.indices | DEBUG    | The index flav3 will be deleted.
2022-10-18 16:59:26,895 | autoeft.projection.prosmeftion.yProjection.indices | DEBUG    | The index colfF1I1 will be deleted.
2022-10-18 16:59:26,895 | autoeft.projection.prosmeftion.yProjection.indices | DEBUG    | The index colfF2I1 will be deleted.
2022-10-18 16:59:26,896 | autoeft.projection.prosmeftion.yProjection.indices | DEBUG    | The index colfF2I2 will be deleted.
2022-10-18 16:59:26,896 | autoeft.projection.prosmeftion.yProjection.operator | DEBUG    | Expression changed from [su3eps](colf1,colf1a,colf1b) to [su3eps](colfF1I1,colfF2I1,colfF2I2).
2022-10-18 16:59:26,896 | autoeft.projection.prosmeftion.yProjection.indices | DEBUG    | The index flav5 will be deleted.
2022-10-18 16:59:26,897 | autoeft.projection.prosmeftion.yProjection.indices | DEBUG    | The index flav1 will be deleted.
2022-10-18 16:59:26,897 | autoeft.projection.prosmeftion.yProjection.indices | DEBUG    | The index colfF1I1 will be deleted.
2022-10-18 16:59:26,898 | autoeft.projection.prosmeftion.yProjection.indices | DEBUG    | The index colfF2I1 will be deleted.
2022-10-18 16:59:26,898 | autoeft.projection.prosmeftion.yProjection.indices | DEBUG    | The index colfF2I2 will be deleted.
2022-10-18 16:59:26,898 | autoeft.projection.prosmeftion.yProjection.operator | DEBUG    | Expression changed from [su3eps](colf1,colf1a,colf1b) to [su3eps](colfF1I1,colfF2I1,colfF2I2).
2022-10-18 16:59:26,899 | autoeft.projection.prosmeftion.yProjection.indices | DEBUG    | The index flav3 will be deleted.
2022-10-18 16:59:26,899 | autoeft.projection.prosmeftion.yProjection.indices | DEBUG    | The index flav2 will be deleted.
2022-10-18 16:59:26,899 | autoeft.projection.prosmeftion.yProjection.indices | DEBUG    | The index colfF1I1 will be deleted.
2022-10-18 16:59:26,900 | autoeft.projection.prosmeftion.yProjection.indices | DEBUG    | The index colfF2I1 will be deleted.
2022-10-18 16:59:26,900 | autoeft.projection.prosmeftion.yProjection.indices | DEBUG    | The index colfF2I2 will be deleted.
2022-10-18 16:59:26,900 | autoeft.projection.prosmeftion.yProjection.operator | DEBUG    | Expression changed from [su3eps](colf1,colf1a,colf1b) to [su3eps](colfF1I1,colfF2I1,colfF2I2).
2022-10-18 16:59:26,901 | autoeft.projection.prosmeftion.yProjection.indices | DEBUG    | The index gaugeF1I1 will be deleted.
2022-10-18 16:59:26,901 | autoeft.projection.prosmeftion.yProjection.indices | DEBUG    | The index gaugeF4I1 will be deleted.
2022-10-18 16:59:26,902 | autoeft.projection.prosmeftion.yProjection.operator | DEBUG    | Expression changed from [su2eps](gauge2,gauge2a) to [su2eps](gaugeF1I1,gaugeF4I1).
2022-10-18 16:59:26,903 | autoeft.projection.prosmeftion.yProjection.indices | DEBUG    | The index colfF1I1 will be deleted.
2022-10-18 16:59:26,903 | autoeft.projection.prosmeftion.yProjection.indices | DEBUG    | The index colfF2I1 will be deleted.
2022-10-18 16:59:26,904 | autoeft.projection.prosmeftion.yProjection.indices | DEBUG    | The index colfF2I2 will be deleted.
2022-10-18 16:59:26,904 | autoeft.projection.prosmeftion.yProjection.operator | DEBUG    | Expression changed from [su3eps](colf1,colf1a,colf1b) to [su3eps](colfF1I1,colfF2I1,colfF2I2).
2022-10-18 16:59:26,905 | autoeft.projection.prosmeftion.yProjection.indices | DEBUG    | The index gaugeF3I1 will be deleted.
2022-10-18 16:59:26,906 | autoeft.projection.prosmeftion.yProjection.indices | DEBUG    | The index gaugeF5I1 will be deleted.
2022-10-18 16:59:26,906 | autoeft.projection.prosmeftion.yProjection.operator | DEBUG    | Expression changed from [su2eps](gauge1,gauge1a) to [su2eps](gaugeF3I1,gaugeF5I1).
2022-10-18 16:59:26,907 | autoeft.projection.prosmeftion.yProjection.indices | DEBUG    | The index colfF1I1 will be deleted.
2022-10-18 16:59:26,907 | autoeft.projection.prosmeftion.yProjection.indices | DEBUG    | The index colfF2I1 will be deleted.
2022-10-18 16:59:26,907 | autoeft.projection.prosmeftion.yProjection.indices | DEBUG    | The index colfF2I2 will be deleted.
2022-10-18 16:59:26,908 | autoeft.projection.prosmeftion.yProjection.operator | DEBUG    | Expression changed from [su3eps](colf1,colf1a,colf1b) to [su3eps](colfF1I1,colfF2I1,colfF2I2).
2022-10-18 16:59:26,908 | autoeft.projection.prosmeftion.yProjection.indices | DEBUG    | The index colfF1I1 will be deleted.
2022-10-18 16:59:26,908 | autoeft.projection.prosmeftion.yProjection.indices | DEBUG    | The index colfF2I1 will be deleted.
2022-10-18 16:59:26,909 | autoeft.projection.prosmeftion.yProjection.indices | DEBUG    | The index colfF2I2 will be deleted.
2022-10-18 16:59:26,909 | autoeft.projection.prosmeftion.yProjection.operator | DEBUG    | Expression changed from [su3eps](colf1,colf1a,colf1b) to [su3eps](colfF1I1,colfF2I1,colfF2I2).
2022-10-18 16:59:26,910 | autoeft.projection.prosmeftion.yProjection.indices | DEBUG    | The index gaugeF1I1 will be deleted.
2022-10-18 16:59:26,910 | autoeft.projection.prosmeftion.yProjection.indices | DEBUG    | The index gaugeF4I1 will be deleted.
2022-10-18 16:59:26,910 | autoeft.projection.prosmeftion.yProjection.operator | DEBUG    | Expression changed from [su2eps](gauge2,gauge2a) to [su2eps](gaugeF1I1,gaugeF4I1).
2022-10-18 16:59:26,911 | autoeft.projection.prosmeftion.yProjection.indices | DEBUG    | The index gaugeF3I1 will be deleted.
2022-10-18 16:59:26,911 | autoeft.projection.prosmeftion.yProjection.indices | DEBUG    | The index gaugeF5I1 will be deleted.
2022-10-18 16:59:26,911 | autoeft.projection.prosmeftion.yProjection.operator | DEBUG    | Expression changed from [su2eps](gauge1,gauge1a) to [su2eps](gaugeF3I1,gaugeF5I1).
2022-10-18 16:59:26,912 | autoeft.projection.prosmeftion.yProjection.operators | DEBUG    | The operator(s) [su2eps](gaugeF1I1,gaugeF4I1)*[su2eps](gaugeF3I1,gaugeF5I1) will be deleted.
2022-10-18 16:59:26,912 | autoeft.projection.prosmeftion.yProjection.indices | DEBUG    | The index gaugeF1I1 will be deleted.
2022-10-18 16:59:26,913 | autoeft.projection.prosmeftion.yProjection.indices | DEBUG    | The index gaugeF4I1 will be deleted.
2022-10-18 16:59:26,913 | autoeft.projection.prosmeftion.yProjection.operator | DEBUG    | Expression changed from [su2eps](gauge2,gauge2a) to [su2eps](gaugeF1I1,gaugeF4I1).
2022-10-18 16:59:26,913 | autoeft.projection.prosmeftion.yProjection.indices | DEBUG    | The index flav1 will be deleted.
2022-10-18 16:59:26,914 | autoeft.projection.prosmeftion.yProjection.indices | DEBUG    | The index flav3 will be deleted.
2022-10-18 16:59:26,914 | autoeft.projection.prosmeftion.yProjection.indices | DEBUG    | The index gaugeF1I1 will be deleted.
2022-10-18 16:59:26,915 | autoeft.projection.prosmeftion.yProjection.indices | DEBUG    | The index gaugeF4I1 will be deleted.
2022-10-18 16:59:26,915 | autoeft.projection.prosmeftion.yProjection.operator | DEBUG    | Expression changed from [su2eps](gauge2,gauge2a) to [su2eps](gaugeF1I1,gaugeF4I1).
2022-10-18 16:59:26,915 | autoeft.projection.prosmeftion.yProjection.indices | DEBUG    | The index flav5 will be deleted.
2022-10-18 16:59:26,916 | autoeft.projection.prosmeftion.yProjection.indices | DEBUG    | The index flav1 will be deleted.
2022-10-18 16:59:26,916 | autoeft.projection.prosmeftion.yProjection.indices | DEBUG    | The index gaugeF1I1 will be deleted.
2022-10-18 16:59:26,917 | autoeft.projection.prosmeftion.yProjection.indices | DEBUG    | The index gaugeF4I1 will be deleted.
2022-10-18 16:59:26,917 | autoeft.projection.prosmeftion.yProjection.operator | DEBUG    | Expression changed from [su2eps](gauge2,gauge2a) to [su2eps](gaugeF1I1,gaugeF4I1).
2022-10-18 16:59:26,917 | autoeft.projection.prosmeftion.yProjection.indices | DEBUG    | The index flav3 will be deleted.
2022-10-18 16:59:26,918 | autoeft.projection.prosmeftion.yProjection.indices | DEBUG    | The index flav2 will be deleted.
2022-10-18 16:59:26,919 | autoeft.projection.prosmeftion.yProjection.indices | DEBUG    | The index gaugeF1I1 will be deleted.
2022-10-18 16:59:26,919 | autoeft.projection.prosmeftion.yProjection.indices | DEBUG    | The index gaugeF4I1 will be deleted.
2022-10-18 16:59:26,920 | autoeft.projection.prosmeftion.yProjection.operator | DEBUG    | Expression changed from [su2eps](gauge2,gauge2a) to [su2eps](gaugeF1I1,gaugeF4I1).
2022-10-18 16:59:26,920 | autoeft.projection.prosmeftion.yProjection.indices | DEBUG    | The index gaugeF1I1 will be deleted.
2022-10-18 16:59:26,921 | autoeft.projection.prosmeftion.yProjection.indices | DEBUG    | The index gaugeF4I1 will be deleted.
2022-10-18 16:59:26,921 | autoeft.projection.prosmeftion.yProjection.operator | DEBUG    | Expression changed from [su2eps](gauge2,gauge2a) to [su2eps](gaugeF1I1,gaugeF4I1).
2022-10-18 16:59:26,922 | autoeft.projection.prosmeftion.yProjection.indices | DEBUG    | The index gaugeF3I1 will be deleted.
2022-10-18 16:59:26,922 | autoeft.projection.prosmeftion.yProjection.indices | DEBUG    | The index gaugeF5I1 will be deleted.
2022-10-18 16:59:26,923 | autoeft.projection.prosmeftion.yProjection.operator | DEBUG    | Expression changed from [su2eps](gauge1,gauge1a) to [su2eps](gaugeF3I1,gaugeF5I1).
2022-10-18 16:59:26,923 | autoeft.projection.prosmeftion.yProjection.indices | DEBUG    | The index flav1 will be deleted.
2022-10-18 16:59:26,924 | autoeft.projection.prosmeftion.yProjection.indices | DEBUG    | The index flav3 will be deleted.
2022-10-18 16:59:26,924 | autoeft.projection.prosmeftion.yProjection.indices | DEBUG    | The index gaugeF3I1 will be deleted.
2022-10-18 16:59:26,925 | autoeft.projection.prosmeftion.yProjection.indices | DEBUG    | The index gaugeF5I1 will be deleted.
2022-10-18 16:59:26,925 | autoeft.projection.prosmeftion.yProjection.operator | DEBUG    | Expression changed from [su2eps](gauge1,gauge1a) to [su2eps](gaugeF3I1,gaugeF5I1).
2022-10-18 16:59:26,926 | autoeft.projection.prosmeftion.yProjection.indices | DEBUG    | The index flav5 will be deleted.
2022-10-18 16:59:26,926 | autoeft.projection.prosmeftion.yProjection.indices | DEBUG    | The index flav1 will be deleted.
2022-10-18 16:59:26,927 | autoeft.projection.prosmeftion.yProjection.indices | DEBUG    | The index gaugeF3I1 will be deleted.
2022-10-18 16:59:26,927 | autoeft.projection.prosmeftion.yProjection.indices | DEBUG    | The index gaugeF5I1 will be deleted.
2022-10-18 16:59:26,933 | autoeft.projection.prosmeftion.yProjection.operator | DEBUG    | Expression changed from [su2eps](gauge1,gauge1a) to [su2eps](gaugeF3I1,gaugeF5I1).
2022-10-18 16:59:26,935 | autoeft.projection.prosmeftion.yProjection.indices | DEBUG    | The index flav3 will be deleted.
2022-10-18 16:59:26,935 | autoeft.projection.prosmeftion.yProjection.indices | DEBUG    | The index flav2 will be deleted.
2022-10-18 16:59:26,936 | autoeft.projection.prosmeftion.yProjection.indices | DEBUG    | The index gaugeF3I1 will be deleted.
2022-10-18 16:59:26,936 | autoeft.projection.prosmeftion.yProjection.indices | DEBUG    | The index gaugeF5I1 will be deleted.
2022-10-18 16:59:26,936 | autoeft.projection.prosmeftion.yProjection.operator | DEBUG    | Expression changed from [su2eps](gauge1,gauge1a) to [su2eps](gaugeF3I1,gaugeF5I1).
2022-10-18 16:59:26,937 | autoeft.projection.prosmeftion.yProjection.indices | DEBUG    | The index gaugeF3I1 will be deleted.
2022-10-18 16:59:26,937 | autoeft.projection.prosmeftion.yProjection.indices | DEBUG    | The index gaugeF5I1 will be deleted.
2022-10-18 16:59:26,938 | autoeft.projection.prosmeftion.yProjection.operator | DEBUG    | Expression changed from [su2eps](gauge1,gauge1a) to [su2eps](gaugeF3I1,gaugeF5I1).
2022-10-18 16:59:26,938 | autoeft.projection.prosmeftion.yProjection.indices | DEBUG    | The index flav1 will be deleted.
2022-10-18 16:59:26,939 | autoeft.projection.prosmeftion.yProjection.indices | DEBUG    | The index flav3 will be deleted.
2022-10-18 16:59:26,939 | autoeft.projection.prosmeftion.yProjection.indices | DEBUG    | The index flav5 will be deleted.
2022-10-18 16:59:26,940 | autoeft.projection.prosmeftion.yProjection.indices | DEBUG    | The index flav1 will be deleted.
2022-10-18 16:59:26,940 | autoeft.projection.prosmeftion.yProjection.indices | DEBUG    | The index flav3 will be deleted.
2022-10-18 16:59:26,940 | autoeft.projection.prosmeftion.yProjection.indices | DEBUG    | The index flav2 will be deleted.
2022-10-18 16:59:26,941 | autoeft.projection.prosmeftion.yProjection.indices | DEBUG    | The index Uslgauge11 will be deleted.
2022-10-18 16:59:26,941 | autoeft.projection.prosmeftion.yProjection.indices | DEBUG    | The index Uslspin22 will be deleted.
2022-10-18 16:59:26,942 | autoeft.projection.prosmeftion.yProjection.operator | DEBUG    | Expression changed from Q(Lslspin22,gauge2,colf1,flav2) to Q(Lslspin22,gaugeF1I1,colfF1I1,flav2).
2022-10-18 16:59:26,942 | autoeft.projection.prosmeftion.yProjection.operator | DEBUG    | Expression changed from [d_C](Lslgauge11,colf1a,colf1b,flav5) to [d_C](Lslgauge11,colfF2I1,colfF2I2,flav5).
2022-10-18 16:59:26,943 | autoeft.projection.prosmeftion.yProjection.operator | DEBUG    | Expression changed from H(gauge1) to H(gaugeF3I1).
2022-10-18 16:59:26,943 | autoeft.projection.prosmeftion.yProjection.operator | DEBUG    | Expression changed from [H+](gauge2a) to [H+](gaugeF4I1).
2022-10-18 16:59:26,944 | autoeft.projection.prosmeftion.yProjection.operator | DEBUG    | Expression changed from [H+](gauge1a) to [H+](gaugeF5I1).
2022-10-18 16:59:26,944 | autoeft.projection.prosmeftion.yProjection.indices | DEBUG    | The index colfF1I1 will be deleted.
2022-10-18 16:59:26,945 | autoeft.projection.prosmeftion.yProjection.indices | DEBUG    | The index colfF2I1 will be deleted.
2022-10-18 16:59:26,945 | autoeft.projection.prosmeftion.yProjection.indices | DEBUG    | The index colfF2I2 will be deleted.
2022-10-18 16:59:26,945 | autoeft.projection.prosmeftion.yProjection.operator | DEBUG    | Expression changed from [su3eps](colf1,colf1a,colf1b) to [su3eps](colfF1I1,colfF2I1,colfF2I2).
2022-10-18 16:59:26,946 | autoeft.projection.prosmeftion.yProjection.operators | DEBUG    | The operator(s) [su3eps](colfF1I1,colfF2I1,colfF2I2) will be deleted.
2022-10-18 16:59:26,946 | autoeft.projection.prosmeftion.yProjection.indices | DEBUG    | The index colfF1I1 will be deleted.
2022-10-18 16:59:26,946 | autoeft.projection.prosmeftion.yProjection.indices | DEBUG    | The index colfF2I1 will be deleted.
2022-10-18 16:59:26,947 | autoeft.projection.prosmeftion.yProjection.indices | DEBUG    | The index colfF2I2 will be deleted.
2022-10-18 16:59:26,947 | autoeft.projection.prosmeftion.yProjection.operator | DEBUG    | Expression changed from [su3eps](colf1,colf1a,colf1b) to [su3eps](colfF1I1,colfF2I1,colfF2I2).
2022-10-18 16:59:26,948 | autoeft.projection.prosmeftion.yProjection.indices | DEBUG    | The index flav1 will be deleted.
2022-10-18 16:59:26,948 | autoeft.projection.prosmeftion.yProjection.indices | DEBUG    | The index flav3 will be deleted.
2022-10-18 16:59:26,949 | autoeft.projection.prosmeftion.yProjection.indices | DEBUG    | The index colfF1I1 will be deleted.
2022-10-18 16:59:26,949 | autoeft.projection.prosmeftion.yProjection.indices | DEBUG    | The index colfF2I1 will be deleted.
2022-10-18 16:59:26,949 | autoeft.projection.prosmeftion.yProjection.indices | DEBUG    | The index colfF2I2 will be deleted.
2022-10-18 16:59:26,950 | autoeft.projection.prosmeftion.yProjection.operator | DEBUG    | Expression changed from [su3eps](colf1,colf1a,colf1b) to [su3eps](colfF1I1,colfF2I1,colfF2I2).
2022-10-18 16:59:26,950 | autoeft.projection.prosmeftion.yProjection.indices | DEBUG    | The index flav5 will be deleted.
2022-10-18 16:59:26,951 | autoeft.projection.prosmeftion.yProjection.indices | DEBUG    | The index flav1 will be deleted.
2022-10-18 16:59:26,951 | autoeft.projection.prosmeftion.yProjection.indices | DEBUG    | The index colfF1I1 will be deleted.
2022-10-18 16:59:26,952 | autoeft.projection.prosmeftion.yProjection.indices | DEBUG    | The index colfF2I1 will be deleted.
2022-10-18 16:59:26,952 | autoeft.projection.prosmeftion.yProjection.indices | DEBUG    | The index colfF2I2 will be deleted.
2022-10-18 16:59:26,953 | autoeft.projection.prosmeftion.yProjection.operator | DEBUG    | Expression changed from [su3eps](colf1,colf1a,colf1b) to [su3eps](colfF1I1,colfF2I1,colfF2I2).
2022-10-18 16:59:26,954 | autoeft.projection.prosmeftion.yProjection.indices | DEBUG    | The index flav3 will be deleted.
2022-10-18 16:59:26,960 | autoeft.projection.prosmeftion.yProjection.indices | DEBUG    | The index flav2 will be deleted.
2022-10-18 16:59:26,961 | autoeft.projection.prosmeftion.yProjection.indices | DEBUG    | The index colfF1I1 will be deleted.
2022-10-18 16:59:26,961 | autoeft.projection.prosmeftion.yProjection.indices | DEBUG    | The index colfF2I1 will be deleted.
2022-10-18 16:59:26,962 | autoeft.projection.prosmeftion.yProjection.indices | DEBUG    | The index colfF2I2 will be deleted.
2022-10-18 16:59:26,962 | autoeft.projection.prosmeftion.yProjection.operator | DEBUG    | Expression changed from [su3eps](colf1,colf1a,colf1b) to [su3eps](colfF1I1,colfF2I1,colfF2I2).
2022-10-18 16:59:26,963 | autoeft.projection.prosmeftion.yProjection.indices | DEBUG    | The index gaugeF1I1 will be deleted.
2022-10-18 16:59:26,964 | autoeft.projection.prosmeftion.yProjection.indices | DEBUG    | The index gaugeF5I1 will be deleted.
2022-10-18 16:59:26,964 | autoeft.projection.prosmeftion.yProjection.operator | DEBUG    | Expression changed from [su2eps](gauge2,gauge2a) to [su2eps](gaugeF1I1,gaugeF5I1).
2022-10-18 16:59:26,965 | autoeft.projection.prosmeftion.yProjection.indices | DEBUG    | The index colfF1I1 will be deleted.
2022-10-18 16:59:26,965 | autoeft.projection.prosmeftion.yProjection.indices | DEBUG    | The index colfF2I1 will be deleted.
2022-10-18 16:59:26,966 | autoeft.projection.prosmeftion.yProjection.indices | DEBUG    | The index colfF2I2 will be deleted.
2022-10-18 16:59:26,967 | autoeft.projection.prosmeftion.yProjection.operator | DEBUG    | Expression changed from [su3eps](colf1,colf1a,colf1b) to [su3eps](colfF1I1,colfF2I1,colfF2I2).
2022-10-18 16:59:26,967 | autoeft.projection.prosmeftion.yProjection.indices | DEBUG    | The index gaugeF3I1 will be deleted.
2022-10-18 16:59:26,968 | autoeft.projection.prosmeftion.yProjection.indices | DEBUG    | The index gaugeF4I1 will be deleted.
2022-10-18 16:59:26,968 | autoeft.projection.prosmeftion.yProjection.operator | DEBUG    | Expression changed from [su2eps](gauge1,gauge1a) to [su2eps](gaugeF3I1,gaugeF4I1).
2022-10-18 16:59:26,968 | autoeft.projection.prosmeftion.yProjection.indices | DEBUG    | The index colfF1I1 will be deleted.
2022-10-18 16:59:26,969 | autoeft.projection.prosmeftion.yProjection.indices | DEBUG    | The index colfF2I1 will be deleted.
2022-10-18 16:59:26,969 | autoeft.projection.prosmeftion.yProjection.indices | DEBUG    | The index colfF2I2 will be deleted.
2022-10-18 16:59:26,969 | autoeft.projection.prosmeftion.yProjection.operator | DEBUG    | Expression changed from [su3eps](colf1,colf1a,colf1b) to [su3eps](colfF1I1,colfF2I1,colfF2I2).
2022-10-18 16:59:26,970 | autoeft.projection.prosmeftion.yProjection.indices | DEBUG    | The index colfF1I1 will be deleted.
2022-10-18 16:59:26,970 | autoeft.projection.prosmeftion.yProjection.indices | DEBUG    | The index colfF2I1 will be deleted.
2022-10-18 16:59:26,970 | autoeft.projection.prosmeftion.yProjection.indices | DEBUG    | The index colfF2I2 will be deleted.
2022-10-18 16:59:26,971 | autoeft.projection.prosmeftion.yProjection.operator | DEBUG    | Expression changed from [su3eps](colf1,colf1a,colf1b) to [su3eps](colfF1I1,colfF2I1,colfF2I2).
2022-10-18 16:59:26,972 | autoeft.projection.prosmeftion.yProjection.indices | DEBUG    | The index gaugeF1I1 will be deleted.
2022-10-18 16:59:26,972 | autoeft.projection.prosmeftion.yProjection.indices | DEBUG    | The index gaugeF5I1 will be deleted.
2022-10-18 16:59:26,973 | autoeft.projection.prosmeftion.yProjection.operator | DEBUG    | Expression changed from [su2eps](gauge2,gauge2a) to [su2eps](gaugeF1I1,gaugeF5I1).
2022-10-18 16:59:26,973 | autoeft.projection.prosmeftion.yProjection.indices | DEBUG    | The index gaugeF3I1 will be deleted.
2022-10-18 16:59:26,974 | autoeft.projection.prosmeftion.yProjection.indices | DEBUG    | The index gaugeF4I1 will be deleted.
2022-10-18 16:59:26,974 | autoeft.projection.prosmeftion.yProjection.operator | DEBUG    | Expression changed from [su2eps](gauge1,gauge1a) to [su2eps](gaugeF3I1,gaugeF4I1).
2022-10-18 16:59:26,974 | autoeft.projection.prosmeftion.yProjection.operators | DEBUG    | The operator(s) [su2eps](gaugeF1I1,gaugeF5I1)*[su2eps](gaugeF3I1,gaugeF4I1) will be deleted.
2022-10-18 16:59:26,975 | autoeft.projection.prosmeftion.yProjection.indices | DEBUG    | The index gaugeF1I1 will be deleted.
2022-10-18 16:59:26,976 | autoeft.projection.prosmeftion.yProjection.indices | DEBUG    | The index gaugeF5I1 will be deleted.
2022-10-18 16:59:26,976 | autoeft.projection.prosmeftion.yProjection.operator | DEBUG    | Expression changed from [su2eps](gauge2,gauge2a) to [su2eps](gaugeF1I1,gaugeF5I1).
2022-10-18 16:59:26,976 | autoeft.projection.prosmeftion.yProjection.indices | DEBUG    | The index flav1 will be deleted.
2022-10-18 16:59:26,977 | autoeft.projection.prosmeftion.yProjection.indices | DEBUG    | The index flav3 will be deleted.
2022-10-18 16:59:26,977 | autoeft.projection.prosmeftion.yProjection.indices | DEBUG    | The index gaugeF1I1 will be deleted.
2022-10-18 16:59:26,977 | autoeft.projection.prosmeftion.yProjection.indices | DEBUG    | The index gaugeF5I1 will be deleted.
2022-10-18 16:59:26,978 | autoeft.projection.prosmeftion.yProjection.operator | DEBUG    | Expression changed from [su2eps](gauge2,gauge2a) to [su2eps](gaugeF1I1,gaugeF5I1).
2022-10-18 16:59:26,978 | autoeft.projection.prosmeftion.yProjection.indices | DEBUG    | The index flav5 will be deleted.
2022-10-18 16:59:26,978 | autoeft.projection.prosmeftion.yProjection.indices | DEBUG    | The index flav1 will be deleted.
2022-10-18 16:59:26,979 | autoeft.projection.prosmeftion.yProjection.indices | DEBUG    | The index gaugeF1I1 will be deleted.
2022-10-18 16:59:26,979 | autoeft.projection.prosmeftion.yProjection.indices | DEBUG    | The index gaugeF5I1 will be deleted.
2022-10-18 16:59:26,980 | autoeft.projection.prosmeftion.yProjection.operator | DEBUG    | Expression changed from [su2eps](gauge2,gauge2a) to [su2eps](gaugeF1I1,gaugeF5I1).
2022-10-18 16:59:26,980 | autoeft.projection.prosmeftion.yProjection.indices | DEBUG    | The index flav3 will be deleted.
2022-10-18 16:59:26,980 | autoeft.projection.prosmeftion.yProjection.indices | DEBUG    | The index flav2 will be deleted.
2022-10-18 16:59:26,981 | autoeft.projection.prosmeftion.yProjection.indices | DEBUG    | The index gaugeF1I1 will be deleted.
2022-10-18 16:59:26,981 | autoeft.projection.prosmeftion.yProjection.indices | DEBUG    | The index gaugeF5I1 will be deleted.
2022-10-18 16:59:26,981 | autoeft.projection.prosmeftion.yProjection.operator | DEBUG    | Expression changed from [su2eps](gauge2,gauge2a) to [su2eps](gaugeF1I1,gaugeF5I1).
2022-10-18 16:59:26,982 | autoeft.projection.prosmeftion.yProjection.indices | DEBUG    | The index gaugeF1I1 will be deleted.
2022-10-18 16:59:26,982 | autoeft.projection.prosmeftion.yProjection.indices | DEBUG    | The index gaugeF5I1 will be deleted.
2022-10-18 16:59:26,983 | autoeft.projection.prosmeftion.yProjection.operator | DEBUG    | Expression changed from [su2eps](gauge2,gauge2a) to [su2eps](gaugeF1I1,gaugeF5I1).
2022-10-18 16:59:26,988 | autoeft.projection.prosmeftion.yProjection.indices | DEBUG    | The index gaugeF3I1 will be deleted.
2022-10-18 16:59:26,991 | autoeft.projection.prosmeftion.yProjection.indices | DEBUG    | The index gaugeF4I1 will be deleted.
2022-10-18 16:59:26,991 | autoeft.projection.prosmeftion.yProjection.operator | DEBUG    | Expression changed from [su2eps](gauge1,gauge1a) to [su2eps](gaugeF3I1,gaugeF4I1).
2022-10-18 16:59:26,992 | autoeft.projection.prosmeftion.yProjection.indices | DEBUG    | The index flav1 will be deleted.
2022-10-18 16:59:26,993 | autoeft.projection.prosmeftion.yProjection.indices | DEBUG    | The index flav3 will be deleted.
2022-10-18 16:59:26,995 | autoeft.projection.prosmeftion.yProjection.indices | DEBUG    | The index gaugeF3I1 will be deleted.
2022-10-18 16:59:26,995 | autoeft.projection.prosmeftion.yProjection.indices | DEBUG    | The index gaugeF4I1 will be deleted.
2022-10-18 16:59:26,996 | autoeft.projection.prosmeftion.yProjection.operator | DEBUG    | Expression changed from [su2eps](gauge1,gauge1a) to [su2eps](gaugeF3I1,gaugeF4I1).
2022-10-18 16:59:26,996 | autoeft.projection.prosmeftion.yProjection.indices | DEBUG    | The index flav5 will be deleted.
2022-10-18 16:59:26,997 | autoeft.projection.prosmeftion.yProjection.indices | DEBUG    | The index flav1 will be deleted.
2022-10-18 16:59:26,997 | autoeft.projection.prosmeftion.yProjection.indices | DEBUG    | The index gaugeF3I1 will be deleted.
2022-10-18 16:59:26,998 | autoeft.projection.prosmeftion.yProjection.indices | DEBUG    | The index gaugeF4I1 will be deleted.
2022-10-18 16:59:26,998 | autoeft.projection.prosmeftion.yProjection.operator | DEBUG    | Expression changed from [su2eps](gauge1,gauge1a) to [su2eps](gaugeF3I1,gaugeF4I1).
2022-10-18 16:59:26,999 | autoeft.projection.prosmeftion.yProjection.indices | DEBUG    | The index flav3 will be deleted.
2022-10-18 16:59:26,999 | autoeft.projection.prosmeftion.yProjection.indices | DEBUG    | The index flav2 will be deleted.
2022-10-18 16:59:27,000 | autoeft.projection.prosmeftion.yProjection.indices | DEBUG    | The index gaugeF3I1 will be deleted.
2022-10-18 16:59:27,000 | autoeft.projection.prosmeftion.yProjection.indices | DEBUG    | The index gaugeF4I1 will be deleted.
2022-10-18 16:59:27,001 | autoeft.projection.prosmeftion.yProjection.operator | DEBUG    | Expression changed from [su2eps](gauge1,gauge1a) to [su2eps](gaugeF3I1,gaugeF4I1).
2022-10-18 16:59:27,001 | autoeft.projection.prosmeftion.yProjection.indices | DEBUG    | The index gaugeF3I1 will be deleted.
2022-10-18 16:59:27,001 | autoeft.projection.prosmeftion.yProjection.indices | DEBUG    | The index gaugeF4I1 will be deleted.
2022-10-18 16:59:27,002 | autoeft.projection.prosmeftion.yProjection.operator | DEBUG    | Expression changed from [su2eps](gauge1,gauge1a) to [su2eps](gaugeF3I1,gaugeF4I1).
2022-10-18 16:59:27,002 | autoeft.projection.prosmeftion.yProjection.indices | DEBUG    | The index flav1 will be deleted.
2022-10-18 16:59:27,003 | autoeft.projection.prosmeftion.yProjection.indices | DEBUG    | The index flav3 will be deleted.
2022-10-18 16:59:27,004 | autoeft.projection.prosmeftion.yProjection.indices | DEBUG    | The index flav5 will be deleted.
2022-10-18 16:59:27,005 | autoeft.projection.prosmeftion.yProjection.indices | DEBUG    | The index flav1 will be deleted.
2022-10-18 16:59:27,006 | autoeft.projection.prosmeftion.yProjection.indices | DEBUG    | The index flav3 will be deleted.
2022-10-18 16:59:27,006 | autoeft.projection.prosmeftion.yProjection.indices | DEBUG    | The index flav2 will be deleted.
2022-10-18 16:59:27,007 | autoeft.projection.prosmeftion.yProjection.indices | DEBUG    | The index Uslgauge11 will be deleted.
2022-10-18 16:59:27,007 | autoeft.projection.prosmeftion.yProjection.indices | DEBUG    | The index Uslspin22 will be deleted.
2022-10-18 16:59:27,008 | autoeft.projection.prosmeftion.yProjection.operator | DEBUG    | Expression changed from Q(Lslspin22,gauge2,colf1,flav2) to Q(Lslspin22,gaugeF1I1,colfF1I1,flav2).
2022-10-18 16:59:27,008 | autoeft.projection.prosmeftion.yProjection.operator | DEBUG    | Expression changed from [d_C](Lslgauge11,colf1a,colf1b,flav5) to [d_C](Lslgauge11,colfF2I1,colfF2I2,flav5).
2022-10-18 16:59:27,009 | autoeft.projection.prosmeftion.yProjection.operator | DEBUG    | Expression changed from H(gauge1) to H(gaugeF3I1).
2022-10-18 16:59:27,009 | autoeft.projection.prosmeftion.yProjection.operator | DEBUG    | Expression changed from [H+](gauge1a) to [H+](gaugeF4I1).
2022-10-18 16:59:27,010 | autoeft.projection.prosmeftion.yProjection.operator | DEBUG    | Expression changed from [H+](gauge2a) to [H+](gaugeF5I1).
2022-10-18 16:59:27,011 | autoeft.projection.prosmeftion.sun_projection | INFO     | Substitute SUN projection tensors in Q0dC0H0H+0H+0, Q0dC0H0H+0H+0 of type Q0dC0H0H+0H+0.
2022-10-18 16:59:27,107 | autoeft.projection.prosmeftion | DEBUG    | form -p /mnt/c/Users/jakob/OneDrive - Students RWTH Aachen University/Physik/9Physik/ws21/Masterthesis/autoeft/projection/form_files/general Q0dC0H0H+0H+0.frm
2022-10-18 16:59:27,190 | autoeft.projection.prosmeftion | DEBUG    | form -p /mnt/c/Users/jakob/OneDrive - Students RWTH Aachen University/Physik/9Physik/ws21/Masterthesis/autoeft/projection/form_files/general term_read.frm
2022-10-18 16:59:27,283 | autoeft.projection.prosmeftion | DEBUG    | form -p /mnt/c/Users/jakob/OneDrive - Students RWTH Aachen University/Physik/9Physik/ws21/Masterthesis/autoeft/projection/form_files/general get_Ops.frm
2022-10-18 16:59:27,394 | autoeft.projection.prosmeftion | DEBUG    | form -p /mnt/c/Users/jakob/OneDrive - Students RWTH Aachen University/Physik/9Physik/ws21/Masterthesis/autoeft/projection/form_files/general get_Ops.frm
2022-10-18 16:59:27,430 | autoeft.projection.prosmeftion.sun_projection | INFO     | Sort fields by type, indicated by a tuple filled with integers. They specify the number of fields in the single summand in the following order: BL WL L Q dC eC uC H H+ L+ Q+ dC+ eC+ uC+ BL+ WL+
2022-10-18 16:59:27,431 | autoeft.projection.prosmeftion.yProjection.indices | DEBUG    | The index flav1 will be deleted.
2022-10-18 16:59:27,432 | autoeft.projection.prosmeftion.yProjection.indices | DEBUG    | The index flav3 will be deleted.
2022-10-18 16:59:27,432 | autoeft.projection.prosmeftion.yProjection.indices | DEBUG    | The index flav2 will be deleted.
2022-10-18 16:59:27,433 | autoeft.projection.prosmeftion.yProjection.indices | DEBUG    | The index flav5 will be deleted.
2022-10-18 16:59:27,433 | autoeft.projection.prosmeftion.yProjection.indices | DEBUG    | The index flav3 will be deleted.
2022-10-18 16:59:27,433 | autoeft.projection.prosmeftion.yProjection.indices | DEBUG    | The index flav2 will be deleted.
2022-10-18 16:59:27,434 | autoeft.projection.prosmeftion.yProjection.indices | DEBUG    | The index Lsldotgauge11 will be deleted.
2022-10-18 16:59:27,434 | autoeft.projection.prosmeftion.yProjection.indices | DEBUG    | The index Lsldotspin111 will be deleted.
2022-10-18 16:59:27,435 | autoeft.projection.prosmeftion.yProjection.indices | DEBUG    | The index sbasis0 will be deleted.
2022-10-18 16:59:27,435 | autoeft.projection.prosmeftion.yProjection.indices | DEBUG    | The index gaugeF1I1 will be deleted.
2022-10-18 16:59:27,435 | autoeft.projection.prosmeftion.yProjection.indices | DEBUG    | The index gaugeF2I1 will be deleted.
2022-10-18 16:59:27,436 | autoeft.projection.prosmeftion.yProjection.indices | DEBUG    | The index gaugeF3I1 will be deleted.
2022-10-18 16:59:27,436 | autoeft.projection.prosmeftion.yProjection.indices | DEBUG    | The index gaugeF4I1 will be deleted.
2022-10-18 16:59:27,436 | autoeft.projection.prosmeftion.yProjection.indices | DEBUG    | The index sbasis0 will be deleted.
2022-10-18 16:59:27,437 | autoeft.projection.prosmeftion.yProjection.indices | DEBUG    | The index colfF4I1 will be deleted.
2022-10-18 16:59:27,437 | autoeft.projection.prosmeftion.yProjection.indices | DEBUG    | The index colfF4I2 will be deleted.
2022-10-18 16:59:27,437 | autoeft.projection.prosmeftion.yProjection.indices | DEBUG    | The index colfF5I1 will be deleted.
2022-10-18 16:59:27,438 | autoeft.projection.prosmeftion.yProjection.indices | DEBUG    | The index flav1 will be deleted.
2022-10-18 16:59:27,439 | autoeft.projection.prosmeftion.yProjection.indices | DEBUG    | The index flav3 will be deleted.
2022-10-18 16:59:27,439 | autoeft.projection.prosmeftion.yProjection.indices | DEBUG    | The index flav2 will be deleted.
2022-10-18 16:59:27,440 | autoeft.projection.prosmeftion.yProjection.indices | DEBUG    | The index flav5 will be deleted.
2022-10-18 16:59:27,440 | autoeft.projection.prosmeftion.yProjection.indices | DEBUG    | The index flav3 will be deleted.
2022-10-18 16:59:27,440 | autoeft.projection.prosmeftion.yProjection.indices | DEBUG    | The index flav2 will be deleted.
2022-10-18 16:59:27,441 | autoeft.projection.prosmeftion.yProjection.indices | DEBUG    | The index Lsldotgauge11 will be deleted.
2022-10-18 16:59:27,441 | autoeft.projection.prosmeftion.yProjection.indices | DEBUG    | The index Lsldotspin111 will be deleted.
2022-10-18 16:59:27,441 | autoeft.projection.prosmeftion.yProjection.indices | DEBUG    | The index sbasis1 will be deleted.
2022-10-18 16:59:27,442 | autoeft.projection.prosmeftion.yProjection.indices | DEBUG    | The index gaugeF1I1 will be deleted.
2022-10-18 16:59:27,442 | autoeft.projection.prosmeftion.yProjection.indices | DEBUG    | The index gaugeF2I1 will be deleted.
2022-10-18 16:59:27,442 | autoeft.projection.prosmeftion.yProjection.indices | DEBUG    | The index gaugeF3I1 will be deleted.
2022-10-18 16:59:27,443 | autoeft.projection.prosmeftion.yProjection.indices | DEBUG    | The index gaugeF4I1 will be deleted.
2022-10-18 16:59:27,443 | autoeft.projection.prosmeftion.yProjection.indices | DEBUG    | The index sbasis0 will be deleted.
2022-10-18 16:59:27,443 | autoeft.projection.prosmeftion.yProjection.indices | DEBUG    | The index colfF4I1 will be deleted.
2022-10-18 16:59:27,444 | autoeft.projection.prosmeftion.yProjection.indices | DEBUG    | The index colfF4I2 will be deleted.
2022-10-18 16:59:27,444 | autoeft.projection.prosmeftion.yProjection.indices | DEBUG    | The index colfF5I1 will be deleted.
2022-10-18 16:59:27,446 | autoeft.projection.prosmeftion.yProjection.indices | DEBUG    | The index flav1 will be deleted.
2022-10-18 16:59:27,446 | autoeft.projection.prosmeftion.yProjection.indices | DEBUG    | The index flav3 will be deleted.
2022-10-18 16:59:27,447 | autoeft.projection.prosmeftion.yProjection.indices | DEBUG    | The index flav3 will be deleted.
2022-10-18 16:59:27,447 | autoeft.projection.prosmeftion.yProjection.indices | DEBUG    | The index flav2 will be deleted.
2022-10-18 16:59:27,447 | autoeft.projection.prosmeftion.yProjection.indices | DEBUG    | The index Uslspin22 will be deleted.
2022-10-18 16:59:27,448 | autoeft.projection.prosmeftion.yProjection.indices | DEBUG    | The index Uslgauge11 will be deleted.
2022-10-18 16:59:27,448 | autoeft.projection.prosmeftion.yProjection.indices | DEBUG    | The index Lsldotgauge11 will be deleted.
2022-10-18 16:59:27,448 | autoeft.projection.prosmeftion.yProjection.indices | DEBUG    | The index Lsldotspin111 will be deleted.
2022-10-18 16:59:27,449 | autoeft.projection.prosmeftion.yProjection.indices | DEBUG    | The index sbasis0 will be deleted.
2022-10-18 16:59:27,449 | autoeft.projection.prosmeftion.yProjection.indices | DEBUG    | The index gaugeF1I1 will be deleted.
2022-10-18 16:59:27,449 | autoeft.projection.prosmeftion.yProjection.indices | DEBUG    | The index gaugeF2I1 will be deleted.
2022-10-18 16:59:27,450 | autoeft.projection.prosmeftion.yProjection.indices | DEBUG    | The index gaugeF3I1 will be deleted.
2022-10-18 16:59:27,450 | autoeft.projection.prosmeftion.yProjection.indices | DEBUG    | The index gaugeF4I1 will be deleted.
2022-10-18 16:59:27,450 | autoeft.projection.prosmeftion.yProjection.indices | DEBUG    | The index sbasis0 will be deleted.
2022-10-18 16:59:27,451 | autoeft.projection.prosmeftion.yProjection.indices | DEBUG    | The index colfF1I1 will be deleted.
2022-10-18 16:59:27,451 | autoeft.projection.prosmeftion.yProjection.indices | DEBUG    | The index colfF4I1 will be deleted.
2022-10-18 16:59:27,452 | autoeft.projection.prosmeftion.yProjection.indices | DEBUG    | The index colfF4I2 will be deleted.
2022-10-18 16:59:27,454 | autoeft.projection.prosmeftion.yProjection.indices | DEBUG    | The index flav1 will be deleted.
2022-10-18 16:59:27,455 | autoeft.projection.prosmeftion.yProjection.indices | DEBUG    | The index flav3 will be deleted.
2022-10-18 16:59:27,455 | autoeft.projection.prosmeftion.yProjection.indices | DEBUG    | The index flav5 will be deleted.
2022-10-18 16:59:27,456 | autoeft.projection.prosmeftion.yProjection.indices | DEBUG    | The index flav1 will be deleted.
2022-10-18 16:59:27,456 | autoeft.projection.prosmeftion.yProjection.indices | DEBUG    | The index flav3 will be deleted.
2022-10-18 16:59:27,457 | autoeft.projection.prosmeftion.yProjection.indices | DEBUG    | The index flav2 will be deleted.
2022-10-18 16:59:27,458 | autoeft.projection.prosmeftion.yProjection.indices | DEBUG    | The index Uslgauge11 will be deleted.
2022-10-18 16:59:27,458 | autoeft.projection.prosmeftion.yProjection.indices | DEBUG    | The index Uslspin22 will be deleted.
2022-10-18 16:59:27,459 | autoeft.projection.prosmeftion.yProjection.indices | DEBUG    | The index sbasis0 will be deleted.
2022-10-18 16:59:27,459 | autoeft.projection.prosmeftion.yProjection.indices | DEBUG    | The index gaugeF1I1 will be deleted.
2022-10-18 16:59:27,459 | autoeft.projection.prosmeftion.yProjection.indices | DEBUG    | The index gaugeF3I1 will be deleted.
2022-10-18 16:59:27,460 | autoeft.projection.prosmeftion.yProjection.indices | DEBUG    | The index gaugeF4I1 will be deleted.
2022-10-18 16:59:27,460 | autoeft.projection.prosmeftion.yProjection.indices | DEBUG    | The index gaugeF5I1 will be deleted.
2022-10-18 16:59:27,461 | autoeft.projection.prosmeftion.yProjection.indices | DEBUG    | The index sbasis0 will be deleted.
2022-10-18 16:59:27,461 | autoeft.projection.prosmeftion.yProjection.indices | DEBUG    | The index colfF1I1 will be deleted.
2022-10-18 16:59:27,462 | autoeft.projection.prosmeftion.yProjection.indices | DEBUG    | The index colfF2I1 will be deleted.
2022-10-18 16:59:27,463 | autoeft.projection.prosmeftion.yProjection.indices | DEBUG    | The index colfF2I2 will be deleted.
2022-10-18 16:59:27,465 | autoeft.projection.prosmeftion.yProjection.indices | DEBUG    | The index flav1 will be deleted.
2022-10-18 16:59:27,465 | autoeft.projection.prosmeftion.yProjection.indices | DEBUG    | The index flav3 will be deleted.
2022-10-18 16:59:27,466 | autoeft.projection.prosmeftion.yProjection.indices | DEBUG    | The index flav5 will be deleted.
2022-10-18 16:59:27,466 | autoeft.projection.prosmeftion.yProjection.indices | DEBUG    | The index flav1 will be deleted.
2022-10-18 16:59:27,466 | autoeft.projection.prosmeftion.yProjection.indices | DEBUG    | The index flav3 will be deleted.
2022-10-18 16:59:27,467 | autoeft.projection.prosmeftion.yProjection.indices | DEBUG    | The index flav2 will be deleted.
2022-10-18 16:59:27,467 | autoeft.projection.prosmeftion.yProjection.indices | DEBUG    | The index Uslgauge11 will be deleted.
2022-10-18 16:59:27,467 | autoeft.projection.prosmeftion.yProjection.indices | DEBUG    | The index Uslspin22 will be deleted.
2022-10-18 16:59:27,467 | autoeft.projection.prosmeftion.yProjection.indices | DEBUG    | The index sbasis1 will be deleted.
2022-10-18 16:59:27,468 | autoeft.projection.prosmeftion.yProjection.indices | DEBUG    | The index gaugeF1I1 will be deleted.
2022-10-18 16:59:27,469 | autoeft.projection.prosmeftion.yProjection.indices | DEBUG    | The index gaugeF3I1 will be deleted.
2022-10-18 16:59:27,469 | autoeft.projection.prosmeftion.yProjection.indices | DEBUG    | The index gaugeF4I1 will be deleted.
2022-10-18 16:59:27,469 | autoeft.projection.prosmeftion.yProjection.indices | DEBUG    | The index gaugeF5I1 will be deleted.
2022-10-18 16:59:27,470 | autoeft.projection.prosmeftion.yProjection.indices | DEBUG    | The index sbasis0 will be deleted.
2022-10-18 16:59:27,471 | autoeft.projection.prosmeftion.yProjection.indices | DEBUG    | The index colfF1I1 will be deleted.
2022-10-18 16:59:27,471 | autoeft.projection.prosmeftion.yProjection.indices | DEBUG    | The index colfF2I1 will be deleted.
2022-10-18 16:59:27,472 | autoeft.projection.prosmeftion.yProjection.indices | DEBUG    | The index colfF2I2 will be deleted.
2022-10-18 16:59:27,475 | autoeft.projection        | INFO     | Terms after SUN projection: 5
2022-10-18 16:59:27,476 | autoeft.projection.prosmeftion.tex | INFO     | Create texed PDF QDHH+Q+_yBasis.pdf of all terms.
2022-10-18 16:59:27,477 | autoeft.projection.prosmeftion.tex | DEBUG    | Create Tex file of all terms.
2022-10-18 16:59:27,535 | autoeft.projection.prosmeftion | DEBUG    | form -p /mnt/c/Users/jakob/OneDrive - Students RWTH Aachen University/Physik/9Physik/ws21/Masterthesis/autoeft/projection/form_files/general get_dimension.frm
2022-10-18 16:59:27,623 | autoeft.projection.prosmeftion | DEBUG    | form -p /mnt/c/Users/jakob/OneDrive - Students RWTH Aachen University/Physik/9Physik/ws21/Masterthesis/autoeft/projection/form_files/general get_dimension.frm
2022-10-18 16:59:27,709 | autoeft.projection.prosmeftion | DEBUG    | form -p /mnt/c/Users/jakob/OneDrive - Students RWTH Aachen University/Physik/9Physik/ws21/Masterthesis/autoeft/projection/form_files/general get_dimension.frm
2022-10-18 16:59:27,767 | autoeft.projection.prosmeftion | DEBUG    | form -p /mnt/c/Users/jakob/OneDrive - Students RWTH Aachen University/Physik/9Physik/ws21/Masterthesis/autoeft/projection/form_files/general get_dimension.frm
2022-10-18 16:59:27,823 | autoeft.projection.prosmeftion | DEBUG    | form -p /mnt/c/Users/jakob/OneDrive - Students RWTH Aachen University/Physik/9Physik/ws21/Masterthesis/autoeft/projection/form_files/general get_dimension.frm
2022-10-18 16:59:27,895 | autoeft.projection.prosmeftion | DEBUG    | form -p /mnt/c/Users/jakob/OneDrive - Students RWTH Aachen University/Physik/9Physik/ws21/Masterthesis/autoeft/projection/form_files/general get_dimension.frm
2022-10-18 16:59:27,966 | autoeft.projection.prosmeftion | DEBUG    | form -p /mnt/c/Users/jakob/OneDrive - Students RWTH Aachen University/Physik/9Physik/ws21/Masterthesis/autoeft/projection/form_files/general get_dimension.frm
2022-10-18 16:59:28,014 | autoeft.projection.prosmeftion | DEBUG    | form -p /mnt/c/Users/jakob/OneDrive - Students RWTH Aachen University/Physik/9Physik/ws21/Masterthesis/autoeft/projection/form_files/general get_dimension.frm
2022-10-18 16:59:28,079 | autoeft.projection.prosmeftion | DEBUG    | form -p /mnt/c/Users/jakob/OneDrive - Students RWTH Aachen University/Physik/9Physik/ws21/Masterthesis/autoeft/projection/form_files/general get_dimension.frm
2022-10-18 16:59:28,138 | autoeft.projection.prosmeftion | DEBUG    | form -p /mnt/c/Users/jakob/OneDrive - Students RWTH Aachen University/Physik/9Physik/ws21/Masterthesis/autoeft/projection/form_files/general get_dimension.frm
2022-10-18 16:59:28,209 | autoeft.projection.prosmeftion | DEBUG    | form -p /mnt/c/Users/jakob/OneDrive - Students RWTH Aachen University/Physik/9Physik/ws21/Masterthesis/autoeft/projection/form_files/general get_dimension.frm
2022-10-18 16:59:28,264 | autoeft.projection.prosmeftion | DEBUG    | form -p /mnt/c/Users/jakob/OneDrive - Students RWTH Aachen University/Physik/9Physik/ws21/Masterthesis/autoeft/projection/form_files/general get_dimension.frm
2022-10-18 16:59:28,316 | autoeft.projection.prosmeftion | DEBUG    | form -p /mnt/c/Users/jakob/OneDrive - Students RWTH Aachen University/Physik/9Physik/ws21/Masterthesis/autoeft/projection/form_files/general get_dimension.frm
2022-10-18 16:59:28,395 | autoeft.projection.prosmeftion | DEBUG    | form -p /mnt/c/Users/jakob/OneDrive - Students RWTH Aachen University/Physik/9Physik/ws21/Masterthesis/autoeft/projection/form_files/general get_dimension.frm
2022-10-18 16:59:28,460 | autoeft.projection.prosmeftion | DEBUG    | form -p /mnt/c/Users/jakob/OneDrive - Students RWTH Aachen University/Physik/9Physik/ws21/Masterthesis/autoeft/projection/form_files/general get_dimension.frm
2022-10-18 16:59:28,518 | autoeft.projection.prosmeftion | DEBUG    | form -p /mnt/c/Users/jakob/OneDrive - Students RWTH Aachen University/Physik/9Physik/ws21/Masterthesis/autoeft/projection/form_files/general get_dimension.frm
2022-10-18 16:59:28,574 | autoeft.projection.prosmeftion | DEBUG    | form -p /mnt/c/Users/jakob/OneDrive - Students RWTH Aachen University/Physik/9Physik/ws21/Masterthesis/autoeft/projection/form_files/general get_dimension.frm
2022-10-18 16:59:28,628 | autoeft.projection.prosmeftion | DEBUG    | form -p /mnt/c/Users/jakob/OneDrive - Students RWTH Aachen University/Physik/9Physik/ws21/Masterthesis/autoeft/projection/form_files/general get_dimension.frm
2022-10-18 16:59:28,694 | autoeft.projection.prosmeftion | DEBUG    | form -p /mnt/c/Users/jakob/OneDrive - Students RWTH Aachen University/Physik/9Physik/ws21/Masterthesis/autoeft/projection/form_files/general get_dimension.frm
2022-10-18 16:59:28,747 | autoeft.projection.prosmeftion | DEBUG    | form -p /mnt/c/Users/jakob/OneDrive - Students RWTH Aachen University/Physik/9Physik/ws21/Masterthesis/autoeft/projection/form_files/general get_dimension.frm
2022-10-18 16:59:28,806 | autoeft.projection.prosmeftion | DEBUG    | form -p /mnt/c/Users/jakob/OneDrive - Students RWTH Aachen University/Physik/9Physik/ws21/Masterthesis/autoeft/projection/form_files/general get_dimension.frm
2022-10-18 16:59:28,851 | autoeft.projection.prosmeftion | DEBUG    | form -p /mnt/c/Users/jakob/OneDrive - Students RWTH Aachen University/Physik/9Physik/ws21/Masterthesis/autoeft/projection/form_files/general get_dimension.frm
2022-10-18 16:59:28,918 | autoeft.projection.prosmeftion | DEBUG    | form -p /mnt/c/Users/jakob/OneDrive - Students RWTH Aachen University/Physik/9Physik/ws21/Masterthesis/autoeft/projection/form_files/general get_dimension.frm
2022-10-18 16:59:28,990 | autoeft.projection.prosmeftion | DEBUG    | form -p /mnt/c/Users/jakob/OneDrive - Students RWTH Aachen University/Physik/9Physik/ws21/Masterthesis/autoeft/projection/form_files/general get_dimension.frm
2022-10-18 16:59:29,047 | autoeft.projection.prosmeftion | DEBUG    | form -p /mnt/c/Users/jakob/OneDrive - Students RWTH Aachen University/Physik/9Physik/ws21/Masterthesis/autoeft/projection/form_files/general get_dimension.frm
2022-10-18 16:59:29,110 | autoeft.projection.prosmeftion | DEBUG    | form -p /mnt/c/Users/jakob/OneDrive - Students RWTH Aachen University/Physik/9Physik/ws21/Masterthesis/autoeft/projection/form_files/general get_dimension.frm
2022-10-18 16:59:29,180 | autoeft.projection.prosmeftion | DEBUG    | form -p /mnt/c/Users/jakob/OneDrive - Students RWTH Aachen University/Physik/9Physik/ws21/Masterthesis/autoeft/projection/form_files/general get_dimension.frm
2022-10-18 16:59:29,242 | autoeft.projection.prosmeftion | DEBUG    | form -p /mnt/c/Users/jakob/OneDrive - Students RWTH Aachen University/Physik/9Physik/ws21/Masterthesis/autoeft/projection/form_files/general get_dimension.frm
2022-10-18 16:59:29,301 | autoeft.projection.prosmeftion | DEBUG    | form -p /mnt/c/Users/jakob/OneDrive - Students RWTH Aachen University/Physik/9Physik/ws21/Masterthesis/autoeft/projection/form_files/general tex_coefficient.frm
2022-10-18 16:59:29,348 | autoeft.projection.prosmeftion | DEBUG    | form -p /mnt/c/Users/jakob/OneDrive - Students RWTH Aachen University/Physik/9Physik/ws21/Masterthesis/autoeft/projection/form_files/general tex_coefficient.frm
2022-10-18 16:59:29,410 | autoeft.projection.prosmeftion | DEBUG    | form -p /mnt/c/Users/jakob/OneDrive - Students RWTH Aachen University/Physik/9Physik/ws21/Masterthesis/autoeft/projection/form_files/general tex_coefficient.frm
2022-10-18 16:59:29,467 | autoeft.projection.prosmeftion | DEBUG    | form -p /mnt/c/Users/jakob/OneDrive - Students RWTH Aachen University/Physik/9Physik/ws21/Masterthesis/autoeft/projection/form_files/general tex_coefficient.frm
2022-10-18 16:59:29,520 | autoeft.projection.prosmeftion | DEBUG    | form -p /mnt/c/Users/jakob/OneDrive - Students RWTH Aachen University/Physik/9Physik/ws21/Masterthesis/autoeft/projection/form_files/general get_dimension.frm
2022-10-18 16:59:29,599 | autoeft.projection.prosmeftion | DEBUG    | form -p /mnt/c/Users/jakob/OneDrive - Students RWTH Aachen University/Physik/9Physik/ws21/Masterthesis/autoeft/projection/form_files/general tex_coefficient.frm
2022-10-18 16:59:29,695 | autoeft.projection.prosmeftion | DEBUG    | form -p /mnt/c/Users/jakob/OneDrive - Students RWTH Aachen University/Physik/9Physik/ws21/Masterthesis/autoeft/projection/form_files/general tex_coefficient.frm
2022-10-18 16:59:29,758 | autoeft.projection.prosmeftion | DEBUG    | form -p /mnt/c/Users/jakob/OneDrive - Students RWTH Aachen University/Physik/9Physik/ws21/Masterthesis/autoeft/projection/form_files/general tex_coefficient.frm
2022-10-18 16:59:29,806 | autoeft.projection.prosmeftion | DEBUG    | form -p /mnt/c/Users/jakob/OneDrive - Students RWTH Aachen University/Physik/9Physik/ws21/Masterthesis/autoeft/projection/form_files/general get_dimension.frm
2022-10-18 16:59:29,871 | autoeft.projection.prosmeftion | DEBUG    | form -p /mnt/c/Users/jakob/OneDrive - Students RWTH Aachen University/Physik/9Physik/ws21/Masterthesis/autoeft/projection/form_files/general tex_coefficient.frm
2022-10-18 16:59:29,935 | autoeft.projection.prosmeftion | DEBUG    | form -p /mnt/c/Users/jakob/OneDrive - Students RWTH Aachen University/Physik/9Physik/ws21/Masterthesis/autoeft/projection/form_files/general tex_coefficient.frm
2022-10-18 16:59:29,994 | autoeft.projection.prosmeftion | DEBUG    | form -p /mnt/c/Users/jakob/OneDrive - Students RWTH Aachen University/Physik/9Physik/ws21/Masterthesis/autoeft/projection/form_files/general tex_coefficient.frm
2022-10-18 16:59:30,046 | autoeft.projection.prosmeftion | DEBUG    | form -p /mnt/c/Users/jakob/OneDrive - Students RWTH Aachen University/Physik/9Physik/ws21/Masterthesis/autoeft/projection/form_files/general tex_coefficient.frm
2022-10-18 16:59:30,059 | autoeft.projection.prosmeftion.tex | DEBUG    | Construct PDF.
2022-10-18 16:59:30,664 | autoeft.projection.prosmeftion.yProjection.indices | DEBUG    | The index flav1 will be deleted.
2022-10-18 16:59:30,665 | autoeft.projection.prosmeftion.yProjection.indices | DEBUG    | The index flav3 will be deleted.
2022-10-18 16:59:30,666 | autoeft.projection.prosmeftion.yProjection.indices | DEBUG    | The index flav2 will be deleted.
2022-10-18 16:59:30,666 | autoeft.projection.prosmeftion.yProjection.indices | DEBUG    | The index flav5 will be deleted.
2022-10-18 16:59:30,666 | autoeft.projection.prosmeftion.yProjection.indices | DEBUG    | The index flav3 will be deleted.
2022-10-18 16:59:30,667 | autoeft.projection.prosmeftion.yProjection.indices | DEBUG    | The index flav2 will be deleted.
2022-10-18 16:59:30,667 | autoeft.projection.prosmeftion.yProjection.indices | DEBUG    | The index Lsldotgauge11 will be deleted.
2022-10-18 16:59:30,668 | autoeft.projection.prosmeftion.yProjection.indices | DEBUG    | The index Lsldotspin111 will be deleted.
2022-10-18 16:59:30,669 | autoeft.projection.prosmeftion.yProjection.indices | DEBUG    | The index sbasis0 will be deleted.
2022-10-18 16:59:30,669 | autoeft.projection.prosmeftion.yProjection.indices | DEBUG    | The index gaugeF1I1 will be deleted.
2022-10-18 16:59:30,669 | autoeft.projection.prosmeftion.yProjection.indices | DEBUG    | The index gaugeF2I1 will be deleted.
2022-10-18 16:59:30,670 | autoeft.projection.prosmeftion.yProjection.indices | DEBUG    | The index gaugeF3I1 will be deleted.
2022-10-18 16:59:30,670 | autoeft.projection.prosmeftion.yProjection.indices | DEBUG    | The index gaugeF4I1 will be deleted.
2022-10-18 16:59:30,671 | autoeft.projection.prosmeftion.yProjection.indices | DEBUG    | The index sbasis0 will be deleted.
2022-10-18 16:59:30,671 | autoeft.projection.prosmeftion.yProjection.indices | DEBUG    | The index colfF4I1 will be deleted.
2022-10-18 16:59:30,671 | autoeft.projection.prosmeftion.yProjection.indices | DEBUG    | The index colfF4I2 will be deleted.
2022-10-18 16:59:30,671 | autoeft.projection.prosmeftion.yProjection.indices | DEBUG    | The index colfF5I1 will be deleted.
2022-10-18 16:59:30,672 | autoeft.projection.prosmeftion.yProjection.indices | DEBUG    | The index flav1 will be deleted.
2022-10-18 16:59:30,673 | autoeft.projection.prosmeftion.yProjection.indices | DEBUG    | The index flav3 will be deleted.
2022-10-18 16:59:30,673 | autoeft.projection.prosmeftion.yProjection.indices | DEBUG    | The index flav2 will be deleted.
2022-10-18 16:59:30,674 | autoeft.projection.prosmeftion.yProjection.indices | DEBUG    | The index flav5 will be deleted.
2022-10-18 16:59:30,674 | autoeft.projection.prosmeftion.yProjection.indices | DEBUG    | The index flav3 will be deleted.
2022-10-18 16:59:30,674 | autoeft.projection.prosmeftion.yProjection.indices | DEBUG    | The index flav2 will be deleted.
2022-10-18 16:59:30,675 | autoeft.projection.prosmeftion.yProjection.indices | DEBUG    | The index Lsldotgauge11 will be deleted.
2022-10-18 16:59:30,675 | autoeft.projection.prosmeftion.yProjection.indices | DEBUG    | The index Lsldotspin111 will be deleted.
2022-10-18 16:59:30,675 | autoeft.projection.prosmeftion.yProjection.indices | DEBUG    | The index sbasis1 will be deleted.
2022-10-18 16:59:30,676 | autoeft.projection.prosmeftion.yProjection.indices | DEBUG    | The index gaugeF1I1 will be deleted.
2022-10-18 16:59:30,676 | autoeft.projection.prosmeftion.yProjection.indices | DEBUG    | The index gaugeF2I1 will be deleted.
2022-10-18 16:59:30,676 | autoeft.projection.prosmeftion.yProjection.indices | DEBUG    | The index gaugeF3I1 will be deleted.
2022-10-18 16:59:30,676 | autoeft.projection.prosmeftion.yProjection.indices | DEBUG    | The index gaugeF4I1 will be deleted.
2022-10-18 16:59:30,677 | autoeft.projection.prosmeftion.yProjection.indices | DEBUG    | The index sbasis0 will be deleted.
2022-10-18 16:59:30,677 | autoeft.projection.prosmeftion.yProjection.indices | DEBUG    | The index colfF4I1 will be deleted.
2022-10-18 16:59:30,677 | autoeft.projection.prosmeftion.yProjection.indices | DEBUG    | The index colfF4I2 will be deleted.
2022-10-18 16:59:30,678 | autoeft.projection.prosmeftion.yProjection.indices | DEBUG    | The index colfF5I1 will be deleted.
2022-10-18 16:59:30,678 | autoeft.projection.prosmeftion.yProjection.indices | DEBUG    | The index flav1 will be deleted.
2022-10-18 16:59:30,679 | autoeft.projection.prosmeftion.yProjection.indices | DEBUG    | The index flav3 will be deleted.
2022-10-18 16:59:30,679 | autoeft.projection.prosmeftion.yProjection.indices | DEBUG    | The index flav3 will be deleted.
2022-10-18 16:59:30,679 | autoeft.projection.prosmeftion.yProjection.indices | DEBUG    | The index flav2 will be deleted.
2022-10-18 16:59:30,679 | autoeft.projection.prosmeftion.yProjection.indices | DEBUG    | The index Uslspin22 will be deleted.
2022-10-18 16:59:30,680 | autoeft.projection.prosmeftion.yProjection.indices | DEBUG    | The index Uslgauge11 will be deleted.
2022-10-18 16:59:30,680 | autoeft.projection.prosmeftion.yProjection.indices | DEBUG    | The index Lsldotgauge11 will be deleted.
2022-10-18 16:59:30,680 | autoeft.projection.prosmeftion.yProjection.indices | DEBUG    | The index Lsldotspin111 will be deleted.
2022-10-18 16:59:30,680 | autoeft.projection.prosmeftion.yProjection.indices | DEBUG    | The index sbasis0 will be deleted.
2022-10-18 16:59:30,681 | autoeft.projection.prosmeftion.yProjection.indices | DEBUG    | The index gaugeF1I1 will be deleted.
2022-10-18 16:59:30,681 | autoeft.projection.prosmeftion.yProjection.indices | DEBUG    | The index gaugeF2I1 will be deleted.
2022-10-18 16:59:30,681 | autoeft.projection.prosmeftion.yProjection.indices | DEBUG    | The index gaugeF3I1 will be deleted.
2022-10-18 16:59:30,681 | autoeft.projection.prosmeftion.yProjection.indices | DEBUG    | The index gaugeF4I1 will be deleted.
2022-10-18 16:59:30,682 | autoeft.projection.prosmeftion.yProjection.indices | DEBUG    | The index sbasis0 will be deleted.
2022-10-18 16:59:30,682 | autoeft.projection.prosmeftion.yProjection.indices | DEBUG    | The index colfF1I1 will be deleted.
2022-10-18 16:59:30,682 | autoeft.projection.prosmeftion.yProjection.indices | DEBUG    | The index colfF4I1 will be deleted.
2022-10-18 16:59:30,682 | autoeft.projection.prosmeftion.yProjection.indices | DEBUG    | The index colfF4I2 will be deleted.
2022-10-18 16:59:30,684 | autoeft.projection.prosmeftion.yProjection.indices | DEBUG    | The index flav1 will be deleted.
2022-10-18 16:59:30,685 | autoeft.projection.prosmeftion.yProjection.indices | DEBUG    | The index flav3 will be deleted.
2022-10-18 16:59:30,686 | autoeft.projection.prosmeftion.yProjection.indices | DEBUG    | The index flav5 will be deleted.
2022-10-18 16:59:30,686 | autoeft.projection.prosmeftion.yProjection.indices | DEBUG    | The index flav1 will be deleted.
2022-10-18 16:59:30,687 | autoeft.projection.prosmeftion.yProjection.indices | DEBUG    | The index flav3 will be deleted.
2022-10-18 16:59:30,687 | autoeft.projection.prosmeftion.yProjection.indices | DEBUG    | The index flav2 will be deleted.
2022-10-18 16:59:30,688 | autoeft.projection.prosmeftion.yProjection.indices | DEBUG    | The index Uslgauge11 will be deleted.
2022-10-18 16:59:30,688 | autoeft.projection.prosmeftion.yProjection.indices | DEBUG    | The index Uslspin22 will be deleted.
2022-10-18 16:59:30,689 | autoeft.projection.prosmeftion.yProjection.indices | DEBUG    | The index sbasis0 will be deleted.
2022-10-18 16:59:30,689 | autoeft.projection.prosmeftion.yProjection.indices | DEBUG    | The index gaugeF1I1 will be deleted.
2022-10-18 16:59:30,689 | autoeft.projection.prosmeftion.yProjection.indices | DEBUG    | The index gaugeF3I1 will be deleted.
2022-10-18 16:59:30,690 | autoeft.projection.prosmeftion.yProjection.indices | DEBUG    | The index gaugeF4I1 will be deleted.
2022-10-18 16:59:30,690 | autoeft.projection.prosmeftion.yProjection.indices | DEBUG    | The index gaugeF5I1 will be deleted.
2022-10-18 16:59:30,690 | autoeft.projection.prosmeftion.yProjection.indices | DEBUG    | The index sbasis0 will be deleted.
2022-10-18 16:59:30,691 | autoeft.projection.prosmeftion.yProjection.indices | DEBUG    | The index colfF1I1 will be deleted.
2022-10-18 16:59:30,691 | autoeft.projection.prosmeftion.yProjection.indices | DEBUG    | The index colfF2I1 will be deleted.
2022-10-18 16:59:30,692 | autoeft.projection.prosmeftion.yProjection.indices | DEBUG    | The index colfF2I2 will be deleted.
2022-10-18 16:59:30,694 | autoeft.projection.prosmeftion.yProjection.indices | DEBUG    | The index flav1 will be deleted.
2022-10-18 16:59:30,694 | autoeft.projection.prosmeftion.yProjection.indices | DEBUG    | The index flav3 will be deleted.
2022-10-18 16:59:30,695 | autoeft.projection.prosmeftion.yProjection.indices | DEBUG    | The index flav5 will be deleted.
2022-10-18 16:59:30,695 | autoeft.projection.prosmeftion.yProjection.indices | DEBUG    | The index flav1 will be deleted.
2022-10-18 16:59:30,696 | autoeft.projection.prosmeftion.yProjection.indices | DEBUG    | The index flav3 will be deleted.
2022-10-18 16:59:30,696 | autoeft.projection.prosmeftion.yProjection.indices | DEBUG    | The index flav2 will be deleted.
2022-10-18 16:59:30,696 | autoeft.projection.prosmeftion.yProjection.indices | DEBUG    | The index Uslgauge11 will be deleted.
2022-10-18 16:59:30,697 | autoeft.projection.prosmeftion.yProjection.indices | DEBUG    | The index Uslspin22 will be deleted.
2022-10-18 16:59:30,697 | autoeft.projection.prosmeftion.yProjection.indices | DEBUG    | The index sbasis1 will be deleted.
2022-10-18 16:59:30,697 | autoeft.projection.prosmeftion.yProjection.indices | DEBUG    | The index gaugeF1I1 will be deleted.
2022-10-18 16:59:30,698 | autoeft.projection.prosmeftion.yProjection.indices | DEBUG    | The index gaugeF3I1 will be deleted.
2022-10-18 16:59:30,699 | autoeft.projection.prosmeftion.yProjection.indices | DEBUG    | The index gaugeF4I1 will be deleted.
2022-10-18 16:59:30,699 | autoeft.projection.prosmeftion.yProjection.indices | DEBUG    | The index gaugeF5I1 will be deleted.
2022-10-18 16:59:30,700 | autoeft.projection.prosmeftion.yProjection.indices | DEBUG    | The index sbasis0 will be deleted.
2022-10-18 16:59:30,700 | autoeft.projection.prosmeftion.yProjection.indices | DEBUG    | The index colfF1I1 will be deleted.
2022-10-18 16:59:30,700 | autoeft.projection.prosmeftion.yProjection.indices | DEBUG    | The index colfF2I1 will be deleted.
2022-10-18 16:59:30,701 | autoeft.projection.prosmeftion.yProjection.indices | DEBUG    | The index colfF2I2 will be deleted.
2022-10-18 16:59:30,707 | autoeft.projection        | INFO     | Done in 24.35 sec.
