2022-10-18 16:57:19,035 | autoeft.projection        | INFO     | 2022-10-18T16:57:19
2022-10-18 16:57:21,806 | autoeft.projection.prosmeftion.converttoSL2C | DEBUG    | Number of terms = 1
2022-10-18 16:57:21,810 | autoeft.projection.prosmeftion.converttoSL2C | DEBUG    | Number of matched terms = 1
2022-10-18 16:57:21,812 | autoeft.projection.prosmeftion.converttoSL2C | INFO     | Read in all terms
2022-10-18 16:57:22,129 | autoeft.projection.coefficient | DEBUG    | form -p /mnt/c/Users/jakob/OneDrive - Students RWTH Aachen University/Physik/9Physik/ws21/Masterthesis/autoeft/projection/form_files/term0 /mnt/c/Users/jakob/OneDrive - Students RWTH Aachen University/Physik/9Physik/ws21/Masterthesis/autoeft/projection/form_files/term0/get_dimension.frm
2022-10-18 16:57:22,221 | autoeft.projection.coefficient | DEBUG    | form -p /mnt/c/Users/jakob/OneDrive - Students RWTH Aachen University/Physik/9Physik/ws21/Masterthesis/autoeft/projection/form_files/term0 /mnt/c/Users/jakob/OneDrive - Students RWTH Aachen University/Physik/9Physik/ws21/Masterthesis/autoeft/projection/form_files/term0/tex_coefficient.frm
2022-10-18 16:57:22,230 | autoeft.projection.term   | DEBUG    | New Term: B(lor1,lor2)*H(gauge1)*T(gaugeadj1,gauge2,gauge1)*W(gaugeadj1,lor1,lor2)*[H+](gauge2)
2022-10-18 16:57:22,281 | autoeft.projection.prosmeftion.converttoSL2C | INFO     | Run FORM
2022-10-18 16:57:22,472 | autoeft.projection.term   | DEBUG    | Fields are ordered by helicity like: BL GL WL L Q [d_C] [e_C] [u_C] H [H+] [L+] [Q+] [d_C+] [e_C+] [u_C+] BR GR WR
2022-10-18 16:57:22,680 | autoeft.projection.prosmeftion.converttoSL2C | DEBUG    | form -p /mnt/c/Users/jakob/OneDrive - Students RWTH Aachen University/Physik/9Physik/ws21/Masterthesis/autoeft/projection/form_files/term0 /mnt/c/Users/jakob/OneDrive - Students RWTH Aachen University/Physik/9Physik/ws21/Masterthesis/autoeft/projection/form_files/term0/term0.frm
2022-10-18 16:57:22,684 | autoeft.projection.prosmeftion.converttoSL2C | DEBUG    | term0: B(lor1,lor2)*H(gauge1)*T(gaugeadj1,gauge2,gauge1)*W(gaugeadj1,lor1,lor2)*[H+](gauge2)
is converted into:
+
H(gauge1)
*[H+](gauge2a)
*BR(Usldot1,Usldot2)
*WR(gaugeA10,gaugeA12,Usldot10,Usldot11)*(
+
1/8
*[su2eps](gauge1,gaugeA12)
*[su2eps](gaugeA10,gauge2a)
*[sl2Ceps](Lsldot1,Lsldot10)
*[sl2Ceps](Lsldot2,Lsldot11)
+
1/8
*[su2eps](gauge1,gaugeA12)
*[su2eps](gaugeA10,gauge2a)
*[sl2Ceps](Lsldot1,Lsldot11)
*[sl2Ceps](Lsldot2,Lsldot10)
)

+
BL(Lsl1,Lsl2)
*WL(gaugeA10,gaugeA12,Lsl10,Lsl11)
*H(gauge1)
*[H+](gauge2a)*(
+
1/8
*[su2eps](gauge1,gaugeA12)
*[su2eps](gaugeA10,gauge2a)
*[sl2Ceps](Usl1,Usl10)
*[sl2Ceps](Usl2,Usl11)
+
1/8
*[su2eps](gauge1,gaugeA12)
*[su2eps](gaugeA10,gauge2a)
*[sl2Ceps](Usl1,Usl11)
*[sl2Ceps](Usl2,Usl10)
)
2022-10-18 16:57:22,776 | autoeft.projection.prosmeftion | DEBUG    | form -p /mnt/c/Users/jakob/OneDrive - Students RWTH Aachen University/Physik/9Physik/ws21/Masterthesis/autoeft/projection/form_files/general term_read.frm
2022-10-18 16:57:22,931 | autoeft.projection.prosmeftion | DEBUG    | form -p /mnt/c/Users/jakob/OneDrive - Students RWTH Aachen University/Physik/9Physik/ws21/Masterthesis/autoeft/projection/form_files/general get_Ops.frm
2022-10-18 16:57:23,048 | autoeft.projection.prosmeftion | DEBUG    | form -p /mnt/c/Users/jakob/OneDrive - Students RWTH Aachen University/Physik/9Physik/ws21/Masterthesis/autoeft/projection/form_files/general get_Ops.frm
2022-10-18 16:57:23,218 | autoeft.projection.prosmeftion | DEBUG    | form -p /mnt/c/Users/jakob/OneDrive - Students RWTH Aachen University/Physik/9Physik/ws21/Masterthesis/autoeft/projection/form_files/general get_Ops.frm
2022-10-18 16:57:23,613 | autoeft.projection.prosmeftion | DEBUG    | form -p /mnt/c/Users/jakob/OneDrive - Students RWTH Aachen University/Physik/9Physik/ws21/Masterthesis/autoeft/projection/form_files/general get_Ops.frm
2022-10-18 16:57:23,738 | autoeft.projection.prosmeftion.tex | INFO     | Create texed PDF BWHH+_irreps.pdf of all terms.
2022-10-18 16:57:23,739 | autoeft.projection.prosmeftion.tex | DEBUG    | Create Tex file of all terms.
2022-10-18 16:57:23,880 | autoeft.projection.prosmeftion | DEBUG    | form -p /mnt/c/Users/jakob/OneDrive - Students RWTH Aachen University/Physik/9Physik/ws21/Masterthesis/autoeft/projection/form_files/general tex_coefficient.frm
2022-10-18 16:57:24,031 | autoeft.projection.prosmeftion | DEBUG    | form -p /mnt/c/Users/jakob/OneDrive - Students RWTH Aachen University/Physik/9Physik/ws21/Masterthesis/autoeft/projection/form_files/general tex_coefficient.frm
2022-10-18 16:57:24,136 | autoeft.projection.prosmeftion | DEBUG    | form -p /mnt/c/Users/jakob/OneDrive - Students RWTH Aachen University/Physik/9Physik/ws21/Masterthesis/autoeft/projection/form_files/general tex_coefficient.frm
2022-10-18 16:57:24,201 | autoeft.projection.prosmeftion | DEBUG    | form -p /mnt/c/Users/jakob/OneDrive - Students RWTH Aachen University/Physik/9Physik/ws21/Masterthesis/autoeft/projection/form_files/general tex_coefficient.frm
2022-10-18 16:57:24,215 | autoeft.projection.prosmeftion.tex | DEBUG    | Construct PDF.
2022-10-18 16:57:25,091 | autoeft.projection.prosmeftion.sun_projection | INFO     | Sort fields by type, indicated by a tuple filled with integers. They specify the number of fields in the single summand in the following order: BL WL L Q dC eC uC H H+ L+ Q+ dC+ eC+ uC+ BL+ WL+
2022-10-18 16:57:25,092 | autoeft.projection.prosmeftion.yProjection.indices | DEBUG    | The index gauge1 will be deleted.
2022-10-18 16:57:25,093 | autoeft.projection.prosmeftion.yProjection.indices | DEBUG    | The index gaugeA12 will be deleted.
2022-10-18 16:57:25,093 | autoeft.projection.prosmeftion.yProjection.indices | DEBUG    | The index gaugeA10 will be deleted.
2022-10-18 16:57:25,094 | autoeft.projection.prosmeftion.yProjection.indices | DEBUG    | The index gauge2a will be deleted.
2022-10-18 16:57:25,094 | autoeft.projection.prosmeftion.yProjection.indices | DEBUG    | The index Lsldot1 will be deleted.
2022-10-18 16:57:25,095 | autoeft.projection.prosmeftion.yProjection.indices | DEBUG    | The index Lsldot10 will be deleted.
2022-10-18 16:57:25,095 | autoeft.projection.prosmeftion.yProjection.indices | DEBUG    | The index Lsldot2 will be deleted.
2022-10-18 16:57:25,096 | autoeft.projection.prosmeftion.yProjection.indices | DEBUG    | The index Lsldot11 will be deleted.
2022-10-18 16:57:25,099 | autoeft.projection.prosmeftion.yProjection.indices | DEBUG    | The index gauge1 will be deleted.
2022-10-18 16:57:25,100 | autoeft.projection.prosmeftion.yProjection.indices | DEBUG    | The index gaugeA12 will be deleted.
2022-10-18 16:57:25,101 | autoeft.projection.prosmeftion.yProjection.indices | DEBUG    | The index gaugeA10 will be deleted.
2022-10-18 16:57:25,101 | autoeft.projection.prosmeftion.yProjection.indices | DEBUG    | The index gauge2a will be deleted.
2022-10-18 16:57:25,103 | autoeft.projection.prosmeftion.yProjection.indices | DEBUG    | The index Lsldot1 will be deleted.
2022-10-18 16:57:25,104 | autoeft.projection.prosmeftion.yProjection.indices | DEBUG    | The index Lsldot11 will be deleted.
2022-10-18 16:57:25,105 | autoeft.projection.prosmeftion.yProjection.indices | DEBUG    | The index Lsldot2 will be deleted.
2022-10-18 16:57:25,105 | autoeft.projection.prosmeftion.yProjection.indices | DEBUG    | The index Lsldot10 will be deleted.
2022-10-18 16:57:25,106 | autoeft.projection.prosmeftion.yProjection.indices | DEBUG    | The index gauge1 will be deleted.
2022-10-18 16:57:25,108 | autoeft.projection.prosmeftion.yProjection.indices | DEBUG    | The index gaugeA12 will be deleted.
2022-10-18 16:57:25,109 | autoeft.projection.prosmeftion.yProjection.indices | DEBUG    | The index gaugeA10 will be deleted.
2022-10-18 16:57:25,110 | autoeft.projection.prosmeftion.yProjection.indices | DEBUG    | The index gauge2a will be deleted.
2022-10-18 16:57:25,110 | autoeft.projection.prosmeftion.yProjection.indices | DEBUG    | The index Usl1 will be deleted.
2022-10-18 16:57:25,111 | autoeft.projection.prosmeftion.yProjection.indices | DEBUG    | The index Usl10 will be deleted.
2022-10-18 16:57:25,111 | autoeft.projection.prosmeftion.yProjection.indices | DEBUG    | The index Usl2 will be deleted.
2022-10-18 16:57:25,112 | autoeft.projection.prosmeftion.yProjection.indices | DEBUG    | The index Usl11 will be deleted.
2022-10-18 16:57:25,113 | autoeft.projection.prosmeftion.yProjection.indices | DEBUG    | The index gauge1 will be deleted.
2022-10-18 16:57:25,114 | autoeft.projection.prosmeftion.yProjection.indices | DEBUG    | The index gaugeA12 will be deleted.
2022-10-18 16:57:25,114 | autoeft.projection.prosmeftion.yProjection.indices | DEBUG    | The index gaugeA10 will be deleted.
2022-10-18 16:57:25,115 | autoeft.projection.prosmeftion.yProjection.indices | DEBUG    | The index gauge2a will be deleted.
2022-10-18 16:57:25,115 | autoeft.projection.prosmeftion.yProjection.indices | DEBUG    | The index Usl1 will be deleted.
2022-10-18 16:57:25,115 | autoeft.projection.prosmeftion.yProjection.indices | DEBUG    | The index Usl11 will be deleted.
2022-10-18 16:57:25,116 | autoeft.projection.prosmeftion.yProjection.indices | DEBUG    | The index Usl2 will be deleted.
2022-10-18 16:57:25,116 | autoeft.projection.prosmeftion.yProjection.indices | DEBUG    | The index Usl10 will be deleted.
2022-10-18 16:57:25,138 | autoeft.projection.prosmeftion.tex | INFO     | Create texed PDF BWHH+_sorted.pdf of all terms.
2022-10-18 16:57:25,138 | autoeft.projection.prosmeftion.tex | DEBUG    | Create Tex file of all terms.
2022-10-18 16:57:25,140 | autoeft.projection.prosmeftion.yProjection.indices | DEBUG    | The index gauge1 will be rewritten with gauge1.
2022-10-18 16:57:25,141 | autoeft.projection.prosmeftion.yProjection.indices | DEBUG    | The index gauge1 will be rewritten with gauge1.
2022-10-18 16:57:25,142 | autoeft.projection.prosmeftion.yProjection.indices | DEBUG    | The index gauge2a will be rewritten with gauge2a.
2022-10-18 16:57:25,142 | autoeft.projection.prosmeftion.yProjection.indices | DEBUG    | The index gauge2a will be rewritten with gauge2a.
2022-10-18 16:57:25,143 | autoeft.projection.prosmeftion.yProjection.indices | DEBUG    | The index Lsldot1 will be rewritten with Lsldot1.
2022-10-18 16:57:25,144 | autoeft.projection.prosmeftion.yProjection.indices | DEBUG    | The index Usldot1 will be rewritten with Usldot1.
2022-10-18 16:57:25,145 | autoeft.projection.prosmeftion.yProjection.indices | DEBUG    | The index Lsldot2 will be rewritten with Lsldot2.
2022-10-18 16:57:25,145 | autoeft.projection.prosmeftion.yProjection.indices | DEBUG    | The index Usldot2 will be rewritten with Usldot2.
2022-10-18 16:57:25,146 | autoeft.projection.prosmeftion.yProjection.indices | DEBUG    | The index gaugeA10 will be rewritten with gaugeA10.
2022-10-18 16:57:25,146 | autoeft.projection.prosmeftion.yProjection.indices | DEBUG    | The index gaugeA10 will be rewritten with gaugeA10.
2022-10-18 16:57:25,147 | autoeft.projection.prosmeftion.yProjection.indices | DEBUG    | The index gaugeA12 will be rewritten with gaugeA12.
2022-10-18 16:57:25,147 | autoeft.projection.prosmeftion.yProjection.indices | DEBUG    | The index gaugeA12 will be rewritten with gaugeA12.
2022-10-18 16:57:25,148 | autoeft.projection.prosmeftion.yProjection.indices | DEBUG    | The index Lsldot10 will be rewritten with Lsldot10.
2022-10-18 16:57:25,148 | autoeft.projection.prosmeftion.yProjection.indices | DEBUG    | The index Usldot10 will be rewritten with Usldot10.
2022-10-18 16:57:25,149 | autoeft.projection.prosmeftion.yProjection.indices | DEBUG    | The index Lsldot11 will be rewritten with Lsldot11.
2022-10-18 16:57:25,150 | autoeft.projection.prosmeftion.yProjection.indices | DEBUG    | The index Usldot11 will be rewritten with Usldot11.
2022-10-18 16:57:25,152 | autoeft.projection.prosmeftion.yProjection.indices | DEBUG    | The index Usl1 will be rewritten with Usl1.
2022-10-18 16:57:25,152 | autoeft.projection.prosmeftion.yProjection.indices | DEBUG    | The index Lsl1 will be rewritten with Lsl1.
2022-10-18 16:57:25,153 | autoeft.projection.prosmeftion.yProjection.indices | DEBUG    | The index Usl2 will be rewritten with Usl2.
2022-10-18 16:57:25,154 | autoeft.projection.prosmeftion.yProjection.indices | DEBUG    | The index Lsl2 will be rewritten with Lsl2.
2022-10-18 16:57:25,155 | autoeft.projection.prosmeftion.yProjection.indices | DEBUG    | The index gaugeA10 will be rewritten with gaugeA10.
2022-10-18 16:57:25,156 | autoeft.projection.prosmeftion.yProjection.indices | DEBUG    | The index gaugeA10 will be rewritten with gaugeA10.
2022-10-18 16:57:25,156 | autoeft.projection.prosmeftion.yProjection.indices | DEBUG    | The index gaugeA12 will be rewritten with gaugeA12.
2022-10-18 16:57:25,157 | autoeft.projection.prosmeftion.yProjection.indices | DEBUG    | The index gaugeA12 will be rewritten with gaugeA12.
2022-10-18 16:57:25,158 | autoeft.projection.prosmeftion.yProjection.indices | DEBUG    | The index Usl10 will be rewritten with Usl10.
2022-10-18 16:57:25,160 | autoeft.projection.prosmeftion.yProjection.indices | DEBUG    | The index Lsl10 will be rewritten with Lsl10.
2022-10-18 16:57:25,160 | autoeft.projection.prosmeftion.yProjection.indices | DEBUG    | The index Usl11 will be rewritten with Usl11.
2022-10-18 16:57:25,161 | autoeft.projection.prosmeftion.yProjection.indices | DEBUG    | The index Lsl11 will be rewritten with Lsl11.
2022-10-18 16:57:25,161 | autoeft.projection.prosmeftion.yProjection.indices | DEBUG    | The index gauge1 will be rewritten with gauge1.
2022-10-18 16:57:25,161 | autoeft.projection.prosmeftion.yProjection.indices | DEBUG    | The index gauge1 will be rewritten with gauge1.
2022-10-18 16:57:25,162 | autoeft.projection.prosmeftion.yProjection.indices | DEBUG    | The index gauge2a will be rewritten with gauge2a.
2022-10-18 16:57:25,162 | autoeft.projection.prosmeftion.yProjection.indices | DEBUG    | The index gauge2a will be rewritten with gauge2a.
2022-10-18 16:57:25,248 | autoeft.projection.prosmeftion | DEBUG    | form -p /mnt/c/Users/jakob/OneDrive - Students RWTH Aachen University/Physik/9Physik/ws21/Masterthesis/autoeft/projection/form_files/general tex_coefficient.frm
2022-10-18 16:57:25,311 | autoeft.projection.prosmeftion | DEBUG    | form -p /mnt/c/Users/jakob/OneDrive - Students RWTH Aachen University/Physik/9Physik/ws21/Masterthesis/autoeft/projection/form_files/general tex_coefficient.frm
2022-10-18 16:57:25,386 | autoeft.projection.prosmeftion | DEBUG    | form -p /mnt/c/Users/jakob/OneDrive - Students RWTH Aachen University/Physik/9Physik/ws21/Masterthesis/autoeft/projection/form_files/general tex_coefficient.frm
2022-10-18 16:57:25,451 | autoeft.projection.prosmeftion | DEBUG    | form -p /mnt/c/Users/jakob/OneDrive - Students RWTH Aachen University/Physik/9Physik/ws21/Masterthesis/autoeft/projection/form_files/general tex_coefficient.frm
2022-10-18 16:57:25,459 | autoeft.projection.prosmeftion.tex | DEBUG    | Construct PDF.
2022-10-18 16:57:26,338 | autoeft.projection.prosmeftion.sun_projection | INFO     | Combine term0, term0 of type H0H+0BL+0WL+0.
2022-10-18 16:57:26,347 | autoeft.projection.prosmeftion.yProjection.indices | DEBUG    | The index gauge2 will be appended.
2022-10-18 16:57:26,351 | autoeft.projection.prosmeftion.yProjection.indices | DEBUG    | The index gauge1 will be rewritten with gauge2.
2022-10-18 16:57:26,353 | autoeft.projection.prosmeftion.yProjection.indices | DEBUG    | The index gauge1 will be rewritten with gauge2.
2022-10-18 16:57:26,358 | autoeft.projection.prosmeftion.yProjection.indices | DEBUG    | The index gauge3 will be appended.
2022-10-18 16:57:26,359 | autoeft.projection.prosmeftion.yProjection.indices | DEBUG    | The index gauge2a will be rewritten with gauge3.
2022-10-18 16:57:26,361 | autoeft.projection.prosmeftion.yProjection.indices | DEBUG    | The index gauge2a will be rewritten with gauge3.
2022-10-18 16:57:26,362 | autoeft.projection.prosmeftion.yProjection.indices | DEBUG    | The index Lsldot3 will be appended.
2022-10-18 16:57:26,373 | autoeft.projection.prosmeftion.yProjection.indices | DEBUG    | The index Usldot3 will be appended.
2022-10-18 16:57:26,374 | autoeft.projection.prosmeftion.yProjection.indices | DEBUG    | The index Lsldot1 will be rewritten with Lsldot3.
2022-10-18 16:57:26,376 | autoeft.projection.prosmeftion.yProjection.indices | DEBUG    | The index Usldot1 will be rewritten with Usldot3.
2022-10-18 16:57:26,379 | autoeft.projection.prosmeftion.yProjection.indices | DEBUG    | The index Lsldot4 will be appended.
2022-10-18 16:57:26,380 | autoeft.projection.prosmeftion.yProjection.indices | DEBUG    | The index Usldot4 will be appended.
2022-10-18 16:57:26,382 | autoeft.projection.prosmeftion.yProjection.indices | DEBUG    | The index Lsldot2 will be rewritten with Lsldot4.
2022-10-18 16:57:26,385 | autoeft.projection.prosmeftion.yProjection.indices | DEBUG    | The index Usldot2 will be rewritten with Usldot4.
2022-10-18 16:57:26,387 | autoeft.projection.prosmeftion.yProjection.indices | DEBUG    | The index gauge4 will be appended.
2022-10-18 16:57:26,388 | autoeft.projection.prosmeftion.yProjection.indices | DEBUG    | The index gaugeA10 will be rewritten with gauge4.
2022-10-18 16:57:26,389 | autoeft.projection.prosmeftion.yProjection.indices | DEBUG    | The index gaugeA10 will be rewritten with gauge4.
2022-10-18 16:57:26,390 | autoeft.projection.prosmeftion.yProjection.indices | DEBUG    | The index gauge5 will be appended.
2022-10-18 16:57:26,391 | autoeft.projection.prosmeftion.yProjection.indices | DEBUG    | The index gaugeA12 will be rewritten with gauge5.
2022-10-18 16:57:26,393 | autoeft.projection.prosmeftion.yProjection.indices | DEBUG    | The index gaugeA12 will be rewritten with gauge5.
2022-10-18 16:57:26,394 | autoeft.projection.prosmeftion.yProjection.indices | DEBUG    | The index Lsldot5 will be appended.
2022-10-18 16:57:26,395 | autoeft.projection.prosmeftion.yProjection.indices | DEBUG    | The index Usldot5 will be appended.
2022-10-18 16:57:26,395 | autoeft.projection.prosmeftion.yProjection.indices | DEBUG    | The index Lsldot10 will be rewritten with Lsldot5.
2022-10-18 16:57:26,396 | autoeft.projection.prosmeftion.yProjection.indices | DEBUG    | The index Usldot10 will be rewritten with Usldot5.
2022-10-18 16:57:26,398 | autoeft.projection.prosmeftion.yProjection.indices | DEBUG    | The index Lsldot6 will be appended.
2022-10-18 16:57:26,399 | autoeft.projection.prosmeftion.yProjection.indices | DEBUG    | The index Usldot6 will be appended.
2022-10-18 16:57:26,400 | autoeft.projection.prosmeftion.yProjection.indices | DEBUG    | The index Lsldot11 will be rewritten with Lsldot6.
2022-10-18 16:57:26,400 | autoeft.projection.prosmeftion.yProjection.indices | DEBUG    | The index Usldot11 will be rewritten with Usldot6.
2022-10-18 16:57:26,401 | autoeft.projection.prosmeftion.yProjection.indices | DEBUG    | The index gauge1 will be rewritten with gauge2.
2022-10-18 16:57:26,402 | autoeft.projection.prosmeftion.yProjection.indices | DEBUG    | The index gauge1 will be rewritten with gauge2.
2022-10-18 16:57:26,402 | autoeft.projection.prosmeftion.yProjection.indices | DEBUG    | The index gauge2a will be rewritten with gauge3.
2022-10-18 16:57:26,404 | autoeft.projection.prosmeftion.yProjection.indices | DEBUG    | The index gauge2a will be rewritten with gauge3.
2022-10-18 16:57:26,404 | autoeft.projection.prosmeftion.yProjection.indices | DEBUG    | The index Lsldot1 will be rewritten with Lsldot3.
2022-10-18 16:57:26,405 | autoeft.projection.prosmeftion.yProjection.indices | DEBUG    | The index Usldot1 will be rewritten with Usldot3.
2022-10-18 16:57:26,406 | autoeft.projection.prosmeftion.yProjection.indices | DEBUG    | The index Lsldot2 will be rewritten with Lsldot4.
2022-10-18 16:57:26,406 | autoeft.projection.prosmeftion.yProjection.indices | DEBUG    | The index Usldot2 will be rewritten with Usldot4.
2022-10-18 16:57:26,407 | autoeft.projection.prosmeftion.yProjection.indices | DEBUG    | The index gaugeA10 will be rewritten with gauge4.
2022-10-18 16:57:26,408 | autoeft.projection.prosmeftion.yProjection.indices | DEBUG    | The index gaugeA10 will be rewritten with gauge4.
2022-10-18 16:57:26,411 | autoeft.projection.prosmeftion.yProjection.indices | DEBUG    | The index gaugeA12 will be rewritten with gauge5.
2022-10-18 16:57:26,413 | autoeft.projection.prosmeftion.yProjection.indices | DEBUG    | The index gaugeA12 will be rewritten with gauge5.
2022-10-18 16:57:26,414 | autoeft.projection.prosmeftion.yProjection.indices | DEBUG    | The index Lsldot10 will be rewritten with Lsldot5.
2022-10-18 16:57:26,418 | autoeft.projection.prosmeftion.yProjection.indices | DEBUG    | The index Usldot10 will be rewritten with Usldot5.
2022-10-18 16:57:26,424 | autoeft.projection.prosmeftion.yProjection.indices | DEBUG    | The index Lsldot11 will be rewritten with Lsldot6.
2022-10-18 16:57:26,426 | autoeft.projection.prosmeftion.yProjection.indices | DEBUG    | The index Usldot11 will be rewritten with Usldot6.
2022-10-18 16:57:26,428 | autoeft.projection.prosmeftion.yProjection.indices | DEBUG    | The index gauge2 will be deleted.
2022-10-18 16:57:26,429 | autoeft.projection.prosmeftion.yProjection.indices | DEBUG    | The index gauge5 will be deleted.
2022-10-18 16:57:26,429 | autoeft.projection.prosmeftion.yProjection.operator | DEBUG    | Expression changed from [su2eps](gauge1,gaugeA12) to [su2eps](gauge2,gauge5).
2022-10-18 16:57:26,431 | autoeft.projection.prosmeftion.yProjection.indices | DEBUG    | The index gauge4 will be deleted.
2022-10-18 16:57:26,432 | autoeft.projection.prosmeftion.yProjection.indices | DEBUG    | The index gauge3 will be deleted.
2022-10-18 16:57:26,432 | autoeft.projection.prosmeftion.yProjection.operator | DEBUG    | Expression changed from [su2eps](gaugeA10,gauge2a) to [su2eps](gauge4,gauge3).
2022-10-18 16:57:26,434 | autoeft.projection.prosmeftion.yProjection.indices | DEBUG    | The index Lsldot3 will be deleted.
2022-10-18 16:57:26,435 | autoeft.projection.prosmeftion.yProjection.indices | DEBUG    | The index Lsldot5 will be deleted.
2022-10-18 16:57:26,437 | autoeft.projection.prosmeftion.yProjection.operator | DEBUG    | Expression changed from [sl2Ceps](Lsldot1,Lsldot10) to [sl2Ceps](Lsldot3,Lsldot5).
2022-10-18 16:57:26,441 | autoeft.projection.prosmeftion.yProjection.indices | DEBUG    | The index Lsldot4 will be deleted.
2022-10-18 16:57:26,451 | autoeft.projection.prosmeftion.yProjection.indices | DEBUG    | The index Lsldot6 will be deleted.
2022-10-18 16:57:26,452 | autoeft.projection.prosmeftion.yProjection.operator | DEBUG    | Expression changed from [sl2Ceps](Lsldot2,Lsldot11) to [sl2Ceps](Lsldot4,Lsldot6).
2022-10-18 16:57:26,454 | autoeft.projection.prosmeftion.yProjection.operator | DEBUG    | Expression changed from H(gauge1) to H(gauge2).
2022-10-18 16:57:26,463 | autoeft.projection.prosmeftion.yProjection.operator | DEBUG    | Expression changed from [H+](gauge2a) to [H+](gauge3).
2022-10-18 16:57:26,478 | autoeft.projection.prosmeftion.yProjection.operator | DEBUG    | Expression changed from BR(Usldot1,Usldot2) to BR(Usldot3,Usldot4).
2022-10-18 16:57:26,488 | autoeft.projection.prosmeftion.yProjection.operator | DEBUG    | Expression changed from WR(gaugeA10,gaugeA12,Usldot10,Usldot11) to WR(gauge4,gauge5,Usldot5,Usldot6).
2022-10-18 16:57:26,489 | autoeft.projection.prosmeftion.yProjection.indices | DEBUG    | The index gauge2 will be deleted.
2022-10-18 16:57:26,496 | autoeft.projection.prosmeftion.yProjection.indices | DEBUG    | The index gauge5 will be deleted.
2022-10-18 16:57:26,498 | autoeft.projection.prosmeftion.yProjection.operator | DEBUG    | Expression changed from [su2eps](gauge1,gaugeA12) to [su2eps](gauge2,gauge5).
2022-10-18 16:57:26,502 | autoeft.projection.prosmeftion.yProjection.indices | DEBUG    | The index gauge4 will be deleted.
2022-10-18 16:57:26,503 | autoeft.projection.prosmeftion.yProjection.indices | DEBUG    | The index gauge3 will be deleted.
2022-10-18 16:57:26,507 | autoeft.projection.prosmeftion.yProjection.operator | DEBUG    | Expression changed from [su2eps](gaugeA10,gauge2a) to [su2eps](gauge4,gauge3).
2022-10-18 16:57:26,510 | autoeft.projection.prosmeftion.yProjection.indices | DEBUG    | The index Lsldot3 will be deleted.
2022-10-18 16:57:26,511 | autoeft.projection.prosmeftion.yProjection.indices | DEBUG    | The index Lsldot6 will be deleted.
2022-10-18 16:57:26,515 | autoeft.projection.prosmeftion.yProjection.operator | DEBUG    | Expression changed from [sl2Ceps](Lsldot1,Lsldot11) to [sl2Ceps](Lsldot3,Lsldot6).
2022-10-18 16:57:26,523 | autoeft.projection.prosmeftion.yProjection.indices | DEBUG    | The index Lsldot4 will be deleted.
2022-10-18 16:57:26,527 | autoeft.projection.prosmeftion.yProjection.indices | DEBUG    | The index Lsldot5 will be deleted.
2022-10-18 16:57:26,528 | autoeft.projection.prosmeftion.yProjection.operator | DEBUG    | Expression changed from [sl2Ceps](Lsldot2,Lsldot10) to [sl2Ceps](Lsldot4,Lsldot5).
2022-10-18 16:57:26,530 | autoeft.projection.prosmeftion.yProjection.operator | DEBUG    | Expression changed from H(gauge1) to H(gauge2).
2022-10-18 16:57:26,535 | autoeft.projection.prosmeftion.yProjection.operator | DEBUG    | Expression changed from [H+](gauge2a) to [H+](gauge3).
2022-10-18 16:57:26,536 | autoeft.projection.prosmeftion.yProjection.operator | DEBUG    | Expression changed from BR(Usldot1,Usldot2) to BR(Usldot3,Usldot4).
2022-10-18 16:57:26,537 | autoeft.projection.prosmeftion.yProjection.operator | DEBUG    | Expression changed from WR(gaugeA10,gaugeA12,Usldot10,Usldot11) to WR(gauge4,gauge5,Usldot5,Usldot6).
2022-10-18 16:57:26,725 | autoeft.projection.prosmeftion | DEBUG    | form -p /mnt/c/Users/jakob/OneDrive - Students RWTH Aachen University/Physik/9Physik/ws21/Masterthesis/autoeft/projection/form_files/general H0H+0BL+0WL+0.frm
2022-10-18 16:57:26,811 | autoeft.projection.prosmeftion | DEBUG    | form -p /mnt/c/Users/jakob/OneDrive - Students RWTH Aachen University/Physik/9Physik/ws21/Masterthesis/autoeft/projection/form_files/general term_read.frm
2022-10-18 16:57:26,948 | autoeft.projection.prosmeftion | DEBUG    | form -p /mnt/c/Users/jakob/OneDrive - Students RWTH Aachen University/Physik/9Physik/ws21/Masterthesis/autoeft/projection/form_files/general get_Ops.frm
2022-10-18 16:57:27,173 | autoeft.projection.prosmeftion | DEBUG    | form -p /mnt/c/Users/jakob/OneDrive - Students RWTH Aachen University/Physik/9Physik/ws21/Masterthesis/autoeft/projection/form_files/general get_Ops.frm
2022-10-18 16:57:27,202 | autoeft.projection.prosmeftion.sun_projection | INFO     | Combine term0, term0 of type BL0WL0H0H+0.
2022-10-18 16:57:27,212 | autoeft.projection.prosmeftion.yProjection.indices | DEBUG    | The index Lsl3 will be appended.
2022-10-18 16:57:27,214 | autoeft.projection.prosmeftion.yProjection.indices | DEBUG    | The index Usl3 will be appended.
2022-10-18 16:57:27,216 | autoeft.projection.prosmeftion.yProjection.indices | DEBUG    | The index Usl1 will be rewritten with Usl3.
2022-10-18 16:57:27,216 | autoeft.projection.prosmeftion.yProjection.indices | DEBUG    | The index Lsl1 will be rewritten with Lsl3.
2022-10-18 16:57:27,219 | autoeft.projection.prosmeftion.yProjection.indices | DEBUG    | The index Lsl4 will be appended.
2022-10-18 16:57:27,220 | autoeft.projection.prosmeftion.yProjection.indices | DEBUG    | The index Usl4 will be appended.
2022-10-18 16:57:27,221 | autoeft.projection.prosmeftion.yProjection.indices | DEBUG    | The index Usl2 will be rewritten with Usl4.
2022-10-18 16:57:27,222 | autoeft.projection.prosmeftion.yProjection.indices | DEBUG    | The index Lsl2 will be rewritten with Lsl4.
2022-10-18 16:57:27,223 | autoeft.projection.prosmeftion.yProjection.indices | DEBUG    | The index gauge2 will be appended.
2022-10-18 16:57:27,224 | autoeft.projection.prosmeftion.yProjection.indices | DEBUG    | The index gaugeA10 will be rewritten with gauge2.
2022-10-18 16:57:27,226 | autoeft.projection.prosmeftion.yProjection.indices | DEBUG    | The index gaugeA10 will be rewritten with gauge2.
2022-10-18 16:57:27,227 | autoeft.projection.prosmeftion.yProjection.indices | DEBUG    | The index gauge3 will be appended.
2022-10-18 16:57:27,228 | autoeft.projection.prosmeftion.yProjection.indices | DEBUG    | The index gaugeA12 will be rewritten with gauge3.
2022-10-18 16:57:27,229 | autoeft.projection.prosmeftion.yProjection.indices | DEBUG    | The index gaugeA12 will be rewritten with gauge3.
2022-10-18 16:57:27,229 | autoeft.projection.prosmeftion.yProjection.indices | DEBUG    | The index Lsl5 will be appended.
2022-10-18 16:57:27,230 | autoeft.projection.prosmeftion.yProjection.indices | DEBUG    | The index Usl5 will be appended.
2022-10-18 16:57:27,230 | autoeft.projection.prosmeftion.yProjection.indices | DEBUG    | The index Usl10 will be rewritten with Usl5.
2022-10-18 16:57:27,231 | autoeft.projection.prosmeftion.yProjection.indices | DEBUG    | The index Lsl10 will be rewritten with Lsl5.
2022-10-18 16:57:27,232 | autoeft.projection.prosmeftion.yProjection.indices | DEBUG    | The index Lsl6 will be appended.
2022-10-18 16:57:27,232 | autoeft.projection.prosmeftion.yProjection.indices | DEBUG    | The index Usl6 will be appended.
2022-10-18 16:57:27,233 | autoeft.projection.prosmeftion.yProjection.indices | DEBUG    | The index Usl11 will be rewritten with Usl6.
2022-10-18 16:57:27,234 | autoeft.projection.prosmeftion.yProjection.indices | DEBUG    | The index Lsl11 will be rewritten with Lsl6.
2022-10-18 16:57:27,235 | autoeft.projection.prosmeftion.yProjection.indices | DEBUG    | The index gauge4 will be appended.
2022-10-18 16:57:27,235 | autoeft.projection.prosmeftion.yProjection.indices | DEBUG    | The index gauge1 will be rewritten with gauge4.
2022-10-18 16:57:27,236 | autoeft.projection.prosmeftion.yProjection.indices | DEBUG    | The index gauge1 will be rewritten with gauge4.
2022-10-18 16:57:27,237 | autoeft.projection.prosmeftion.yProjection.indices | DEBUG    | The index gauge5 will be appended.
2022-10-18 16:57:27,237 | autoeft.projection.prosmeftion.yProjection.indices | DEBUG    | The index gauge2a will be rewritten with gauge5.
2022-10-18 16:57:27,238 | autoeft.projection.prosmeftion.yProjection.indices | DEBUG    | The index gauge2a will be rewritten with gauge5.
2022-10-18 16:57:27,238 | autoeft.projection.prosmeftion.yProjection.indices | DEBUG    | The index Usl1 will be rewritten with Usl3.
2022-10-18 16:57:27,239 | autoeft.projection.prosmeftion.yProjection.indices | DEBUG    | The index Lsl1 will be rewritten with Lsl3.
2022-10-18 16:57:27,239 | autoeft.projection.prosmeftion.yProjection.indices | DEBUG    | The index Usl2 will be rewritten with Usl4.
2022-10-18 16:57:27,239 | autoeft.projection.prosmeftion.yProjection.indices | DEBUG    | The index Lsl2 will be rewritten with Lsl4.
2022-10-18 16:57:27,240 | autoeft.projection.prosmeftion.yProjection.indices | DEBUG    | The index gaugeA10 will be rewritten with gauge2.
2022-10-18 16:57:27,240 | autoeft.projection.prosmeftion.yProjection.indices | DEBUG    | The index gaugeA10 will be rewritten with gauge2.
2022-10-18 16:57:27,244 | autoeft.projection.prosmeftion.yProjection.indices | DEBUG    | The index gaugeA12 will be rewritten with gauge3.
2022-10-18 16:57:27,245 | autoeft.projection.prosmeftion.yProjection.indices | DEBUG    | The index gaugeA12 will be rewritten with gauge3.
2022-10-18 16:57:27,246 | autoeft.projection.prosmeftion.yProjection.indices | DEBUG    | The index Usl10 will be rewritten with Usl5.
2022-10-18 16:57:27,247 | autoeft.projection.prosmeftion.yProjection.indices | DEBUG    | The index Lsl10 will be rewritten with Lsl5.
2022-10-18 16:57:27,247 | autoeft.projection.prosmeftion.yProjection.indices | DEBUG    | The index Usl11 will be rewritten with Usl6.
2022-10-18 16:57:27,248 | autoeft.projection.prosmeftion.yProjection.indices | DEBUG    | The index Lsl11 will be rewritten with Lsl6.
2022-10-18 16:57:27,249 | autoeft.projection.prosmeftion.yProjection.indices | DEBUG    | The index gauge1 will be rewritten with gauge4.
2022-10-18 16:57:27,250 | autoeft.projection.prosmeftion.yProjection.indices | DEBUG    | The index gauge1 will be rewritten with gauge4.
2022-10-18 16:57:27,251 | autoeft.projection.prosmeftion.yProjection.indices | DEBUG    | The index gauge2a will be rewritten with gauge5.
2022-10-18 16:57:27,251 | autoeft.projection.prosmeftion.yProjection.indices | DEBUG    | The index gauge2a will be rewritten with gauge5.
2022-10-18 16:57:27,252 | autoeft.projection.prosmeftion.yProjection.indices | DEBUG    | The index gauge4 will be deleted.
2022-10-18 16:57:27,252 | autoeft.projection.prosmeftion.yProjection.indices | DEBUG    | The index gauge3 will be deleted.
2022-10-18 16:57:27,253 | autoeft.projection.prosmeftion.yProjection.operator | DEBUG    | Expression changed from [su2eps](gauge1,gaugeA12) to [su2eps](gauge4,gauge3).
2022-10-18 16:57:27,254 | autoeft.projection.prosmeftion.yProjection.indices | DEBUG    | The index gauge2 will be deleted.
2022-10-18 16:57:27,255 | autoeft.projection.prosmeftion.yProjection.indices | DEBUG    | The index gauge5 will be deleted.
2022-10-18 16:57:27,256 | autoeft.projection.prosmeftion.yProjection.operator | DEBUG    | Expression changed from [su2eps](gaugeA10,gauge2a) to [su2eps](gauge2,gauge5).
2022-10-18 16:57:27,261 | autoeft.projection.prosmeftion.yProjection.indices | DEBUG    | The index Usl3 will be deleted.
2022-10-18 16:57:27,262 | autoeft.projection.prosmeftion.yProjection.indices | DEBUG    | The index Usl5 will be deleted.
2022-10-18 16:57:27,262 | autoeft.projection.prosmeftion.yProjection.operator | DEBUG    | Expression changed from [sl2Ceps](Usl1,Usl10) to [sl2Ceps](Usl3,Usl5).
2022-10-18 16:57:27,263 | autoeft.projection.prosmeftion.yProjection.indices | DEBUG    | The index Usl4 will be deleted.
2022-10-18 16:57:27,263 | autoeft.projection.prosmeftion.yProjection.indices | DEBUG    | The index Usl6 will be deleted.
2022-10-18 16:57:27,264 | autoeft.projection.prosmeftion.yProjection.operator | DEBUG    | Expression changed from [sl2Ceps](Usl2,Usl11) to [sl2Ceps](Usl4,Usl6).
2022-10-18 16:57:27,264 | autoeft.projection.prosmeftion.yProjection.operator | DEBUG    | Expression changed from BL(Lsl1,Lsl2) to BL(Lsl3,Lsl4).
2022-10-18 16:57:27,265 | autoeft.projection.prosmeftion.yProjection.operator | DEBUG    | Expression changed from WL(gaugeA10,gaugeA12,Lsl10,Lsl11) to WL(gauge2,gauge3,Lsl5,Lsl6).
2022-10-18 16:57:27,266 | autoeft.projection.prosmeftion.yProjection.operator | DEBUG    | Expression changed from H(gauge1) to H(gauge4).
2022-10-18 16:57:27,267 | autoeft.projection.prosmeftion.yProjection.operator | DEBUG    | Expression changed from [H+](gauge2a) to [H+](gauge5).
2022-10-18 16:57:27,267 | autoeft.projection.prosmeftion.yProjection.indices | DEBUG    | The index gauge4 will be deleted.
2022-10-18 16:57:27,268 | autoeft.projection.prosmeftion.yProjection.indices | DEBUG    | The index gauge3 will be deleted.
2022-10-18 16:57:27,268 | autoeft.projection.prosmeftion.yProjection.operator | DEBUG    | Expression changed from [su2eps](gauge1,gaugeA12) to [su2eps](gauge4,gauge3).
2022-10-18 16:57:27,268 | autoeft.projection.prosmeftion.yProjection.indices | DEBUG    | The index gauge2 will be deleted.
2022-10-18 16:57:27,269 | autoeft.projection.prosmeftion.yProjection.indices | DEBUG    | The index gauge5 will be deleted.
2022-10-18 16:57:27,269 | autoeft.projection.prosmeftion.yProjection.operator | DEBUG    | Expression changed from [su2eps](gaugeA10,gauge2a) to [su2eps](gauge2,gauge5).
2022-10-18 16:57:27,270 | autoeft.projection.prosmeftion.yProjection.indices | DEBUG    | The index Usl3 will be deleted.
2022-10-18 16:57:27,270 | autoeft.projection.prosmeftion.yProjection.indices | DEBUG    | The index Usl6 will be deleted.
2022-10-18 16:57:27,271 | autoeft.projection.prosmeftion.yProjection.operator | DEBUG    | Expression changed from [sl2Ceps](Usl1,Usl11) to [sl2Ceps](Usl3,Usl6).
2022-10-18 16:57:27,271 | autoeft.projection.prosmeftion.yProjection.indices | DEBUG    | The index Usl4 will be deleted.
2022-10-18 16:57:27,272 | autoeft.projection.prosmeftion.yProjection.indices | DEBUG    | The index Usl5 will be deleted.
2022-10-18 16:57:27,272 | autoeft.projection.prosmeftion.yProjection.operator | DEBUG    | Expression changed from [sl2Ceps](Usl2,Usl10) to [sl2Ceps](Usl4,Usl5).
2022-10-18 16:57:27,274 | autoeft.projection.prosmeftion.yProjection.operator | DEBUG    | Expression changed from BL(Lsl1,Lsl2) to BL(Lsl3,Lsl4).
2022-10-18 16:57:27,277 | autoeft.projection.prosmeftion.yProjection.operator | DEBUG    | Expression changed from WL(gaugeA10,gaugeA12,Lsl10,Lsl11) to WL(gauge2,gauge3,Lsl5,Lsl6).
2022-10-18 16:57:27,279 | autoeft.projection.prosmeftion.yProjection.operator | DEBUG    | Expression changed from H(gauge1) to H(gauge4).
2022-10-18 16:57:27,280 | autoeft.projection.prosmeftion.yProjection.operator | DEBUG    | Expression changed from [H+](gauge2a) to [H+](gauge5).
2022-10-18 16:57:27,365 | autoeft.projection.prosmeftion | DEBUG    | form -p /mnt/c/Users/jakob/OneDrive - Students RWTH Aachen University/Physik/9Physik/ws21/Masterthesis/autoeft/projection/form_files/general BL0WL0H0H+0.frm
2022-10-18 16:57:27,483 | autoeft.projection.prosmeftion | DEBUG    | form -p /mnt/c/Users/jakob/OneDrive - Students RWTH Aachen University/Physik/9Physik/ws21/Masterthesis/autoeft/projection/form_files/general term_read.frm
2022-10-18 16:57:27,589 | autoeft.projection.prosmeftion | DEBUG    | form -p /mnt/c/Users/jakob/OneDrive - Students RWTH Aachen University/Physik/9Physik/ws21/Masterthesis/autoeft/projection/form_files/general get_Ops.frm
2022-10-18 16:57:27,690 | autoeft.projection.prosmeftion | DEBUG    | form -p /mnt/c/Users/jakob/OneDrive - Students RWTH Aachen University/Physik/9Physik/ws21/Masterthesis/autoeft/projection/form_files/general get_Ops.frm
2022-10-18 16:57:27,727 | autoeft.projection.prosmeftion.sun_projection | INFO     | Sort fields by type, indicated by a tuple filled with integers. They specify the number of fields in the single summand in the following order: BL WL L Q dC eC uC H H+ L+ Q+ dC+ eC+ uC+ BL+ WL+
2022-10-18 16:57:27,728 | autoeft.projection.prosmeftion.yProjection.indices | DEBUG    | The index gauge2 will be deleted.
2022-10-18 16:57:27,729 | autoeft.projection.prosmeftion.yProjection.indices | DEBUG    | The index gauge5 will be deleted.
2022-10-18 16:57:27,729 | autoeft.projection.prosmeftion.yProjection.indices | DEBUG    | The index gauge4 will be deleted.
2022-10-18 16:57:27,729 | autoeft.projection.prosmeftion.yProjection.indices | DEBUG    | The index gauge3 will be deleted.
2022-10-18 16:57:27,730 | autoeft.projection.prosmeftion.yProjection.indices | DEBUG    | The index Lsldot3 will be deleted.
2022-10-18 16:57:27,730 | autoeft.projection.prosmeftion.yProjection.indices | DEBUG    | The index Lsldot5 will be deleted.
2022-10-18 16:57:27,730 | autoeft.projection.prosmeftion.yProjection.indices | DEBUG    | The index Lsldot4 will be deleted.
2022-10-18 16:57:27,731 | autoeft.projection.prosmeftion.yProjection.indices | DEBUG    | The index Lsldot6 will be deleted.
2022-10-18 16:57:27,732 | autoeft.projection.prosmeftion.yProjection.indices | DEBUG    | The index gauge2 will be deleted.
2022-10-18 16:57:27,732 | autoeft.projection.prosmeftion.yProjection.indices | DEBUG    | The index gauge5 will be deleted.
2022-10-18 16:57:27,732 | autoeft.projection.prosmeftion.yProjection.indices | DEBUG    | The index gauge4 will be deleted.
2022-10-18 16:57:27,733 | autoeft.projection.prosmeftion.yProjection.indices | DEBUG    | The index gauge3 will be deleted.
2022-10-18 16:57:27,733 | autoeft.projection.prosmeftion.yProjection.indices | DEBUG    | The index Lsldot3 will be deleted.
2022-10-18 16:57:27,733 | autoeft.projection.prosmeftion.yProjection.indices | DEBUG    | The index Lsldot6 will be deleted.
2022-10-18 16:57:27,734 | autoeft.projection.prosmeftion.yProjection.indices | DEBUG    | The index Lsldot5 will be deleted.
2022-10-18 16:57:27,734 | autoeft.projection.prosmeftion.yProjection.indices | DEBUG    | The index Lsldot4 will be deleted.
2022-10-18 16:57:27,736 | autoeft.projection.prosmeftion.yProjection.indices | DEBUG    | The index gauge2 will be deleted.
2022-10-18 16:57:27,736 | autoeft.projection.prosmeftion.yProjection.indices | DEBUG    | The index gauge5 will be deleted.
2022-10-18 16:57:27,736 | autoeft.projection.prosmeftion.yProjection.indices | DEBUG    | The index gauge4 will be deleted.
2022-10-18 16:57:27,737 | autoeft.projection.prosmeftion.yProjection.indices | DEBUG    | The index gauge3 will be deleted.
2022-10-18 16:57:27,737 | autoeft.projection.prosmeftion.yProjection.indices | DEBUG    | The index Usl3 will be deleted.
2022-10-18 16:57:27,738 | autoeft.projection.prosmeftion.yProjection.indices | DEBUG    | The index Usl5 will be deleted.
2022-10-18 16:57:27,738 | autoeft.projection.prosmeftion.yProjection.indices | DEBUG    | The index Usl4 will be deleted.
2022-10-18 16:57:27,739 | autoeft.projection.prosmeftion.yProjection.indices | DEBUG    | The index Usl6 will be deleted.
2022-10-18 16:57:27,740 | autoeft.projection.prosmeftion.yProjection.indices | DEBUG    | The index gauge2 will be deleted.
2022-10-18 16:57:27,741 | autoeft.projection.prosmeftion.yProjection.indices | DEBUG    | The index gauge5 will be deleted.
2022-10-18 16:57:27,741 | autoeft.projection.prosmeftion.yProjection.indices | DEBUG    | The index gauge4 will be deleted.
2022-10-18 16:57:27,743 | autoeft.projection.prosmeftion.yProjection.indices | DEBUG    | The index gauge3 will be deleted.
2022-10-18 16:57:27,744 | autoeft.projection.prosmeftion.yProjection.indices | DEBUG    | The index Usl3 will be deleted.
2022-10-18 16:57:27,744 | autoeft.projection.prosmeftion.yProjection.indices | DEBUG    | The index Usl6 will be deleted.
2022-10-18 16:57:27,744 | autoeft.projection.prosmeftion.yProjection.indices | DEBUG    | The index Usl5 will be deleted.
2022-10-18 16:57:27,745 | autoeft.projection.prosmeftion.yProjection.indices | DEBUG    | The index Usl4 will be deleted.
2022-10-18 16:57:27,747 | autoeft.projection        | INFO     | #Terms with doubles: 4 <-> #Terms without doubles: 4
2022-10-18 16:57:27,748 | autoeft.projection.prosmeftion.tex | INFO     | Create texed PDF BWHH+_sorted_wo_doubles.pdf of all terms.
2022-10-18 16:57:27,749 | autoeft.projection.prosmeftion.tex | DEBUG    | Create Tex file of all terms.
2022-10-18 16:57:27,830 | autoeft.projection.prosmeftion | DEBUG    | form -p /mnt/c/Users/jakob/OneDrive - Students RWTH Aachen University/Physik/9Physik/ws21/Masterthesis/autoeft/projection/form_files/general tex_coefficient.frm
2022-10-18 16:57:27,916 | autoeft.projection.prosmeftion | DEBUG    | form -p /mnt/c/Users/jakob/OneDrive - Students RWTH Aachen University/Physik/9Physik/ws21/Masterthesis/autoeft/projection/form_files/general tex_coefficient.frm
2022-10-18 16:57:28,001 | autoeft.projection.prosmeftion | DEBUG    | form -p /mnt/c/Users/jakob/OneDrive - Students RWTH Aachen University/Physik/9Physik/ws21/Masterthesis/autoeft/projection/form_files/general tex_coefficient.frm
2022-10-18 16:57:28,091 | autoeft.projection.prosmeftion | DEBUG    | form -p /mnt/c/Users/jakob/OneDrive - Students RWTH Aachen University/Physik/9Physik/ws21/Masterthesis/autoeft/projection/form_files/general tex_coefficient.frm
2022-10-18 16:57:28,098 | autoeft.projection.prosmeftion.tex | DEBUG    | Construct PDF.
2022-10-18 16:57:28,811 | autoeft.projection.prosmeftion | DEBUG    | form -p /mnt/c/Users/jakob/OneDrive - Students RWTH Aachen University/Physik/9Physik/ws21/Masterthesis/autoeft/projection/form_files/general get_dimension.frm
2022-10-18 16:57:28,881 | autoeft.projection.prosmeftion | DEBUG    | form -p /mnt/c/Users/jakob/OneDrive - Students RWTH Aachen University/Physik/9Physik/ws21/Masterthesis/autoeft/projection/form_files/general get_dimension.frm
2022-10-18 16:57:28,891 | autoeft.projection.prosmeftion.sun_projection | INFO     | Sort fields by type, indicated by a tuple filled with integers. They specify the number of fields in the single summand in the following order: BL WL L Q dC eC uC H H+ L+ Q+ dC+ eC+ uC+ BL+ WL+
2022-10-18 16:57:28,893 | autoeft.projection.prosmeftion.yProjection.indices | DEBUG    | The index gauge2 will be deleted.
2022-10-18 16:57:28,894 | autoeft.projection.prosmeftion.yProjection.indices | DEBUG    | The index gauge5 will be deleted.
2022-10-18 16:57:28,895 | autoeft.projection.prosmeftion.yProjection.indices | DEBUG    | The index gauge4 will be deleted.
2022-10-18 16:57:28,895 | autoeft.projection.prosmeftion.yProjection.indices | DEBUG    | The index gauge3 will be deleted.
2022-10-18 16:57:28,896 | autoeft.projection.prosmeftion.yProjection.indices | DEBUG    | The index Lsldot3 will be deleted.
2022-10-18 16:57:28,896 | autoeft.projection.prosmeftion.yProjection.indices | DEBUG    | The index Lsldot5 will be deleted.
2022-10-18 16:57:28,897 | autoeft.projection.prosmeftion.yProjection.indices | DEBUG    | The index Lsldot4 will be deleted.
2022-10-18 16:57:28,897 | autoeft.projection.prosmeftion.yProjection.indices | DEBUG    | The index Lsldot6 will be deleted.
2022-10-18 16:57:28,900 | autoeft.projection.prosmeftion.yProjection.indices | DEBUG    | The index gauge2 will be deleted.
2022-10-18 16:57:28,900 | autoeft.projection.prosmeftion.yProjection.indices | DEBUG    | The index gauge5 will be deleted.
2022-10-18 16:57:28,901 | autoeft.projection.prosmeftion.yProjection.indices | DEBUG    | The index gauge4 will be deleted.
2022-10-18 16:57:28,901 | autoeft.projection.prosmeftion.yProjection.indices | DEBUG    | The index gauge3 will be deleted.
2022-10-18 16:57:28,901 | autoeft.projection.prosmeftion.yProjection.indices | DEBUG    | The index Lsldot3 will be deleted.
2022-10-18 16:57:28,902 | autoeft.projection.prosmeftion.yProjection.indices | DEBUG    | The index Lsldot6 will be deleted.
2022-10-18 16:57:28,903 | autoeft.projection.prosmeftion.yProjection.indices | DEBUG    | The index Lsldot5 will be deleted.
2022-10-18 16:57:28,904 | autoeft.projection.prosmeftion.yProjection.indices | DEBUG    | The index Lsldot4 will be deleted.
2022-10-18 16:57:28,908 | autoeft.projection.prosmeftion.yProjection.indices | DEBUG    | The index gauge2 will be deleted.
2022-10-18 16:57:28,921 | autoeft.projection.prosmeftion.yProjection.indices | DEBUG    | The index gauge5 will be deleted.
2022-10-18 16:57:28,921 | autoeft.projection.prosmeftion.yProjection.indices | DEBUG    | The index gauge4 will be deleted.
2022-10-18 16:57:28,922 | autoeft.projection.prosmeftion.yProjection.indices | DEBUG    | The index gauge3 will be deleted.
2022-10-18 16:57:28,923 | autoeft.projection.prosmeftion.yProjection.indices | DEBUG    | The index Usl3 will be deleted.
2022-10-18 16:57:28,923 | autoeft.projection.prosmeftion.yProjection.indices | DEBUG    | The index Usl5 will be deleted.
2022-10-18 16:57:28,924 | autoeft.projection.prosmeftion.yProjection.indices | DEBUG    | The index Usl4 will be deleted.
2022-10-18 16:57:28,924 | autoeft.projection.prosmeftion.yProjection.indices | DEBUG    | The index Usl6 will be deleted.
2022-10-18 16:57:28,926 | autoeft.projection.prosmeftion.yProjection.indices | DEBUG    | The index gauge2 will be deleted.
2022-10-18 16:57:28,926 | autoeft.projection.prosmeftion.yProjection.indices | DEBUG    | The index gauge5 will be deleted.
2022-10-18 16:57:28,927 | autoeft.projection.prosmeftion.yProjection.indices | DEBUG    | The index gauge4 will be deleted.
2022-10-18 16:57:28,927 | autoeft.projection.prosmeftion.yProjection.indices | DEBUG    | The index gauge3 will be deleted.
2022-10-18 16:57:28,928 | autoeft.projection.prosmeftion.yProjection.indices | DEBUG    | The index Usl3 will be deleted.
2022-10-18 16:57:28,928 | autoeft.projection.prosmeftion.yProjection.indices | DEBUG    | The index Usl6 will be deleted.
2022-10-18 16:57:28,928 | autoeft.projection.prosmeftion.yProjection.indices | DEBUG    | The index Usl5 will be deleted.
2022-10-18 16:57:28,929 | autoeft.projection.prosmeftion.yProjection.indices | DEBUG    | The index Usl4 will be deleted.
2022-10-18 16:57:28,975 | autoeft.projection.prosmeftion | DEBUG    | form -p /mnt/c/Users/jakob/OneDrive - Students RWTH Aachen University/Physik/9Physik/ws21/Masterthesis/autoeft/projection/form_files/general get_dimension.frm
2022-10-18 16:57:29,036 | autoeft.projection.prosmeftion | DEBUG    | form -p /mnt/c/Users/jakob/OneDrive - Students RWTH Aachen University/Physik/9Physik/ws21/Masterthesis/autoeft/projection/form_files/general get_dimension.frm
2022-10-18 16:57:29,047 | autoeft.projection.prosmeftion.sun_projection | INFO     | Sort fields by type, indicated by a tuple filled with integers. They specify the number of fields in the single summand in the following order: BL WL L Q dC eC uC H H+ L+ Q+ dC+ eC+ uC+ BL+ WL+
2022-10-18 16:57:29,048 | autoeft.projection.prosmeftion.yProjection.indices | DEBUG    | The index gauge2 will be deleted.
2022-10-18 16:57:29,049 | autoeft.projection.prosmeftion.yProjection.indices | DEBUG    | The index gauge5 will be deleted.
2022-10-18 16:57:29,049 | autoeft.projection.prosmeftion.yProjection.indices | DEBUG    | The index gauge4 will be deleted.
2022-10-18 16:57:29,049 | autoeft.projection.prosmeftion.yProjection.indices | DEBUG    | The index gauge3 will be deleted.
2022-10-18 16:57:29,050 | autoeft.projection.prosmeftion.yProjection.indices | DEBUG    | The index Lsldot3 will be deleted.
2022-10-18 16:57:29,051 | autoeft.projection.prosmeftion.yProjection.indices | DEBUG    | The index Lsldot5 will be deleted.
2022-10-18 16:57:29,051 | autoeft.projection.prosmeftion.yProjection.indices | DEBUG    | The index Lsldot4 will be deleted.
2022-10-18 16:57:29,052 | autoeft.projection.prosmeftion.yProjection.indices | DEBUG    | The index Lsldot6 will be deleted.
2022-10-18 16:57:29,054 | autoeft.projection.prosmeftion.yProjection.indices | DEBUG    | The index gauge2 will be deleted.
2022-10-18 16:57:29,054 | autoeft.projection.prosmeftion.yProjection.indices | DEBUG    | The index gauge5 will be deleted.
2022-10-18 16:57:29,055 | autoeft.projection.prosmeftion.yProjection.indices | DEBUG    | The index gauge4 will be deleted.
2022-10-18 16:57:29,055 | autoeft.projection.prosmeftion.yProjection.indices | DEBUG    | The index gauge3 will be deleted.
2022-10-18 16:57:29,055 | autoeft.projection.prosmeftion.yProjection.indices | DEBUG    | The index Lsldot3 will be deleted.
2022-10-18 16:57:29,056 | autoeft.projection.prosmeftion.yProjection.indices | DEBUG    | The index Lsldot6 will be deleted.
2022-10-18 16:57:29,056 | autoeft.projection.prosmeftion.yProjection.indices | DEBUG    | The index Lsldot5 will be deleted.
2022-10-18 16:57:29,057 | autoeft.projection.prosmeftion.yProjection.indices | DEBUG    | The index Lsldot4 will be deleted.
2022-10-18 16:57:29,059 | autoeft.projection.prosmeftion.yProjection.indices | DEBUG    | The index gauge2 will be deleted.
2022-10-18 16:57:29,059 | autoeft.projection.prosmeftion.yProjection.indices | DEBUG    | The index gauge5 will be deleted.
2022-10-18 16:57:29,060 | autoeft.projection.prosmeftion.yProjection.indices | DEBUG    | The index gauge4 will be deleted.
2022-10-18 16:57:29,061 | autoeft.projection.prosmeftion.yProjection.indices | DEBUG    | The index gauge3 will be deleted.
2022-10-18 16:57:29,062 | autoeft.projection.prosmeftion.yProjection.indices | DEBUG    | The index Usl3 will be deleted.
2022-10-18 16:57:29,062 | autoeft.projection.prosmeftion.yProjection.indices | DEBUG    | The index Usl5 will be deleted.
2022-10-18 16:57:29,063 | autoeft.projection.prosmeftion.yProjection.indices | DEBUG    | The index Usl4 will be deleted.
2022-10-18 16:57:29,063 | autoeft.projection.prosmeftion.yProjection.indices | DEBUG    | The index Usl6 will be deleted.
2022-10-18 16:57:29,065 | autoeft.projection.prosmeftion.yProjection.indices | DEBUG    | The index gauge2 will be deleted.
2022-10-18 16:57:29,065 | autoeft.projection.prosmeftion.yProjection.indices | DEBUG    | The index gauge5 will be deleted.
2022-10-18 16:57:29,066 | autoeft.projection.prosmeftion.yProjection.indices | DEBUG    | The index gauge4 will be deleted.
2022-10-18 16:57:29,066 | autoeft.projection.prosmeftion.yProjection.indices | DEBUG    | The index gauge3 will be deleted.
2022-10-18 16:57:29,066 | autoeft.projection.prosmeftion.yProjection.indices | DEBUG    | The index Usl3 will be deleted.
2022-10-18 16:57:29,067 | autoeft.projection.prosmeftion.yProjection.indices | DEBUG    | The index Usl6 will be deleted.
2022-10-18 16:57:29,068 | autoeft.projection.prosmeftion.yProjection.indices | DEBUG    | The index Usl5 will be deleted.
2022-10-18 16:57:29,068 | autoeft.projection.prosmeftion.yProjection.indices | DEBUG    | The index Usl4 will be deleted.
2022-10-18 16:57:29,070 | autoeft.projection        | INFO     | #Terms with EOMs: 4 <-> #Terms with less EOMs: 4
2022-10-18 16:57:29,070 | autoeft.projection.prosmeftion.lor_projection | INFO     | There is no term with nD=4 and H:1, H+:1 and thus no derivatives need to be rearranged.
2022-10-18 16:57:29,142 | autoeft.projection.prosmeftion | DEBUG    | form -p /mnt/c/Users/jakob/OneDrive - Students RWTH Aachen University/Physik/9Physik/ws21/Masterthesis/autoeft/projection/form_files/general get_dimension.frm
2022-10-18 16:57:29,237 | autoeft.projection.prosmeftion | DEBUG    | form -p /mnt/c/Users/jakob/OneDrive - Students RWTH Aachen University/Physik/9Physik/ws21/Masterthesis/autoeft/projection/form_files/general get_dimension.frm
2022-10-18 16:57:29,260 | autoeft.projection.prosmeftion.sun_projection | INFO     | Sort fields by type, indicated by a tuple filled with integers. They specify the number of fields in the single summand in the following order: BL WL L Q dC eC uC H H+ L+ Q+ dC+ eC+ uC+ BL+ WL+
2022-10-18 16:57:29,263 | autoeft.projection.prosmeftion.yProjection.indices | DEBUG    | The index gauge2 will be deleted.
2022-10-18 16:57:29,264 | autoeft.projection.prosmeftion.yProjection.indices | DEBUG    | The index gauge5 will be deleted.
2022-10-18 16:57:29,265 | autoeft.projection.prosmeftion.yProjection.indices | DEBUG    | The index gauge4 will be deleted.
2022-10-18 16:57:29,266 | autoeft.projection.prosmeftion.yProjection.indices | DEBUG    | The index gauge3 will be deleted.
2022-10-18 16:57:29,266 | autoeft.projection.prosmeftion.yProjection.indices | DEBUG    | The index Lsldot3 will be deleted.
2022-10-18 16:57:29,267 | autoeft.projection.prosmeftion.yProjection.indices | DEBUG    | The index Lsldot5 will be deleted.
2022-10-18 16:57:29,268 | autoeft.projection.prosmeftion.yProjection.indices | DEBUG    | The index Lsldot4 will be deleted.
2022-10-18 16:57:29,270 | autoeft.projection.prosmeftion.yProjection.indices | DEBUG    | The index Lsldot6 will be deleted.
2022-10-18 16:57:29,274 | autoeft.projection.prosmeftion.yProjection.indices | DEBUG    | The index gauge2 will be deleted.
2022-10-18 16:57:29,274 | autoeft.projection.prosmeftion.yProjection.indices | DEBUG    | The index gauge5 will be deleted.
2022-10-18 16:57:29,275 | autoeft.projection.prosmeftion.yProjection.indices | DEBUG    | The index gauge4 will be deleted.
2022-10-18 16:57:29,276 | autoeft.projection.prosmeftion.yProjection.indices | DEBUG    | The index gauge3 will be deleted.
2022-10-18 16:57:29,276 | autoeft.projection.prosmeftion.yProjection.indices | DEBUG    | The index Lsldot3 will be deleted.
2022-10-18 16:57:29,277 | autoeft.projection.prosmeftion.yProjection.indices | DEBUG    | The index Lsldot6 will be deleted.
2022-10-18 16:57:29,278 | autoeft.projection.prosmeftion.yProjection.indices | DEBUG    | The index Lsldot5 will be deleted.
2022-10-18 16:57:29,279 | autoeft.projection.prosmeftion.yProjection.indices | DEBUG    | The index Lsldot4 will be deleted.
2022-10-18 16:57:29,280 | autoeft.projection.prosmeftion.yProjection.indices | DEBUG    | The index gauge2 will be deleted.
2022-10-18 16:57:29,281 | autoeft.projection.prosmeftion.yProjection.indices | DEBUG    | The index gauge5 will be deleted.
2022-10-18 16:57:29,282 | autoeft.projection.prosmeftion.yProjection.indices | DEBUG    | The index gauge4 will be deleted.
2022-10-18 16:57:29,282 | autoeft.projection.prosmeftion.yProjection.indices | DEBUG    | The index gauge3 will be deleted.
2022-10-18 16:57:29,283 | autoeft.projection.prosmeftion.yProjection.indices | DEBUG    | The index Usl3 will be deleted.
2022-10-18 16:57:29,283 | autoeft.projection.prosmeftion.yProjection.indices | DEBUG    | The index Usl5 will be deleted.
2022-10-18 16:57:29,284 | autoeft.projection.prosmeftion.yProjection.indices | DEBUG    | The index Usl4 will be deleted.
2022-10-18 16:57:29,284 | autoeft.projection.prosmeftion.yProjection.indices | DEBUG    | The index Usl6 will be deleted.
2022-10-18 16:57:29,286 | autoeft.projection.prosmeftion.yProjection.indices | DEBUG    | The index gauge2 will be deleted.
2022-10-18 16:57:29,286 | autoeft.projection.prosmeftion.yProjection.indices | DEBUG    | The index gauge5 will be deleted.
2022-10-18 16:57:29,287 | autoeft.projection.prosmeftion.yProjection.indices | DEBUG    | The index gauge4 will be deleted.
2022-10-18 16:57:29,287 | autoeft.projection.prosmeftion.yProjection.indices | DEBUG    | The index gauge3 will be deleted.
2022-10-18 16:57:29,287 | autoeft.projection.prosmeftion.yProjection.indices | DEBUG    | The index Usl3 will be deleted.
2022-10-18 16:57:29,288 | autoeft.projection.prosmeftion.yProjection.indices | DEBUG    | The index Usl6 will be deleted.
2022-10-18 16:57:29,288 | autoeft.projection.prosmeftion.yProjection.indices | DEBUG    | The index Usl5 will be deleted.
2022-10-18 16:57:29,288 | autoeft.projection.prosmeftion.yProjection.indices | DEBUG    | The index Usl4 will be deleted.
2022-10-18 16:57:29,337 | autoeft.projection.prosmeftion | DEBUG    | form -p /mnt/c/Users/jakob/OneDrive - Students RWTH Aachen University/Physik/9Physik/ws21/Masterthesis/autoeft/projection/form_files/general get_dimension.frm
2022-10-18 16:57:29,400 | autoeft.projection.prosmeftion | DEBUG    | form -p /mnt/c/Users/jakob/OneDrive - Students RWTH Aachen University/Physik/9Physik/ws21/Masterthesis/autoeft/projection/form_files/general get_dimension.frm
2022-10-18 16:57:29,411 | autoeft.projection.prosmeftion.sun_projection | INFO     | Sort fields by type, indicated by a tuple filled with integers. They specify the number of fields in the single summand in the following order: BL WL L Q dC eC uC H H+ L+ Q+ dC+ eC+ uC+ BL+ WL+
2022-10-18 16:57:29,412 | autoeft.projection.prosmeftion.yProjection.indices | DEBUG    | The index gauge2 will be deleted.
2022-10-18 16:57:29,412 | autoeft.projection.prosmeftion.yProjection.indices | DEBUG    | The index gauge5 will be deleted.
2022-10-18 16:57:29,414 | autoeft.projection.prosmeftion.yProjection.indices | DEBUG    | The index gauge4 will be deleted.
2022-10-18 16:57:29,415 | autoeft.projection.prosmeftion.yProjection.indices | DEBUG    | The index gauge3 will be deleted.
2022-10-18 16:57:29,416 | autoeft.projection.prosmeftion.yProjection.indices | DEBUG    | The index Lsldot3 will be deleted.
2022-10-18 16:57:29,416 | autoeft.projection.prosmeftion.yProjection.indices | DEBUG    | The index Lsldot5 will be deleted.
2022-10-18 16:57:29,417 | autoeft.projection.prosmeftion.yProjection.indices | DEBUG    | The index Lsldot4 will be deleted.
2022-10-18 16:57:29,421 | autoeft.projection.prosmeftion.yProjection.indices | DEBUG    | The index Lsldot6 will be deleted.
2022-10-18 16:57:29,424 | autoeft.projection.prosmeftion.yProjection.indices | DEBUG    | The index gauge2 will be deleted.
2022-10-18 16:57:29,425 | autoeft.projection.prosmeftion.yProjection.indices | DEBUG    | The index gauge5 will be deleted.
2022-10-18 16:57:29,426 | autoeft.projection.prosmeftion.yProjection.indices | DEBUG    | The index gauge4 will be deleted.
2022-10-18 16:57:29,427 | autoeft.projection.prosmeftion.yProjection.indices | DEBUG    | The index gauge3 will be deleted.
2022-10-18 16:57:29,428 | autoeft.projection.prosmeftion.yProjection.indices | DEBUG    | The index Lsldot3 will be deleted.
2022-10-18 16:57:29,428 | autoeft.projection.prosmeftion.yProjection.indices | DEBUG    | The index Lsldot6 will be deleted.
2022-10-18 16:57:29,429 | autoeft.projection.prosmeftion.yProjection.indices | DEBUG    | The index Lsldot5 will be deleted.
2022-10-18 16:57:29,429 | autoeft.projection.prosmeftion.yProjection.indices | DEBUG    | The index Lsldot4 will be deleted.
2022-10-18 16:57:29,431 | autoeft.projection.prosmeftion.yProjection.indices | DEBUG    | The index gauge2 will be deleted.
2022-10-18 16:57:29,432 | autoeft.projection.prosmeftion.yProjection.indices | DEBUG    | The index gauge5 will be deleted.
2022-10-18 16:57:29,432 | autoeft.projection.prosmeftion.yProjection.indices | DEBUG    | The index gauge4 will be deleted.
2022-10-18 16:57:29,433 | autoeft.projection.prosmeftion.yProjection.indices | DEBUG    | The index gauge3 will be deleted.
2022-10-18 16:57:29,433 | autoeft.projection.prosmeftion.yProjection.indices | DEBUG    | The index Usl3 will be deleted.
2022-10-18 16:57:29,434 | autoeft.projection.prosmeftion.yProjection.indices | DEBUG    | The index Usl5 will be deleted.
2022-10-18 16:57:29,434 | autoeft.projection.prosmeftion.yProjection.indices | DEBUG    | The index Usl4 will be deleted.
2022-10-18 16:57:29,435 | autoeft.projection.prosmeftion.yProjection.indices | DEBUG    | The index Usl6 will be deleted.
2022-10-18 16:57:29,437 | autoeft.projection.prosmeftion.yProjection.indices | DEBUG    | The index gauge2 will be deleted.
2022-10-18 16:57:29,438 | autoeft.projection.prosmeftion.yProjection.indices | DEBUG    | The index gauge5 will be deleted.
2022-10-18 16:57:29,438 | autoeft.projection.prosmeftion.yProjection.indices | DEBUG    | The index gauge4 will be deleted.
2022-10-18 16:57:29,439 | autoeft.projection.prosmeftion.yProjection.indices | DEBUG    | The index gauge3 will be deleted.
2022-10-18 16:57:29,439 | autoeft.projection.prosmeftion.yProjection.indices | DEBUG    | The index Usl3 will be deleted.
2022-10-18 16:57:29,440 | autoeft.projection.prosmeftion.yProjection.indices | DEBUG    | The index Usl6 will be deleted.
2022-10-18 16:57:29,440 | autoeft.projection.prosmeftion.yProjection.indices | DEBUG    | The index Usl5 will be deleted.
2022-10-18 16:57:29,441 | autoeft.projection.prosmeftion.yProjection.indices | DEBUG    | The index Usl4 will be deleted.
2022-10-18 16:57:29,445 | autoeft.projection.prosmeftion.sun_projection | INFO     | Combine H0H+0BL+0WL+0, H0H+0BL+0WL+0 of type H0H+0BL+0WL+0.
2022-10-18 16:57:29,453 | autoeft.projection.prosmeftion.yProjection.indices | DEBUG    | The index gauge1 will be appended.
2022-10-18 16:57:29,455 | autoeft.projection.prosmeftion.yProjection.indices | DEBUG    | The index gauge2 will be rewritten with gauge1.
2022-10-18 16:57:29,456 | autoeft.projection.prosmeftion.yProjection.indices | DEBUG    | The index gauge2 will be rewritten with gauge1.
2022-10-18 16:57:29,466 | autoeft.projection.prosmeftion.yProjection.indices | DEBUG    | The index gauge6 will be appended.
2022-10-18 16:57:29,467 | autoeft.projection.prosmeftion.yProjection.indices | DEBUG    | The index gauge3 will be rewritten with gauge6.
2022-10-18 16:57:29,468 | autoeft.projection.prosmeftion.yProjection.indices | DEBUG    | The index gauge3 will be rewritten with gauge6.
2022-10-18 16:57:29,469 | autoeft.projection.prosmeftion.yProjection.indices | DEBUG    | The index Lsldot1 will be appended.
2022-10-18 16:57:29,470 | autoeft.projection.prosmeftion.yProjection.indices | DEBUG    | The index Usldot1 will be appended.
2022-10-18 16:57:29,470 | autoeft.projection.prosmeftion.yProjection.indices | DEBUG    | The index Lsldot3 will be rewritten with Lsldot1.
2022-10-18 16:57:29,471 | autoeft.projection.prosmeftion.yProjection.indices | DEBUG    | The index Usldot3 will be rewritten with Usldot1.
2022-10-18 16:57:29,472 | autoeft.projection.prosmeftion.yProjection.indices | DEBUG    | The index Lsldot2 will be appended.
2022-10-18 16:57:29,472 | autoeft.projection.prosmeftion.yProjection.indices | DEBUG    | The index Usldot2 will be appended.
2022-10-18 16:57:29,474 | autoeft.projection.prosmeftion.yProjection.indices | DEBUG    | The index Lsldot4 will be rewritten with Lsldot2.
2022-10-18 16:57:29,475 | autoeft.projection.prosmeftion.yProjection.indices | DEBUG    | The index Usldot4 will be rewritten with Usldot2.
2022-10-18 16:57:29,477 | autoeft.projection.prosmeftion.yProjection.indices | DEBUG    | The index gauge7 will be appended.
2022-10-18 16:57:29,478 | autoeft.projection.prosmeftion.yProjection.indices | DEBUG    | The index gauge4 will be rewritten with gauge7.
2022-10-18 16:57:29,479 | autoeft.projection.prosmeftion.yProjection.indices | DEBUG    | The index gauge4 will be rewritten with gauge7.
2022-10-18 16:57:29,480 | autoeft.projection.prosmeftion.yProjection.indices | DEBUG    | The index gauge8 will be appended.
2022-10-18 16:57:29,481 | autoeft.projection.prosmeftion.yProjection.indices | DEBUG    | The index gauge5 will be rewritten with gauge8.
2022-10-18 16:57:29,482 | autoeft.projection.prosmeftion.yProjection.indices | DEBUG    | The index gauge5 will be rewritten with gauge8.
2022-10-18 16:57:29,501 | autoeft.projection.prosmeftion.yProjection.indices | DEBUG    | The index Lsldot7 will be appended.
2022-10-18 16:57:29,503 | autoeft.projection.prosmeftion.yProjection.indices | DEBUG    | The index Usldot7 will be appended.
2022-10-18 16:57:29,521 | autoeft.projection.prosmeftion.yProjection.indices | DEBUG    | The index Lsldot5 will be rewritten with Lsldot7.
2022-10-18 16:57:29,522 | autoeft.projection.prosmeftion.yProjection.indices | DEBUG    | The index Usldot5 will be rewritten with Usldot7.
2022-10-18 16:57:29,524 | autoeft.projection.prosmeftion.yProjection.indices | DEBUG    | The index Lsldot8 will be appended.
2022-10-18 16:57:29,525 | autoeft.projection.prosmeftion.yProjection.indices | DEBUG    | The index Usldot8 will be appended.
2022-10-18 16:57:29,538 | autoeft.projection.prosmeftion.yProjection.indices | DEBUG    | The index Lsldot6 will be rewritten with Lsldot8.
2022-10-18 16:57:29,539 | autoeft.projection.prosmeftion.yProjection.indices | DEBUG    | The index Usldot6 will be rewritten with Usldot8.
2022-10-18 16:57:29,541 | autoeft.projection.prosmeftion.yProjection.indices | DEBUG    | The index gauge2 will be rewritten with gauge1.
2022-10-18 16:57:29,542 | autoeft.projection.prosmeftion.yProjection.indices | DEBUG    | The index gauge2 will be rewritten with gauge1.
2022-10-18 16:57:29,543 | autoeft.projection.prosmeftion.yProjection.indices | DEBUG    | The index gauge3 will be rewritten with gauge6.
2022-10-18 16:57:29,545 | autoeft.projection.prosmeftion.yProjection.indices | DEBUG    | The index gauge3 will be rewritten with gauge6.
2022-10-18 16:57:29,546 | autoeft.projection.prosmeftion.yProjection.indices | DEBUG    | The index Lsldot3 will be rewritten with Lsldot1.
2022-10-18 16:57:29,546 | autoeft.projection.prosmeftion.yProjection.indices | DEBUG    | The index Usldot3 will be rewritten with Usldot1.
2022-10-18 16:57:29,547 | autoeft.projection.prosmeftion.yProjection.indices | DEBUG    | The index Lsldot4 will be rewritten with Lsldot2.
2022-10-18 16:57:29,548 | autoeft.projection.prosmeftion.yProjection.indices | DEBUG    | The index Usldot4 will be rewritten with Usldot2.
2022-10-18 16:57:29,548 | autoeft.projection.prosmeftion.yProjection.indices | DEBUG    | The index gauge4 will be rewritten with gauge7.
2022-10-18 16:57:29,548 | autoeft.projection.prosmeftion.yProjection.indices | DEBUG    | The index gauge4 will be rewritten with gauge7.
2022-10-18 16:57:29,549 | autoeft.projection.prosmeftion.yProjection.indices | DEBUG    | The index gauge5 will be rewritten with gauge8.
2022-10-18 16:57:29,549 | autoeft.projection.prosmeftion.yProjection.indices | DEBUG    | The index gauge5 will be rewritten with gauge8.
2022-10-18 16:57:29,550 | autoeft.projection.prosmeftion.yProjection.indices | DEBUG    | The index Lsldot5 will be rewritten with Lsldot7.
2022-10-18 16:57:29,550 | autoeft.projection.prosmeftion.yProjection.indices | DEBUG    | The index Usldot5 will be rewritten with Usldot7.
2022-10-18 16:57:29,551 | autoeft.projection.prosmeftion.yProjection.indices | DEBUG    | The index Lsldot6 will be rewritten with Lsldot8.
2022-10-18 16:57:29,551 | autoeft.projection.prosmeftion.yProjection.indices | DEBUG    | The index Usldot6 will be rewritten with Usldot8.
2022-10-18 16:57:29,552 | autoeft.projection.prosmeftion.yProjection.indices | DEBUG    | The index gauge1 will be deleted.
2022-10-18 16:57:29,553 | autoeft.projection.prosmeftion.yProjection.indices | DEBUG    | The index gauge8 will be deleted.
2022-10-18 16:57:29,553 | autoeft.projection.prosmeftion.yProjection.operator | DEBUG    | Expression changed from [su2eps](gauge2,gauge5) to [su2eps](gauge1,gauge8).
2022-10-18 16:57:29,554 | autoeft.projection.prosmeftion.yProjection.indices | DEBUG    | The index gauge7 will be deleted.
2022-10-18 16:57:29,554 | autoeft.projection.prosmeftion.yProjection.indices | DEBUG    | The index gauge6 will be deleted.
2022-10-18 16:57:29,555 | autoeft.projection.prosmeftion.yProjection.operator | DEBUG    | Expression changed from [su2eps](gauge4,gauge3) to [su2eps](gauge7,gauge6).
2022-10-18 16:57:29,555 | autoeft.projection.prosmeftion.yProjection.indices | DEBUG    | The index Lsldot1 will be deleted.
2022-10-18 16:57:29,556 | autoeft.projection.prosmeftion.yProjection.indices | DEBUG    | The index Lsldot7 will be deleted.
2022-10-18 16:57:29,556 | autoeft.projection.prosmeftion.yProjection.operator | DEBUG    | Expression changed from [sl2Ceps](Lsldot3,Lsldot5) to [sl2Ceps](Lsldot1,Lsldot7).
2022-10-18 16:57:29,557 | autoeft.projection.prosmeftion.yProjection.indices | DEBUG    | The index Lsldot2 will be deleted.
2022-10-18 16:57:29,557 | autoeft.projection.prosmeftion.yProjection.indices | DEBUG    | The index Lsldot8 will be deleted.
2022-10-18 16:57:29,557 | autoeft.projection.prosmeftion.yProjection.operator | DEBUG    | Expression changed from [sl2Ceps](Lsldot4,Lsldot6) to [sl2Ceps](Lsldot2,Lsldot8).
2022-10-18 16:57:29,558 | autoeft.projection.prosmeftion.yProjection.operator | DEBUG    | Expression changed from H(gauge2) to H(gauge1).
2022-10-18 16:57:29,559 | autoeft.projection.prosmeftion.yProjection.operator | DEBUG    | Expression changed from [H+](gauge3) to [H+](gauge6).
2022-10-18 16:57:29,560 | autoeft.projection.prosmeftion.yProjection.operator | DEBUG    | Expression changed from BR(Usldot3,Usldot4) to BR(Usldot1,Usldot2).
2022-10-18 16:57:29,561 | autoeft.projection.prosmeftion.yProjection.operator | DEBUG    | Expression changed from WR(gauge4,gauge5,Usldot5,Usldot6) to WR(gauge7,gauge8,Usldot7,Usldot8).
2022-10-18 16:57:29,562 | autoeft.projection.prosmeftion.yProjection.indices | DEBUG    | The index gauge1 will be deleted.
2022-10-18 16:57:29,563 | autoeft.projection.prosmeftion.yProjection.indices | DEBUG    | The index gauge8 will be deleted.
2022-10-18 16:57:29,564 | autoeft.projection.prosmeftion.yProjection.operator | DEBUG    | Expression changed from [su2eps](gauge2,gauge5) to [su2eps](gauge1,gauge8).
2022-10-18 16:57:29,564 | autoeft.projection.prosmeftion.yProjection.indices | DEBUG    | The index gauge7 will be deleted.
2022-10-18 16:57:29,565 | autoeft.projection.prosmeftion.yProjection.indices | DEBUG    | The index gauge6 will be deleted.
2022-10-18 16:57:29,565 | autoeft.projection.prosmeftion.yProjection.operator | DEBUG    | Expression changed from [su2eps](gauge4,gauge3) to [su2eps](gauge7,gauge6).
2022-10-18 16:57:29,565 | autoeft.projection.prosmeftion.yProjection.indices | DEBUG    | The index Lsldot1 will be deleted.
2022-10-18 16:57:29,568 | autoeft.projection.prosmeftion.yProjection.indices | DEBUG    | The index Lsldot8 will be deleted.
2022-10-18 16:57:29,569 | autoeft.projection.prosmeftion.yProjection.operator | DEBUG    | Expression changed from [sl2Ceps](Lsldot3,Lsldot6) to [sl2Ceps](Lsldot1,Lsldot8).
2022-10-18 16:57:29,570 | autoeft.projection.prosmeftion.yProjection.indices | DEBUG    | The index Lsldot7 will be deleted.
2022-10-18 16:57:29,570 | autoeft.projection.prosmeftion.yProjection.indices | DEBUG    | The index Lsldot2 will be deleted.
2022-10-18 16:57:29,571 | autoeft.projection.prosmeftion.yProjection.operator | DEBUG    | Expression changed from [sl2Ceps](Lsldot5,Lsldot4) to [sl2Ceps](Lsldot7,Lsldot2).
2022-10-18 16:57:29,571 | autoeft.projection.prosmeftion.yProjection.operator | DEBUG    | Expression changed from H(gauge2) to H(gauge1).
2022-10-18 16:57:29,572 | autoeft.projection.prosmeftion.yProjection.operator | DEBUG    | Expression changed from [H+](gauge3) to [H+](gauge6).
2022-10-18 16:57:29,573 | autoeft.projection.prosmeftion.yProjection.operator | DEBUG    | Expression changed from BR(Usldot3,Usldot4) to BR(Usldot1,Usldot2).
2022-10-18 16:57:29,574 | autoeft.projection.prosmeftion.yProjection.operator | DEBUG    | Expression changed from WR(gauge4,gauge5,Usldot5,Usldot6) to WR(gauge7,gauge8,Usldot7,Usldot8).
2022-10-18 16:57:29,904 | autoeft.projection.prosmeftion | DEBUG    | form -p /mnt/c/Users/jakob/OneDrive - Students RWTH Aachen University/Physik/9Physik/ws21/Masterthesis/autoeft/projection/form_files/general H0H+0BL+0WL+0.frm
2022-10-18 16:57:30,041 | autoeft.projection.prosmeftion | DEBUG    | form -p /mnt/c/Users/jakob/OneDrive - Students RWTH Aachen University/Physik/9Physik/ws21/Masterthesis/autoeft/projection/form_files/general term_read.frm
2022-10-18 16:57:30,246 | autoeft.projection.prosmeftion | DEBUG    | form -p /mnt/c/Users/jakob/OneDrive - Students RWTH Aachen University/Physik/9Physik/ws21/Masterthesis/autoeft/projection/form_files/general get_Ops.frm
2022-10-18 16:57:30,340 | autoeft.projection.prosmeftion | DEBUG    | form -p /mnt/c/Users/jakob/OneDrive - Students RWTH Aachen University/Physik/9Physik/ws21/Masterthesis/autoeft/projection/form_files/general get_Ops.frm
2022-10-18 16:57:30,371 | autoeft.projection.prosmeftion.sun_projection | INFO     | Combine BL0WL0H0H+0, BL0WL0H0H+0 of type BL0WL0H0H+0.
2022-10-18 16:57:30,378 | autoeft.projection.prosmeftion.yProjection.indices | DEBUG    | The index Lsl1 will be appended.
2022-10-18 16:57:30,379 | autoeft.projection.prosmeftion.yProjection.indices | DEBUG    | The index Usl1 will be appended.
2022-10-18 16:57:30,379 | autoeft.projection.prosmeftion.yProjection.indices | DEBUG    | The index Usl3 will be rewritten with Usl1.
2022-10-18 16:57:30,379 | autoeft.projection.prosmeftion.yProjection.indices | DEBUG    | The index Lsl3 will be rewritten with Lsl1.
2022-10-18 16:57:30,380 | autoeft.projection.prosmeftion.yProjection.indices | DEBUG    | The index Lsl2 will be appended.
2022-10-18 16:57:30,380 | autoeft.projection.prosmeftion.yProjection.indices | DEBUG    | The index Usl2 will be appended.
2022-10-18 16:57:30,381 | autoeft.projection.prosmeftion.yProjection.indices | DEBUG    | The index Usl4 will be rewritten with Usl2.
2022-10-18 16:57:30,381 | autoeft.projection.prosmeftion.yProjection.indices | DEBUG    | The index Lsl4 will be rewritten with Lsl2.
2022-10-18 16:57:30,382 | autoeft.projection.prosmeftion.yProjection.indices | DEBUG    | The index gauge1 will be appended.
2022-10-18 16:57:30,382 | autoeft.projection.prosmeftion.yProjection.indices | DEBUG    | The index gauge2 will be rewritten with gauge1.
2022-10-18 16:57:30,383 | autoeft.projection.prosmeftion.yProjection.indices | DEBUG    | The index gauge2 will be rewritten with gauge1.
2022-10-18 16:57:30,384 | autoeft.projection.prosmeftion.yProjection.indices | DEBUG    | The index gauge6 will be appended.
2022-10-18 16:57:30,385 | autoeft.projection.prosmeftion.yProjection.indices | DEBUG    | The index gauge3 will be rewritten with gauge6.
2022-10-18 16:57:30,385 | autoeft.projection.prosmeftion.yProjection.indices | DEBUG    | The index gauge3 will be rewritten with gauge6.
2022-10-18 16:57:30,387 | autoeft.projection.prosmeftion.yProjection.indices | DEBUG    | The index Lsl7 will be appended.
2022-10-18 16:57:30,387 | autoeft.projection.prosmeftion.yProjection.indices | DEBUG    | The index Usl7 will be appended.
2022-10-18 16:57:30,388 | autoeft.projection.prosmeftion.yProjection.indices | DEBUG    | The index Usl5 will be rewritten with Usl7.
2022-10-18 16:57:30,388 | autoeft.projection.prosmeftion.yProjection.indices | DEBUG    | The index Lsl5 will be rewritten with Lsl7.
2022-10-18 16:57:30,389 | autoeft.projection.prosmeftion.yProjection.indices | DEBUG    | The index Lsl8 will be appended.
2022-10-18 16:57:30,390 | autoeft.projection.prosmeftion.yProjection.indices | DEBUG    | The index Usl8 will be appended.
2022-10-18 16:57:30,390 | autoeft.projection.prosmeftion.yProjection.indices | DEBUG    | The index Usl6 will be rewritten with Usl8.
2022-10-18 16:57:30,391 | autoeft.projection.prosmeftion.yProjection.indices | DEBUG    | The index Lsl6 will be rewritten with Lsl8.
2022-10-18 16:57:30,392 | autoeft.projection.prosmeftion.yProjection.indices | DEBUG    | The index gauge7 will be appended.
2022-10-18 16:57:30,392 | autoeft.projection.prosmeftion.yProjection.indices | DEBUG    | The index gauge4 will be rewritten with gauge7.
2022-10-18 16:57:30,393 | autoeft.projection.prosmeftion.yProjection.indices | DEBUG    | The index gauge4 will be rewritten with gauge7.
2022-10-18 16:57:30,394 | autoeft.projection.prosmeftion.yProjection.indices | DEBUG    | The index gauge8 will be appended.
2022-10-18 16:57:30,394 | autoeft.projection.prosmeftion.yProjection.indices | DEBUG    | The index gauge5 will be rewritten with gauge8.
2022-10-18 16:57:30,395 | autoeft.projection.prosmeftion.yProjection.indices | DEBUG    | The index gauge5 will be rewritten with gauge8.
2022-10-18 16:57:30,396 | autoeft.projection.prosmeftion.yProjection.indices | DEBUG    | The index Usl3 will be rewritten with Usl1.
2022-10-18 16:57:30,396 | autoeft.projection.prosmeftion.yProjection.indices | DEBUG    | The index Lsl3 will be rewritten with Lsl1.
2022-10-18 16:57:30,397 | autoeft.projection.prosmeftion.yProjection.indices | DEBUG    | The index Usl4 will be rewritten with Usl2.
2022-10-18 16:57:30,397 | autoeft.projection.prosmeftion.yProjection.indices | DEBUG    | The index Lsl4 will be rewritten with Lsl2.
2022-10-18 16:57:30,397 | autoeft.projection.prosmeftion.yProjection.indices | DEBUG    | The index gauge2 will be rewritten with gauge1.
2022-10-18 16:57:30,398 | autoeft.projection.prosmeftion.yProjection.indices | DEBUG    | The index gauge2 will be rewritten with gauge1.
2022-10-18 16:57:30,398 | autoeft.projection.prosmeftion.yProjection.indices | DEBUG    | The index gauge3 will be rewritten with gauge6.
2022-10-18 16:57:30,399 | autoeft.projection.prosmeftion.yProjection.indices | DEBUG    | The index gauge3 will be rewritten with gauge6.
2022-10-18 16:57:30,399 | autoeft.projection.prosmeftion.yProjection.indices | DEBUG    | The index Usl5 will be rewritten with Usl7.
2022-10-18 16:57:30,399 | autoeft.projection.prosmeftion.yProjection.indices | DEBUG    | The index Lsl5 will be rewritten with Lsl7.
2022-10-18 16:57:30,400 | autoeft.projection.prosmeftion.yProjection.indices | DEBUG    | The index Usl6 will be rewritten with Usl8.
2022-10-18 16:57:30,400 | autoeft.projection.prosmeftion.yProjection.indices | DEBUG    | The index Lsl6 will be rewritten with Lsl8.
2022-10-18 16:57:30,401 | autoeft.projection.prosmeftion.yProjection.indices | DEBUG    | The index gauge4 will be rewritten with gauge7.
2022-10-18 16:57:30,401 | autoeft.projection.prosmeftion.yProjection.indices | DEBUG    | The index gauge4 will be rewritten with gauge7.
2022-10-18 16:57:30,401 | autoeft.projection.prosmeftion.yProjection.indices | DEBUG    | The index gauge5 will be rewritten with gauge8.
2022-10-18 16:57:30,402 | autoeft.projection.prosmeftion.yProjection.indices | DEBUG    | The index gauge5 will be rewritten with gauge8.
2022-10-18 16:57:30,402 | autoeft.projection.prosmeftion.yProjection.indices | DEBUG    | The index gauge1 will be deleted.
2022-10-18 16:57:30,403 | autoeft.projection.prosmeftion.yProjection.indices | DEBUG    | The index gauge8 will be deleted.
2022-10-18 16:57:30,403 | autoeft.projection.prosmeftion.yProjection.operator | DEBUG    | Expression changed from [su2eps](gauge2,gauge5) to [su2eps](gauge1,gauge8).
2022-10-18 16:57:30,404 | autoeft.projection.prosmeftion.yProjection.indices | DEBUG    | The index gauge7 will be deleted.
2022-10-18 16:57:30,404 | autoeft.projection.prosmeftion.yProjection.indices | DEBUG    | The index gauge6 will be deleted.
2022-10-18 16:57:30,405 | autoeft.projection.prosmeftion.yProjection.operator | DEBUG    | Expression changed from [su2eps](gauge4,gauge3) to [su2eps](gauge7,gauge6).
2022-10-18 16:57:30,405 | autoeft.projection.prosmeftion.yProjection.indices | DEBUG    | The index Usl1 will be deleted.
2022-10-18 16:57:30,406 | autoeft.projection.prosmeftion.yProjection.indices | DEBUG    | The index Usl7 will be deleted.
2022-10-18 16:57:30,406 | autoeft.projection.prosmeftion.yProjection.operator | DEBUG    | Expression changed from [sl2Ceps](Usl3,Usl5) to [sl2Ceps](Usl1,Usl7).
2022-10-18 16:57:30,407 | autoeft.projection.prosmeftion.yProjection.indices | DEBUG    | The index Usl2 will be deleted.
2022-10-18 16:57:30,407 | autoeft.projection.prosmeftion.yProjection.indices | DEBUG    | The index Usl8 will be deleted.
2022-10-18 16:57:30,407 | autoeft.projection.prosmeftion.yProjection.operator | DEBUG    | Expression changed from [sl2Ceps](Usl4,Usl6) to [sl2Ceps](Usl2,Usl8).
2022-10-18 16:57:30,408 | autoeft.projection.prosmeftion.yProjection.operator | DEBUG    | Expression changed from BL(Lsl3,Lsl4) to BL(Lsl1,Lsl2).
2022-10-18 16:57:30,409 | autoeft.projection.prosmeftion.yProjection.operator | DEBUG    | Expression changed from WL(gauge2,gauge3,Lsl5,Lsl6) to WL(gauge1,gauge6,Lsl7,Lsl8).
2022-10-18 16:57:30,410 | autoeft.projection.prosmeftion.yProjection.operator | DEBUG    | Expression changed from H(gauge4) to H(gauge7).
2022-10-18 16:57:30,411 | autoeft.projection.prosmeftion.yProjection.operator | DEBUG    | Expression changed from [H+](gauge5) to [H+](gauge8).
2022-10-18 16:57:30,412 | autoeft.projection.prosmeftion.yProjection.indices | DEBUG    | The index gauge1 will be deleted.
2022-10-18 16:57:30,412 | autoeft.projection.prosmeftion.yProjection.indices | DEBUG    | The index gauge8 will be deleted.
2022-10-18 16:57:30,413 | autoeft.projection.prosmeftion.yProjection.operator | DEBUG    | Expression changed from [su2eps](gauge2,gauge5) to [su2eps](gauge1,gauge8).
2022-10-18 16:57:30,414 | autoeft.projection.prosmeftion.yProjection.indices | DEBUG    | The index gauge7 will be deleted.
2022-10-18 16:57:30,414 | autoeft.projection.prosmeftion.yProjection.indices | DEBUG    | The index gauge6 will be deleted.
2022-10-18 16:57:30,415 | autoeft.projection.prosmeftion.yProjection.operator | DEBUG    | Expression changed from [su2eps](gauge4,gauge3) to [su2eps](gauge7,gauge6).
2022-10-18 16:57:30,415 | autoeft.projection.prosmeftion.yProjection.indices | DEBUG    | The index Usl1 will be deleted.
2022-10-18 16:57:30,416 | autoeft.projection.prosmeftion.yProjection.indices | DEBUG    | The index Usl8 will be deleted.
2022-10-18 16:57:30,417 | autoeft.projection.prosmeftion.yProjection.operator | DEBUG    | Expression changed from [sl2Ceps](Usl3,Usl6) to [sl2Ceps](Usl1,Usl8).
2022-10-18 16:57:30,417 | autoeft.projection.prosmeftion.yProjection.indices | DEBUG    | The index Usl7 will be deleted.
2022-10-18 16:57:30,418 | autoeft.projection.prosmeftion.yProjection.indices | DEBUG    | The index Usl2 will be deleted.
2022-10-18 16:57:30,419 | autoeft.projection.prosmeftion.yProjection.operator | DEBUG    | Expression changed from [sl2Ceps](Usl5,Usl4) to [sl2Ceps](Usl7,Usl2).
2022-10-18 16:57:30,420 | autoeft.projection.prosmeftion.yProjection.operator | DEBUG    | Expression changed from BL(Lsl3,Lsl4) to BL(Lsl1,Lsl2).
2022-10-18 16:57:30,421 | autoeft.projection.prosmeftion.yProjection.operator | DEBUG    | Expression changed from WL(gauge2,gauge3,Lsl5,Lsl6) to WL(gauge1,gauge6,Lsl7,Lsl8).
2022-10-18 16:57:30,422 | autoeft.projection.prosmeftion.yProjection.operator | DEBUG    | Expression changed from H(gauge4) to H(gauge7).
2022-10-18 16:57:30,422 | autoeft.projection.prosmeftion.yProjection.operator | DEBUG    | Expression changed from [H+](gauge5) to [H+](gauge8).
2022-10-18 16:57:30,486 | autoeft.projection.prosmeftion | DEBUG    | form -p /mnt/c/Users/jakob/OneDrive - Students RWTH Aachen University/Physik/9Physik/ws21/Masterthesis/autoeft/projection/form_files/general BL0WL0H0H+0.frm
2022-10-18 16:57:30,551 | autoeft.projection.prosmeftion | DEBUG    | form -p /mnt/c/Users/jakob/OneDrive - Students RWTH Aachen University/Physik/9Physik/ws21/Masterthesis/autoeft/projection/form_files/general term_read.frm
2022-10-18 16:57:30,640 | autoeft.projection.prosmeftion | DEBUG    | form -p /mnt/c/Users/jakob/OneDrive - Students RWTH Aachen University/Physik/9Physik/ws21/Masterthesis/autoeft/projection/form_files/general get_Ops.frm
2022-10-18 16:57:30,746 | autoeft.projection.prosmeftion | DEBUG    | form -p /mnt/c/Users/jakob/OneDrive - Students RWTH Aachen University/Physik/9Physik/ws21/Masterthesis/autoeft/projection/form_files/general get_Ops.frm
2022-10-18 16:57:30,803 | autoeft.projection.prosmeftion.sun_projection | INFO     | Sort fields by type, indicated by a tuple filled with integers. They specify the number of fields in the single summand in the following order: BL WL L Q dC eC uC H H+ L+ Q+ dC+ eC+ uC+ BL+ WL+
2022-10-18 16:57:30,804 | autoeft.projection.prosmeftion.yProjection.indices | DEBUG    | The index gauge1 will be deleted.
2022-10-18 16:57:30,804 | autoeft.projection.prosmeftion.yProjection.indices | DEBUG    | The index gauge8 will be deleted.
2022-10-18 16:57:30,805 | autoeft.projection.prosmeftion.yProjection.indices | DEBUG    | The index gauge7 will be deleted.
2022-10-18 16:57:30,805 | autoeft.projection.prosmeftion.yProjection.indices | DEBUG    | The index gauge6 will be deleted.
2022-10-18 16:57:30,805 | autoeft.projection.prosmeftion.yProjection.indices | DEBUG    | The index Lsldot1 will be deleted.
2022-10-18 16:57:30,806 | autoeft.projection.prosmeftion.yProjection.indices | DEBUG    | The index Lsldot7 will be deleted.
2022-10-18 16:57:30,806 | autoeft.projection.prosmeftion.yProjection.indices | DEBUG    | The index Lsldot2 will be deleted.
2022-10-18 16:57:30,807 | autoeft.projection.prosmeftion.yProjection.indices | DEBUG    | The index Lsldot8 will be deleted.
2022-10-18 16:57:30,808 | autoeft.projection.prosmeftion.yProjection.indices | DEBUG    | The index gauge1 will be deleted.
2022-10-18 16:57:30,808 | autoeft.projection.prosmeftion.yProjection.indices | DEBUG    | The index gauge8 will be deleted.
2022-10-18 16:57:30,809 | autoeft.projection.prosmeftion.yProjection.indices | DEBUG    | The index gauge7 will be deleted.
2022-10-18 16:57:30,810 | autoeft.projection.prosmeftion.yProjection.indices | DEBUG    | The index gauge6 will be deleted.
2022-10-18 16:57:30,811 | autoeft.projection.prosmeftion.yProjection.indices | DEBUG    | The index Lsldot1 will be deleted.
2022-10-18 16:57:30,812 | autoeft.projection.prosmeftion.yProjection.indices | DEBUG    | The index Lsldot8 will be deleted.
2022-10-18 16:57:30,813 | autoeft.projection.prosmeftion.yProjection.indices | DEBUG    | The index Lsldot7 will be deleted.
2022-10-18 16:57:30,813 | autoeft.projection.prosmeftion.yProjection.indices | DEBUG    | The index Lsldot2 will be deleted.
2022-10-18 16:57:30,816 | autoeft.projection.prosmeftion.yProjection.indices | DEBUG    | The index gauge1 will be deleted.
2022-10-18 16:57:30,816 | autoeft.projection.prosmeftion.yProjection.indices | DEBUG    | The index gauge8 will be deleted.
2022-10-18 16:57:30,817 | autoeft.projection.prosmeftion.yProjection.indices | DEBUG    | The index gauge7 will be deleted.
2022-10-18 16:57:30,817 | autoeft.projection.prosmeftion.yProjection.indices | DEBUG    | The index gauge6 will be deleted.
2022-10-18 16:57:30,818 | autoeft.projection.prosmeftion.yProjection.indices | DEBUG    | The index Usl1 will be deleted.
2022-10-18 16:57:30,818 | autoeft.projection.prosmeftion.yProjection.indices | DEBUG    | The index Usl7 will be deleted.
2022-10-18 16:57:30,819 | autoeft.projection.prosmeftion.yProjection.indices | DEBUG    | The index Usl2 will be deleted.
2022-10-18 16:57:30,819 | autoeft.projection.prosmeftion.yProjection.indices | DEBUG    | The index Usl8 will be deleted.
2022-10-18 16:57:30,820 | autoeft.projection.prosmeftion.yProjection.indices | DEBUG    | The index gauge1 will be deleted.
2022-10-18 16:57:30,821 | autoeft.projection.prosmeftion.yProjection.indices | DEBUG    | The index gauge8 will be deleted.
2022-10-18 16:57:30,821 | autoeft.projection.prosmeftion.yProjection.indices | DEBUG    | The index gauge7 will be deleted.
2022-10-18 16:57:30,822 | autoeft.projection.prosmeftion.yProjection.indices | DEBUG    | The index gauge6 will be deleted.
2022-10-18 16:57:30,822 | autoeft.projection.prosmeftion.yProjection.indices | DEBUG    | The index Usl1 will be deleted.
2022-10-18 16:57:30,823 | autoeft.projection.prosmeftion.yProjection.indices | DEBUG    | The index Usl8 will be deleted.
2022-10-18 16:57:30,823 | autoeft.projection.prosmeftion.yProjection.indices | DEBUG    | The index Usl7 will be deleted.
2022-10-18 16:57:30,823 | autoeft.projection.prosmeftion.yProjection.indices | DEBUG    | The index Usl2 will be deleted.
2022-10-18 16:57:30,826 | autoeft.projection        | INFO     | #Terms with doubles: 4 <-> #Terms without doubles: 4
2022-10-18 16:57:30,827 | autoeft.projection.prosmeftion.tex | INFO     | Create texed PDF BWHH+_sorted_wo_eoms.pdf of all terms.
2022-10-18 16:57:30,827 | autoeft.projection.prosmeftion.tex | DEBUG    | Create Tex file of all terms.
2022-10-18 16:57:30,886 | autoeft.projection.prosmeftion | DEBUG    | form -p /mnt/c/Users/jakob/OneDrive - Students RWTH Aachen University/Physik/9Physik/ws21/Masterthesis/autoeft/projection/form_files/general tex_coefficient.frm
2022-10-18 16:57:30,971 | autoeft.projection.prosmeftion | DEBUG    | form -p /mnt/c/Users/jakob/OneDrive - Students RWTH Aachen University/Physik/9Physik/ws21/Masterthesis/autoeft/projection/form_files/general tex_coefficient.frm
2022-10-18 16:57:31,066 | autoeft.projection.prosmeftion | DEBUG    | form -p /mnt/c/Users/jakob/OneDrive - Students RWTH Aachen University/Physik/9Physik/ws21/Masterthesis/autoeft/projection/form_files/general tex_coefficient.frm
2022-10-18 16:57:31,152 | autoeft.projection.prosmeftion | DEBUG    | form -p /mnt/c/Users/jakob/OneDrive - Students RWTH Aachen University/Physik/9Physik/ws21/Masterthesis/autoeft/projection/form_files/general tex_coefficient.frm
2022-10-18 16:57:31,163 | autoeft.projection.prosmeftion.tex | DEBUG    | Construct PDF.
2022-10-18 16:57:31,882 | autoeft.projection        | INFO     | Symmetries terms.
2022-10-18 16:57:31,884 | autoeft.projection.prosmeftion.yProjection.rfr | INFO     | For terms with field content {'H': 1, 'H+': 1, 'BL+': 1, 'WL+': 1} no field occurs at least twice.
2022-10-18 16:57:31,889 | autoeft.projection.prosmeftion.yProjection.rfr | INFO     | For terms with field content {'BL': 1, 'WL': 1, 'H': 1, 'H+': 1} no field occurs at least twice.
2022-10-18 16:57:31,892 | autoeft.projection.prosmeftion.sun_projection | INFO     | Sort fields by type, indicated by a tuple filled with integers. They specify the number of fields in the single summand in the following order: BL WL L Q dC eC uC H H+ L+ Q+ dC+ eC+ uC+ BL+ WL+
2022-10-18 16:57:31,893 | autoeft.projection.prosmeftion.yProjection.indices | DEBUG    | The index gauge1 will be deleted.
2022-10-18 16:57:31,893 | autoeft.projection.prosmeftion.yProjection.indices | DEBUG    | The index gauge8 will be deleted.
2022-10-18 16:57:31,894 | autoeft.projection.prosmeftion.yProjection.indices | DEBUG    | The index gauge7 will be deleted.
2022-10-18 16:57:31,894 | autoeft.projection.prosmeftion.yProjection.indices | DEBUG    | The index gauge6 will be deleted.
2022-10-18 16:57:31,895 | autoeft.projection.prosmeftion.yProjection.indices | DEBUG    | The index Lsldot1 will be deleted.
2022-10-18 16:57:31,895 | autoeft.projection.prosmeftion.yProjection.indices | DEBUG    | The index Lsldot7 will be deleted.
2022-10-18 16:57:31,896 | autoeft.projection.prosmeftion.yProjection.indices | DEBUG    | The index Lsldot2 will be deleted.
2022-10-18 16:57:31,896 | autoeft.projection.prosmeftion.yProjection.indices | DEBUG    | The index Lsldot8 will be deleted.
2022-10-18 16:57:31,898 | autoeft.projection.prosmeftion.yProjection.indices | DEBUG    | The index gauge1 will be deleted.
2022-10-18 16:57:31,899 | autoeft.projection.prosmeftion.yProjection.indices | DEBUG    | The index gauge8 will be deleted.
2022-10-18 16:57:31,899 | autoeft.projection.prosmeftion.yProjection.indices | DEBUG    | The index gauge7 will be deleted.
2022-10-18 16:57:31,900 | autoeft.projection.prosmeftion.yProjection.indices | DEBUG    | The index gauge6 will be deleted.
2022-10-18 16:57:31,907 | autoeft.projection.prosmeftion.yProjection.indices | DEBUG    | The index Lsldot1 will be deleted.
2022-10-18 16:57:31,907 | autoeft.projection.prosmeftion.yProjection.indices | DEBUG    | The index Lsldot8 will be deleted.
2022-10-18 16:57:31,908 | autoeft.projection.prosmeftion.yProjection.indices | DEBUG    | The index Lsldot7 will be deleted.
2022-10-18 16:57:31,909 | autoeft.projection.prosmeftion.yProjection.indices | DEBUG    | The index Lsldot2 will be deleted.
2022-10-18 16:57:31,911 | autoeft.projection.prosmeftion.yProjection.indices | DEBUG    | The index gauge1 will be deleted.
2022-10-18 16:57:31,912 | autoeft.projection.prosmeftion.yProjection.indices | DEBUG    | The index gauge8 will be deleted.
2022-10-18 16:57:31,913 | autoeft.projection.prosmeftion.yProjection.indices | DEBUG    | The index gauge7 will be deleted.
2022-10-18 16:57:31,914 | autoeft.projection.prosmeftion.yProjection.indices | DEBUG    | The index gauge6 will be deleted.
2022-10-18 16:57:31,915 | autoeft.projection.prosmeftion.yProjection.indices | DEBUG    | The index Usl1 will be deleted.
2022-10-18 16:57:31,916 | autoeft.projection.prosmeftion.yProjection.indices | DEBUG    | The index Usl7 will be deleted.
2022-10-18 16:57:31,916 | autoeft.projection.prosmeftion.yProjection.indices | DEBUG    | The index Usl2 will be deleted.
2022-10-18 16:57:31,917 | autoeft.projection.prosmeftion.yProjection.indices | DEBUG    | The index Usl8 will be deleted.
2022-10-18 16:57:31,918 | autoeft.projection.prosmeftion.yProjection.indices | DEBUG    | The index gauge1 will be deleted.
2022-10-18 16:57:31,919 | autoeft.projection.prosmeftion.yProjection.indices | DEBUG    | The index gauge8 will be deleted.
2022-10-18 16:57:31,920 | autoeft.projection.prosmeftion.yProjection.indices | DEBUG    | The index gauge7 will be deleted.
2022-10-18 16:57:31,920 | autoeft.projection.prosmeftion.yProjection.indices | DEBUG    | The index gauge6 will be deleted.
2022-10-18 16:57:31,921 | autoeft.projection.prosmeftion.yProjection.indices | DEBUG    | The index Usl1 will be deleted.
2022-10-18 16:57:31,921 | autoeft.projection.prosmeftion.yProjection.indices | DEBUG    | The index Usl8 will be deleted.
2022-10-18 16:57:31,922 | autoeft.projection.prosmeftion.yProjection.indices | DEBUG    | The index Usl7 will be deleted.
2022-10-18 16:57:31,922 | autoeft.projection.prosmeftion.yProjection.indices | DEBUG    | The index Usl2 will be deleted.
2022-10-18 16:57:31,924 | autoeft.projection.prosmeftion.sun_projection | INFO     | Combine H0H+0BL+0WL+0, H0H+0BL+0WL+0 of type H0H+0BL+0WL+0.
2022-10-18 16:57:31,935 | autoeft.projection.prosmeftion.yProjection.indices | DEBUG    | The index gauge2 will be appended.
2022-10-18 16:57:31,935 | autoeft.projection.prosmeftion.yProjection.indices | DEBUG    | The index gauge1 will be rewritten with gauge2.
2022-10-18 16:57:31,936 | autoeft.projection.prosmeftion.yProjection.indices | DEBUG    | The index gauge1 will be rewritten with gauge2.
2022-10-18 16:57:31,937 | autoeft.projection.prosmeftion.yProjection.indices | DEBUG    | The index gauge3 will be appended.
2022-10-18 16:57:31,937 | autoeft.projection.prosmeftion.yProjection.indices | DEBUG    | The index gauge6 will be rewritten with gauge3.
2022-10-18 16:57:31,938 | autoeft.projection.prosmeftion.yProjection.indices | DEBUG    | The index gauge6 will be rewritten with gauge3.
2022-10-18 16:57:31,939 | autoeft.projection.prosmeftion.yProjection.indices | DEBUG    | The index Lsldot3 will be appended.
2022-10-18 16:57:31,940 | autoeft.projection.prosmeftion.yProjection.indices | DEBUG    | The index Usldot3 will be appended.
2022-10-18 16:57:31,941 | autoeft.projection.prosmeftion.yProjection.indices | DEBUG    | The index Lsldot1 will be rewritten with Lsldot3.
2022-10-18 16:57:31,941 | autoeft.projection.prosmeftion.yProjection.indices | DEBUG    | The index Usldot1 will be rewritten with Usldot3.
2022-10-18 16:57:31,947 | autoeft.projection.prosmeftion.yProjection.indices | DEBUG    | The index Lsldot4 will be appended.
2022-10-18 16:57:31,950 | autoeft.projection.prosmeftion.yProjection.indices | DEBUG    | The index Usldot4 will be appended.
2022-10-18 16:57:31,952 | autoeft.projection.prosmeftion.yProjection.indices | DEBUG    | The index Lsldot2 will be rewritten with Lsldot4.
2022-10-18 16:57:31,954 | autoeft.projection.prosmeftion.yProjection.indices | DEBUG    | The index Usldot2 will be rewritten with Usldot4.
2022-10-18 16:57:31,956 | autoeft.projection.prosmeftion.yProjection.indices | DEBUG    | The index gauge4 will be appended.
2022-10-18 16:57:31,957 | autoeft.projection.prosmeftion.yProjection.indices | DEBUG    | The index gauge7 will be rewritten with gauge4.
2022-10-18 16:57:31,958 | autoeft.projection.prosmeftion.yProjection.indices | DEBUG    | The index gauge7 will be rewritten with gauge4.
2022-10-18 16:57:31,959 | autoeft.projection.prosmeftion.yProjection.indices | DEBUG    | The index gauge5 will be appended.
2022-10-18 16:57:31,960 | autoeft.projection.prosmeftion.yProjection.indices | DEBUG    | The index gauge8 will be rewritten with gauge5.
2022-10-18 16:57:31,961 | autoeft.projection.prosmeftion.yProjection.indices | DEBUG    | The index gauge8 will be rewritten with gauge5.
2022-10-18 16:57:31,962 | autoeft.projection.prosmeftion.yProjection.indices | DEBUG    | The index Lsldot5 will be appended.
2022-10-18 16:57:31,963 | autoeft.projection.prosmeftion.yProjection.indices | DEBUG    | The index Usldot5 will be appended.
2022-10-18 16:57:31,964 | autoeft.projection.prosmeftion.yProjection.indices | DEBUG    | The index Lsldot7 will be rewritten with Lsldot5.
2022-10-18 16:57:31,964 | autoeft.projection.prosmeftion.yProjection.indices | DEBUG    | The index Usldot7 will be rewritten with Usldot5.
2022-10-18 16:57:31,965 | autoeft.projection.prosmeftion.yProjection.indices | DEBUG    | The index Lsldot6 will be appended.
2022-10-18 16:57:31,966 | autoeft.projection.prosmeftion.yProjection.indices | DEBUG    | The index Usldot6 will be appended.
2022-10-18 16:57:31,967 | autoeft.projection.prosmeftion.yProjection.indices | DEBUG    | The index Lsldot8 will be rewritten with Lsldot6.
2022-10-18 16:57:31,968 | autoeft.projection.prosmeftion.yProjection.indices | DEBUG    | The index Usldot8 will be rewritten with Usldot6.
2022-10-18 16:57:31,968 | autoeft.projection.prosmeftion.yProjection.indices | DEBUG    | The index gauge1 will be rewritten with gauge2.
2022-10-18 16:57:31,969 | autoeft.projection.prosmeftion.yProjection.indices | DEBUG    | The index gauge1 will be rewritten with gauge2.
2022-10-18 16:57:31,969 | autoeft.projection.prosmeftion.yProjection.indices | DEBUG    | The index gauge6 will be rewritten with gauge3.
2022-10-18 16:57:31,970 | autoeft.projection.prosmeftion.yProjection.indices | DEBUG    | The index gauge6 will be rewritten with gauge3.
2022-10-18 16:57:31,970 | autoeft.projection.prosmeftion.yProjection.indices | DEBUG    | The index Lsldot1 will be rewritten with Lsldot3.
2022-10-18 16:57:31,971 | autoeft.projection.prosmeftion.yProjection.indices | DEBUG    | The index Usldot1 will be rewritten with Usldot3.
2022-10-18 16:57:31,978 | autoeft.projection.prosmeftion.yProjection.indices | DEBUG    | The index Lsldot2 will be rewritten with Lsldot4.
2022-10-18 16:57:31,979 | autoeft.projection.prosmeftion.yProjection.indices | DEBUG    | The index Usldot2 will be rewritten with Usldot4.
2022-10-18 16:57:31,979 | autoeft.projection.prosmeftion.yProjection.indices | DEBUG    | The index gauge7 will be rewritten with gauge4.
2022-10-18 16:57:31,980 | autoeft.projection.prosmeftion.yProjection.indices | DEBUG    | The index gauge7 will be rewritten with gauge4.
2022-10-18 16:57:31,980 | autoeft.projection.prosmeftion.yProjection.indices | DEBUG    | The index gauge8 will be rewritten with gauge5.
2022-10-18 16:57:31,981 | autoeft.projection.prosmeftion.yProjection.indices | DEBUG    | The index gauge8 will be rewritten with gauge5.
2022-10-18 16:57:31,981 | autoeft.projection.prosmeftion.yProjection.indices | DEBUG    | The index Lsldot7 will be rewritten with Lsldot5.
2022-10-18 16:57:31,982 | autoeft.projection.prosmeftion.yProjection.indices | DEBUG    | The index Usldot7 will be rewritten with Usldot5.
2022-10-18 16:57:31,983 | autoeft.projection.prosmeftion.yProjection.indices | DEBUG    | The index Lsldot8 will be rewritten with Lsldot6.
2022-10-18 16:57:31,983 | autoeft.projection.prosmeftion.yProjection.indices | DEBUG    | The index Usldot8 will be rewritten with Usldot6.
2022-10-18 16:57:31,984 | autoeft.projection.prosmeftion.yProjection.indices | DEBUG    | The index gauge2 will be deleted.
2022-10-18 16:57:31,984 | autoeft.projection.prosmeftion.yProjection.indices | DEBUG    | The index gauge5 will be deleted.
2022-10-18 16:57:31,985 | autoeft.projection.prosmeftion.yProjection.operator | DEBUG    | Expression changed from [su2eps](gauge1,gauge8) to [su2eps](gauge2,gauge5).
2022-10-18 16:57:31,985 | autoeft.projection.prosmeftion.yProjection.indices | DEBUG    | The index gauge4 will be deleted.
2022-10-18 16:57:31,986 | autoeft.projection.prosmeftion.yProjection.indices | DEBUG    | The index gauge3 will be deleted.
2022-10-18 16:57:31,986 | autoeft.projection.prosmeftion.yProjection.operator | DEBUG    | Expression changed from [su2eps](gauge7,gauge6) to [su2eps](gauge4,gauge3).
2022-10-18 16:57:31,987 | autoeft.projection.prosmeftion.yProjection.indices | DEBUG    | The index Lsldot3 will be deleted.
2022-10-18 16:57:31,988 | autoeft.projection.prosmeftion.yProjection.indices | DEBUG    | The index Lsldot5 will be deleted.
2022-10-18 16:57:31,988 | autoeft.projection.prosmeftion.yProjection.operator | DEBUG    | Expression changed from [sl2Ceps](Lsldot1,Lsldot7) to [sl2Ceps](Lsldot3,Lsldot5).
2022-10-18 16:57:31,989 | autoeft.projection.prosmeftion.yProjection.indices | DEBUG    | The index Lsldot4 will be deleted.
2022-10-18 16:57:31,990 | autoeft.projection.prosmeftion.yProjection.indices | DEBUG    | The index Lsldot6 will be deleted.
2022-10-18 16:57:31,995 | autoeft.projection.prosmeftion.yProjection.operator | DEBUG    | Expression changed from [sl2Ceps](Lsldot2,Lsldot8) to [sl2Ceps](Lsldot4,Lsldot6).
2022-10-18 16:57:31,995 | autoeft.projection.prosmeftion.yProjection.operator | DEBUG    | Expression changed from H(gauge1) to H(gauge2).
2022-10-18 16:57:31,996 | autoeft.projection.prosmeftion.yProjection.operator | DEBUG    | Expression changed from [H+](gauge6) to [H+](gauge3).
2022-10-18 16:57:31,997 | autoeft.projection.prosmeftion.yProjection.operator | DEBUG    | Expression changed from BR(Usldot1,Usldot2) to BR(Usldot3,Usldot4).
2022-10-18 16:57:31,999 | autoeft.projection.prosmeftion.yProjection.operator | DEBUG    | Expression changed from WR(gauge7,gauge8,Usldot7,Usldot8) to WR(gauge4,gauge5,Usldot5,Usldot6).
2022-10-18 16:57:31,999 | autoeft.projection.prosmeftion.yProjection.indices | DEBUG    | The index gauge2 will be deleted.
2022-10-18 16:57:32,000 | autoeft.projection.prosmeftion.yProjection.indices | DEBUG    | The index gauge5 will be deleted.
2022-10-18 16:57:32,001 | autoeft.projection.prosmeftion.yProjection.operator | DEBUG    | Expression changed from [su2eps](gauge1,gauge8) to [su2eps](gauge2,gauge5).
2022-10-18 16:57:32,001 | autoeft.projection.prosmeftion.yProjection.indices | DEBUG    | The index gauge4 will be deleted.
2022-10-18 16:57:32,002 | autoeft.projection.prosmeftion.yProjection.indices | DEBUG    | The index gauge3 will be deleted.
2022-10-18 16:57:32,002 | autoeft.projection.prosmeftion.yProjection.operator | DEBUG    | Expression changed from [su2eps](gauge7,gauge6) to [su2eps](gauge4,gauge3).
2022-10-18 16:57:32,003 | autoeft.projection.prosmeftion.yProjection.indices | DEBUG    | The index Lsldot3 will be deleted.
2022-10-18 16:57:32,003 | autoeft.projection.prosmeftion.yProjection.indices | DEBUG    | The index Lsldot6 will be deleted.
2022-10-18 16:57:32,003 | autoeft.projection.prosmeftion.yProjection.operator | DEBUG    | Expression changed from [sl2Ceps](Lsldot1,Lsldot8) to [sl2Ceps](Lsldot3,Lsldot6).
2022-10-18 16:57:32,004 | autoeft.projection.prosmeftion.yProjection.indices | DEBUG    | The index Lsldot5 will be deleted.
2022-10-18 16:57:32,005 | autoeft.projection.prosmeftion.yProjection.indices | DEBUG    | The index Lsldot4 will be deleted.
2022-10-18 16:57:32,005 | autoeft.projection.prosmeftion.yProjection.operator | DEBUG    | Expression changed from [sl2Ceps](Lsldot7,Lsldot2) to [sl2Ceps](Lsldot5,Lsldot4).
2022-10-18 16:57:32,008 | autoeft.projection.prosmeftion.yProjection.operator | DEBUG    | Expression changed from H(gauge1) to H(gauge2).
2022-10-18 16:57:32,011 | autoeft.projection.prosmeftion.yProjection.operator | DEBUG    | Expression changed from [H+](gauge6) to [H+](gauge3).
2022-10-18 16:57:32,012 | autoeft.projection.prosmeftion.yProjection.operator | DEBUG    | Expression changed from BR(Usldot1,Usldot2) to BR(Usldot3,Usldot4).
2022-10-18 16:57:32,012 | autoeft.projection.prosmeftion.yProjection.operator | DEBUG    | Expression changed from WR(gauge7,gauge8,Usldot7,Usldot8) to WR(gauge4,gauge5,Usldot5,Usldot6).
2022-10-18 16:57:32,081 | autoeft.projection.prosmeftion | DEBUG    | form -p /mnt/c/Users/jakob/OneDrive - Students RWTH Aachen University/Physik/9Physik/ws21/Masterthesis/autoeft/projection/form_files/general H0H+0BL+0WL+0.frm
2022-10-18 16:57:32,166 | autoeft.projection.prosmeftion | DEBUG    | form -p /mnt/c/Users/jakob/OneDrive - Students RWTH Aachen University/Physik/9Physik/ws21/Masterthesis/autoeft/projection/form_files/general term_read.frm
2022-10-18 16:57:32,275 | autoeft.projection.prosmeftion | DEBUG    | form -p /mnt/c/Users/jakob/OneDrive - Students RWTH Aachen University/Physik/9Physik/ws21/Masterthesis/autoeft/projection/form_files/general get_Ops.frm
2022-10-18 16:57:32,387 | autoeft.projection.prosmeftion | DEBUG    | form -p /mnt/c/Users/jakob/OneDrive - Students RWTH Aachen University/Physik/9Physik/ws21/Masterthesis/autoeft/projection/form_files/general get_Ops.frm
2022-10-18 16:57:32,424 | autoeft.projection.prosmeftion.sun_projection | INFO     | Combine BL0WL0H0H+0, BL0WL0H0H+0 of type BL0WL0H0H+0.
2022-10-18 16:57:32,442 | autoeft.projection.prosmeftion.yProjection.indices | DEBUG    | The index Lsl3 will be appended.
2022-10-18 16:57:32,443 | autoeft.projection.prosmeftion.yProjection.indices | DEBUG    | The index Usl3 will be appended.
2022-10-18 16:57:32,444 | autoeft.projection.prosmeftion.yProjection.indices | DEBUG    | The index Usl1 will be rewritten with Usl3.
2022-10-18 16:57:32,444 | autoeft.projection.prosmeftion.yProjection.indices | DEBUG    | The index Lsl1 will be rewritten with Lsl3.
2022-10-18 16:57:32,445 | autoeft.projection.prosmeftion.yProjection.indices | DEBUG    | The index Lsl4 will be appended.
2022-10-18 16:57:32,446 | autoeft.projection.prosmeftion.yProjection.indices | DEBUG    | The index Usl4 will be appended.
2022-10-18 16:57:32,446 | autoeft.projection.prosmeftion.yProjection.indices | DEBUG    | The index Usl2 will be rewritten with Usl4.
2022-10-18 16:57:32,447 | autoeft.projection.prosmeftion.yProjection.indices | DEBUG    | The index Lsl2 will be rewritten with Lsl4.
2022-10-18 16:57:32,448 | autoeft.projection.prosmeftion.yProjection.indices | DEBUG    | The index gauge2 will be appended.
2022-10-18 16:57:32,449 | autoeft.projection.prosmeftion.yProjection.indices | DEBUG    | The index gauge1 will be rewritten with gauge2.
2022-10-18 16:57:32,450 | autoeft.projection.prosmeftion.yProjection.indices | DEBUG    | The index gauge1 will be rewritten with gauge2.
2022-10-18 16:57:32,451 | autoeft.projection.prosmeftion.yProjection.indices | DEBUG    | The index gauge3 will be appended.
2022-10-18 16:57:32,452 | autoeft.projection.prosmeftion.yProjection.indices | DEBUG    | The index gauge6 will be rewritten with gauge3.
2022-10-18 16:57:32,452 | autoeft.projection.prosmeftion.yProjection.indices | DEBUG    | The index gauge6 will be rewritten with gauge3.
2022-10-18 16:57:32,454 | autoeft.projection.prosmeftion.yProjection.indices | DEBUG    | The index Lsl5 will be appended.
2022-10-18 16:57:32,455 | autoeft.projection.prosmeftion.yProjection.indices | DEBUG    | The index Usl5 will be appended.
2022-10-18 16:57:32,456 | autoeft.projection.prosmeftion.yProjection.indices | DEBUG    | The index Usl7 will be rewritten with Usl5.
2022-10-18 16:57:32,457 | autoeft.projection.prosmeftion.yProjection.indices | DEBUG    | The index Lsl7 will be rewritten with Lsl5.
2022-10-18 16:57:32,461 | autoeft.projection.prosmeftion.yProjection.indices | DEBUG    | The index Lsl6 will be appended.
2022-10-18 16:57:32,462 | autoeft.projection.prosmeftion.yProjection.indices | DEBUG    | The index Usl6 will be appended.
2022-10-18 16:57:32,463 | autoeft.projection.prosmeftion.yProjection.indices | DEBUG    | The index Usl8 will be rewritten with Usl6.
2022-10-18 16:57:32,463 | autoeft.projection.prosmeftion.yProjection.indices | DEBUG    | The index Lsl8 will be rewritten with Lsl6.
2022-10-18 16:57:32,464 | autoeft.projection.prosmeftion.yProjection.indices | DEBUG    | The index gauge4 will be appended.
2022-10-18 16:57:32,465 | autoeft.projection.prosmeftion.yProjection.indices | DEBUG    | The index gauge7 will be rewritten with gauge4.
2022-10-18 16:57:32,466 | autoeft.projection.prosmeftion.yProjection.indices | DEBUG    | The index gauge7 will be rewritten with gauge4.
2022-10-18 16:57:32,467 | autoeft.projection.prosmeftion.yProjection.indices | DEBUG    | The index gauge5 will be appended.
2022-10-18 16:57:32,468 | autoeft.projection.prosmeftion.yProjection.indices | DEBUG    | The index gauge8 will be rewritten with gauge5.
2022-10-18 16:57:32,468 | autoeft.projection.prosmeftion.yProjection.indices | DEBUG    | The index gauge8 will be rewritten with gauge5.
2022-10-18 16:57:32,469 | autoeft.projection.prosmeftion.yProjection.indices | DEBUG    | The index Usl1 will be rewritten with Usl3.
2022-10-18 16:57:32,469 | autoeft.projection.prosmeftion.yProjection.indices | DEBUG    | The index Lsl1 will be rewritten with Lsl3.
2022-10-18 16:57:32,470 | autoeft.projection.prosmeftion.yProjection.indices | DEBUG    | The index Usl2 will be rewritten with Usl4.
2022-10-18 16:57:32,470 | autoeft.projection.prosmeftion.yProjection.indices | DEBUG    | The index Lsl2 will be rewritten with Lsl4.
2022-10-18 16:57:32,471 | autoeft.projection.prosmeftion.yProjection.indices | DEBUG    | The index gauge1 will be rewritten with gauge2.
2022-10-18 16:57:32,471 | autoeft.projection.prosmeftion.yProjection.indices | DEBUG    | The index gauge1 will be rewritten with gauge2.
2022-10-18 16:57:32,472 | autoeft.projection.prosmeftion.yProjection.indices | DEBUG    | The index gauge6 will be rewritten with gauge3.
2022-10-18 16:57:32,472 | autoeft.projection.prosmeftion.yProjection.indices | DEBUG    | The index gauge6 will be rewritten with gauge3.
2022-10-18 16:57:32,473 | autoeft.projection.prosmeftion.yProjection.indices | DEBUG    | The index Usl7 will be rewritten with Usl5.
2022-10-18 16:57:32,473 | autoeft.projection.prosmeftion.yProjection.indices | DEBUG    | The index Lsl7 will be rewritten with Lsl5.
2022-10-18 16:57:32,474 | autoeft.projection.prosmeftion.yProjection.indices | DEBUG    | The index Usl8 will be rewritten with Usl6.
2022-10-18 16:57:32,474 | autoeft.projection.prosmeftion.yProjection.indices | DEBUG    | The index Lsl8 will be rewritten with Lsl6.
2022-10-18 16:57:32,475 | autoeft.projection.prosmeftion.yProjection.indices | DEBUG    | The index gauge7 will be rewritten with gauge4.
2022-10-18 16:57:32,476 | autoeft.projection.prosmeftion.yProjection.indices | DEBUG    | The index gauge7 will be rewritten with gauge4.
2022-10-18 16:57:32,479 | autoeft.projection.prosmeftion.yProjection.indices | DEBUG    | The index gauge8 will be rewritten with gauge5.
2022-10-18 16:57:32,480 | autoeft.projection.prosmeftion.yProjection.indices | DEBUG    | The index gauge8 will be rewritten with gauge5.
2022-10-18 16:57:32,483 | autoeft.projection.prosmeftion.yProjection.indices | DEBUG    | The index gauge2 will be deleted.
2022-10-18 16:57:32,484 | autoeft.projection.prosmeftion.yProjection.indices | DEBUG    | The index gauge5 will be deleted.
2022-10-18 16:57:32,484 | autoeft.projection.prosmeftion.yProjection.operator | DEBUG    | Expression changed from [su2eps](gauge1,gauge8) to [su2eps](gauge2,gauge5).
2022-10-18 16:57:32,485 | autoeft.projection.prosmeftion.yProjection.indices | DEBUG    | The index gauge4 will be deleted.
2022-10-18 16:57:32,485 | autoeft.projection.prosmeftion.yProjection.indices | DEBUG    | The index gauge3 will be deleted.
2022-10-18 16:57:32,486 | autoeft.projection.prosmeftion.yProjection.operator | DEBUG    | Expression changed from [su2eps](gauge7,gauge6) to [su2eps](gauge4,gauge3).
2022-10-18 16:57:32,486 | autoeft.projection.prosmeftion.yProjection.indices | DEBUG    | The index Usl3 will be deleted.
2022-10-18 16:57:32,487 | autoeft.projection.prosmeftion.yProjection.indices | DEBUG    | The index Usl5 will be deleted.
2022-10-18 16:57:32,487 | autoeft.projection.prosmeftion.yProjection.operator | DEBUG    | Expression changed from [sl2Ceps](Usl1,Usl7) to [sl2Ceps](Usl3,Usl5).
2022-10-18 16:57:32,488 | autoeft.projection.prosmeftion.yProjection.indices | DEBUG    | The index Usl4 will be deleted.
2022-10-18 16:57:32,488 | autoeft.projection.prosmeftion.yProjection.indices | DEBUG    | The index Usl6 will be deleted.
2022-10-18 16:57:32,489 | autoeft.projection.prosmeftion.yProjection.operator | DEBUG    | Expression changed from [sl2Ceps](Usl2,Usl8) to [sl2Ceps](Usl4,Usl6).
2022-10-18 16:57:32,490 | autoeft.projection.prosmeftion.yProjection.operator | DEBUG    | Expression changed from BL(Lsl1,Lsl2) to BL(Lsl3,Lsl4).
2022-10-18 16:57:32,490 | autoeft.projection.prosmeftion.yProjection.operator | DEBUG    | Expression changed from WL(gauge1,gauge6,Lsl7,Lsl8) to WL(gauge2,gauge3,Lsl5,Lsl6).
2022-10-18 16:57:32,491 | autoeft.projection.prosmeftion.yProjection.operator | DEBUG    | Expression changed from H(gauge7) to H(gauge4).
2022-10-18 16:57:32,492 | autoeft.projection.prosmeftion.yProjection.operator | DEBUG    | Expression changed from [H+](gauge8) to [H+](gauge5).
2022-10-18 16:57:32,492 | autoeft.projection.prosmeftion.yProjection.indices | DEBUG    | The index gauge2 will be deleted.
2022-10-18 16:57:32,493 | autoeft.projection.prosmeftion.yProjection.indices | DEBUG    | The index gauge5 will be deleted.
2022-10-18 16:57:32,493 | autoeft.projection.prosmeftion.yProjection.operator | DEBUG    | Expression changed from [su2eps](gauge1,gauge8) to [su2eps](gauge2,gauge5).
2022-10-18 16:57:32,494 | autoeft.projection.prosmeftion.yProjection.indices | DEBUG    | The index gauge4 will be deleted.
2022-10-18 16:57:32,494 | autoeft.projection.prosmeftion.yProjection.indices | DEBUG    | The index gauge3 will be deleted.
2022-10-18 16:57:32,495 | autoeft.projection.prosmeftion.yProjection.operator | DEBUG    | Expression changed from [su2eps](gauge7,gauge6) to [su2eps](gauge4,gauge3).
2022-10-18 16:57:32,495 | autoeft.projection.prosmeftion.yProjection.indices | DEBUG    | The index Usl3 will be deleted.
2022-10-18 16:57:32,496 | autoeft.projection.prosmeftion.yProjection.indices | DEBUG    | The index Usl6 will be deleted.
2022-10-18 16:57:32,496 | autoeft.projection.prosmeftion.yProjection.operator | DEBUG    | Expression changed from [sl2Ceps](Usl1,Usl8) to [sl2Ceps](Usl3,Usl6).
2022-10-18 16:57:32,496 | autoeft.projection.prosmeftion.yProjection.indices | DEBUG    | The index Usl5 will be deleted.
2022-10-18 16:57:32,497 | autoeft.projection.prosmeftion.yProjection.indices | DEBUG    | The index Usl4 will be deleted.
2022-10-18 16:57:32,497 | autoeft.projection.prosmeftion.yProjection.operator | DEBUG    | Expression changed from [sl2Ceps](Usl7,Usl2) to [sl2Ceps](Usl5,Usl4).
2022-10-18 16:57:32,498 | autoeft.projection.prosmeftion.yProjection.operator | DEBUG    | Expression changed from BL(Lsl1,Lsl2) to BL(Lsl3,Lsl4).
2022-10-18 16:57:32,499 | autoeft.projection.prosmeftion.yProjection.operator | DEBUG    | Expression changed from WL(gauge1,gauge6,Lsl7,Lsl8) to WL(gauge2,gauge3,Lsl5,Lsl6).
2022-10-18 16:57:32,500 | autoeft.projection.prosmeftion.yProjection.operator | DEBUG    | Expression changed from H(gauge7) to H(gauge4).
2022-10-18 16:57:32,500 | autoeft.projection.prosmeftion.yProjection.operator | DEBUG    | Expression changed from [H+](gauge8) to [H+](gauge5).
2022-10-18 16:57:32,597 | autoeft.projection.prosmeftion | DEBUG    | form -p /mnt/c/Users/jakob/OneDrive - Students RWTH Aachen University/Physik/9Physik/ws21/Masterthesis/autoeft/projection/form_files/general BL0WL0H0H+0.frm
2022-10-18 16:57:32,690 | autoeft.projection.prosmeftion | DEBUG    | form -p /mnt/c/Users/jakob/OneDrive - Students RWTH Aachen University/Physik/9Physik/ws21/Masterthesis/autoeft/projection/form_files/general term_read.frm
2022-10-18 16:57:32,848 | autoeft.projection.prosmeftion | DEBUG    | form -p /mnt/c/Users/jakob/OneDrive - Students RWTH Aachen University/Physik/9Physik/ws21/Masterthesis/autoeft/projection/form_files/general get_Ops.frm
2022-10-18 16:57:33,002 | autoeft.projection.prosmeftion | DEBUG    | form -p /mnt/c/Users/jakob/OneDrive - Students RWTH Aachen University/Physik/9Physik/ws21/Masterthesis/autoeft/projection/form_files/general get_Ops.frm
2022-10-18 16:57:33,060 | autoeft.projection.prosmeftion.sun_projection | INFO     | Sort fields by type, indicated by a tuple filled with integers. They specify the number of fields in the single summand in the following order: BL WL L Q dC eC uC H H+ L+ Q+ dC+ eC+ uC+ BL+ WL+
2022-10-18 16:57:33,064 | autoeft.projection.prosmeftion.yProjection.indices | DEBUG    | The index gauge2 will be deleted.
2022-10-18 16:57:33,065 | autoeft.projection.prosmeftion.yProjection.indices | DEBUG    | The index gauge5 will be deleted.
2022-10-18 16:57:33,066 | autoeft.projection.prosmeftion.yProjection.indices | DEBUG    | The index gauge4 will be deleted.
2022-10-18 16:57:33,067 | autoeft.projection.prosmeftion.yProjection.indices | DEBUG    | The index gauge3 will be deleted.
2022-10-18 16:57:33,069 | autoeft.projection.prosmeftion.yProjection.indices | DEBUG    | The index Lsldot3 will be deleted.
2022-10-18 16:57:33,070 | autoeft.projection.prosmeftion.yProjection.indices | DEBUG    | The index Lsldot5 will be deleted.
2022-10-18 16:57:33,070 | autoeft.projection.prosmeftion.yProjection.indices | DEBUG    | The index Lsldot4 will be deleted.
2022-10-18 16:57:33,071 | autoeft.projection.prosmeftion.yProjection.indices | DEBUG    | The index Lsldot6 will be deleted.
2022-10-18 16:57:33,072 | autoeft.projection.prosmeftion.yProjection.indices | DEBUG    | The index gauge2 will be deleted.
2022-10-18 16:57:33,073 | autoeft.projection.prosmeftion.yProjection.indices | DEBUG    | The index gauge5 will be deleted.
2022-10-18 16:57:33,075 | autoeft.projection.prosmeftion.yProjection.indices | DEBUG    | The index gauge4 will be deleted.
2022-10-18 16:57:33,076 | autoeft.projection.prosmeftion.yProjection.indices | DEBUG    | The index gauge3 will be deleted.
2022-10-18 16:57:33,079 | autoeft.projection.prosmeftion.yProjection.indices | DEBUG    | The index Lsldot3 will be deleted.
2022-10-18 16:57:33,081 | autoeft.projection.prosmeftion.yProjection.indices | DEBUG    | The index Lsldot6 will be deleted.
2022-10-18 16:57:33,083 | autoeft.projection.prosmeftion.yProjection.indices | DEBUG    | The index Lsldot5 will be deleted.
2022-10-18 16:57:33,085 | autoeft.projection.prosmeftion.yProjection.indices | DEBUG    | The index Lsldot4 will be deleted.
2022-10-18 16:57:33,089 | autoeft.projection.prosmeftion.yProjection.indices | DEBUG    | The index gauge2 will be deleted.
2022-10-18 16:57:33,090 | autoeft.projection.prosmeftion.yProjection.indices | DEBUG    | The index gauge5 will be deleted.
2022-10-18 16:57:33,090 | autoeft.projection.prosmeftion.yProjection.indices | DEBUG    | The index gauge4 will be deleted.
2022-10-18 16:57:33,091 | autoeft.projection.prosmeftion.yProjection.indices | DEBUG    | The index gauge3 will be deleted.
2022-10-18 16:57:33,092 | autoeft.projection.prosmeftion.yProjection.indices | DEBUG    | The index Usl3 will be deleted.
2022-10-18 16:57:33,099 | autoeft.projection.prosmeftion.yProjection.indices | DEBUG    | The index Usl5 will be deleted.
2022-10-18 16:57:33,100 | autoeft.projection.prosmeftion.yProjection.indices | DEBUG    | The index Usl4 will be deleted.
2022-10-18 16:57:33,101 | autoeft.projection.prosmeftion.yProjection.indices | DEBUG    | The index Usl6 will be deleted.
2022-10-18 16:57:33,102 | autoeft.projection.prosmeftion.yProjection.indices | DEBUG    | The index gauge2 will be deleted.
2022-10-18 16:57:33,103 | autoeft.projection.prosmeftion.yProjection.indices | DEBUG    | The index gauge5 will be deleted.
2022-10-18 16:57:33,103 | autoeft.projection.prosmeftion.yProjection.indices | DEBUG    | The index gauge4 will be deleted.
2022-10-18 16:57:33,104 | autoeft.projection.prosmeftion.yProjection.indices | DEBUG    | The index gauge3 will be deleted.
2022-10-18 16:57:33,105 | autoeft.projection.prosmeftion.yProjection.indices | DEBUG    | The index Usl3 will be deleted.
2022-10-18 16:57:33,105 | autoeft.projection.prosmeftion.yProjection.indices | DEBUG    | The index Usl6 will be deleted.
2022-10-18 16:57:33,106 | autoeft.projection.prosmeftion.yProjection.indices | DEBUG    | The index Usl5 will be deleted.
2022-10-18 16:57:33,106 | autoeft.projection.prosmeftion.yProjection.indices | DEBUG    | The index Usl4 will be deleted.
2022-10-18 16:57:33,109 | autoeft.projection        | INFO     | #Terms with doubles: 4 <-> #Terms without doubles: 4
2022-10-18 16:57:33,117 | autoeft.projection.prosmeftion.yProjection.tableau | DEBUG    | Rows of tableau changed to:
-----------------
|3-False|3-False|
-----------------
|4-False|4-False|
-----------------
.
2022-10-18 16:57:33,118 | autoeft.projection.prosmeftion.yProjection.indices | DEBUG    | The index gauge2 will be deleted.
2022-10-18 16:57:33,118 | autoeft.projection.prosmeftion.yProjection.indices | DEBUG    | The index gauge5 will be deleted.
2022-10-18 16:57:33,120 | autoeft.projection.prosmeftion.yProjection.indices | DEBUG    | The index gauge4 will be deleted.
2022-10-18 16:57:33,121 | autoeft.projection.prosmeftion.yProjection.indices | DEBUG    | The index gauge3 will be deleted.
2022-10-18 16:57:33,122 | autoeft.projection.prosmeftion.yProjection.indices | DEBUG    | The index Lsldot3 will be deleted.
2022-10-18 16:57:33,123 | autoeft.projection.prosmeftion.yProjection.indices | DEBUG    | The index Lsldot5 will be deleted.
2022-10-18 16:57:33,124 | autoeft.projection.prosmeftion.yProjection.indices | DEBUG    | The index Lsldot4 will be deleted.
2022-10-18 16:57:33,125 | autoeft.projection.prosmeftion.yProjection.indices | DEBUG    | The index Lsldot6 will be deleted.
2022-10-18 16:57:33,126 | autoeft.projection.prosmeftion.lor_projection | INFO     | (1/8*Ms^-2)*[su2eps](gauge2,gauge5)*[su2eps](gauge4,gauge3)*[sl2Ceps](Lsldot3,Lsldot5)*[sl2Ceps](Lsldot4,Lsldot6)*H(gauge2)*[H+](gauge3)*BR(Usldot3,Usldot4)*WR(gauge4,gauge5,Usldot5,Usldot6)
2022-10-18 16:57:33,249 | autoeft.projection.prosmeftion | DEBUG    | form -p /mnt/c/Users/jakob/OneDrive - Students RWTH Aachen University/Physik/9Physik/ws21/Masterthesis/autoeft/projection/form_files/general get_dimension.frm
2022-10-18 16:57:33,259 | autoeft.projection.prosmeftion.yProjection.tableau | DEBUG    | Rows of tableau changed to:
-----------------
|3-False|3-False|
-----------------
|4-False|4-False|
-----------------
.
2022-10-18 16:57:33,260 | autoeft.projection.prosmeftion.yProjection.tableau | DEBUG    | Rows of tableau changed to:
-----------------
|3-False|3-False|
-----------------
|4-False|4-False|
-----------------
.
2022-10-18 16:57:33,261 | autoeft.projection.prosmeftion.yProjection.lorentz | DEBUG    | factor:
Fraction(1, 1)
l_tab:
---
| |
---
r_tab:
-----------------
|3-False|3-False|
-----------------
|4-False|4-False|
-----------------

2022-10-18 16:57:33,262 | autoeft.projection.prosmeftion.yProjection.tableau | DEBUG    | Rows of tableau changed to:
-----------------
|3-False|3-False|
-----------------
|4-False|4-False|
-----------------
.
2022-10-18 16:57:33,263 | autoeft.projection.prosmeftion.lor_projection | INFO     | factor:
Fraction(1, 1)
l_tab:
---
| |
---
r_tab:
-----------------
|3-False|3-False|
-----------------
|4-False|4-False|
-----------------

2022-10-18 16:57:33,399 | autoeft.projection.prosmeftion | DEBUG    | form -p /mnt/c/Users/jakob/OneDrive - Students RWTH Aachen University/Physik/9Physik/ws21/Masterthesis/autoeft/projection/form_files/general get_dimension.frm
2022-10-18 16:57:33,461 | autoeft.projection.prosmeftion | DEBUG    | form -p /mnt/c/Users/jakob/OneDrive - Students RWTH Aachen University/Physik/9Physik/ws21/Masterthesis/autoeft/projection/form_files/general get_dimension.frm
2022-10-18 16:57:33,535 | autoeft.projection.prosmeftion | DEBUG    | form -p /mnt/c/Users/jakob/OneDrive - Students RWTH Aachen University/Physik/9Physik/ws21/Masterthesis/autoeft/projection/form_files/general get_dimension.frm
2022-10-18 16:57:33,543 | autoeft.projection.prosmeftion.yProjection.indices | DEBUG    | The index gauge2 will be deleted.
2022-10-18 16:57:33,544 | autoeft.projection.prosmeftion.yProjection.indices | DEBUG    | The index gauge5 will be deleted.
2022-10-18 16:57:33,545 | autoeft.projection.prosmeftion.yProjection.indices | DEBUG    | The index gauge2 will be rewritten with gauge2.
2022-10-18 16:57:33,546 | autoeft.projection.prosmeftion.yProjection.indices | DEBUG    | The index gauge5 will be rewritten with gauge5.
2022-10-18 16:57:33,546 | autoeft.projection.prosmeftion.yProjection.indices | DEBUG    | The index gauge4 will be deleted.
2022-10-18 16:57:33,547 | autoeft.projection.prosmeftion.yProjection.indices | DEBUG    | The index gauge3 will be deleted.
2022-10-18 16:57:33,548 | autoeft.projection.prosmeftion.yProjection.indices | DEBUG    | The index gauge4 will be rewritten with gauge4.
2022-10-18 16:57:33,548 | autoeft.projection.prosmeftion.yProjection.indices | DEBUG    | The index gauge3 will be rewritten with gauge3.
2022-10-18 16:57:33,549 | autoeft.projection.prosmeftion.yProjection.indices | DEBUG    | The index Lsldot3 will be deleted.
2022-10-18 16:57:33,549 | autoeft.projection.prosmeftion.yProjection.indices | DEBUG    | The index Lsldot5 will be deleted.
2022-10-18 16:57:33,550 | autoeft.projection.prosmeftion.yProjection.indices | DEBUG    | The index Lsldot3 will be rewritten with Lsldot3.
2022-10-18 16:57:33,550 | autoeft.projection.prosmeftion.yProjection.indices | DEBUG    | The index Lsldot5 will be rewritten with Lsldot5.
2022-10-18 16:57:33,551 | autoeft.projection.prosmeftion.yProjection.indices | DEBUG    | The index Lsldot4 will be deleted.
2022-10-18 16:57:33,551 | autoeft.projection.prosmeftion.yProjection.indices | DEBUG    | The index Lsldot6 will be deleted.
2022-10-18 16:57:33,552 | autoeft.projection.prosmeftion.yProjection.indices | DEBUG    | The index Lsldot4 will be rewritten with Lsldot4.
2022-10-18 16:57:33,552 | autoeft.projection.prosmeftion.yProjection.indices | DEBUG    | The index Lsldot6 will be rewritten with Lsldot6.
2022-10-18 16:57:33,553 | autoeft.projection.prosmeftion.yProjection.indices | DEBUG    | The index gauge2 will be rewritten with gauge2.
2022-10-18 16:57:33,554 | autoeft.projection.prosmeftion.yProjection.indices | DEBUG    | The index gauge3 will be rewritten with gauge3.
2022-10-18 16:57:33,555 | autoeft.projection.prosmeftion.yProjection.indices | DEBUG    | The index Usldot3 will be rewritten with Usldot3.
2022-10-18 16:57:33,555 | autoeft.projection.prosmeftion.yProjection.indices | DEBUG    | The index Usldot4 will be rewritten with Usldot4.
2022-10-18 16:57:33,556 | autoeft.projection.prosmeftion.yProjection.indices | DEBUG    | The index gauge4 will be rewritten with gauge4.
2022-10-18 16:57:33,556 | autoeft.projection.prosmeftion.yProjection.indices | DEBUG    | The index gauge5 will be rewritten with gauge5.
2022-10-18 16:57:33,557 | autoeft.projection.prosmeftion.yProjection.indices | DEBUG    | The index Usldot5 will be rewritten with Usldot5.
2022-10-18 16:57:33,557 | autoeft.projection.prosmeftion.yProjection.indices | DEBUG    | The index Usldot6 will be rewritten with Usldot6.
2022-10-18 16:57:33,562 | autoeft.projection.prosmeftion.yProjection.indices | DEBUG    | The index Lsldot3 will be deleted.
2022-10-18 16:57:33,563 | autoeft.projection.prosmeftion.yProjection.indices | DEBUG    | The index Lsldot5 will be deleted.
2022-10-18 16:57:33,564 | autoeft.projection.prosmeftion.yProjection.indices | DEBUG    | The index Lsldot4 will be deleted.
2022-10-18 16:57:33,564 | autoeft.projection.prosmeftion.yProjection.indices | DEBUG    | The index Lsldot6 will be deleted.
2022-10-18 16:57:33,565 | autoeft.projection.prosmeftion.yProjection.operators | DEBUG    | The operator(s) [sl2Ceps](Lsldot3,Lsldot5)*[sl2Ceps](Lsldot4,Lsldot6) will be deleted.
2022-10-18 16:57:33,566 | autoeft.projection.prosmeftion.yProjection.indices | DEBUG    | The index Lsldot3 will be deleted.
2022-10-18 16:57:33,566 | autoeft.projection.prosmeftion.yProjection.indices | DEBUG    | The index Lsldot5 will be deleted.
2022-10-18 16:57:33,567 | autoeft.projection.prosmeftion.yProjection.indices | DEBUG    | The index gauge2 will be deleted.
2022-10-18 16:57:33,567 | autoeft.projection.prosmeftion.yProjection.indices | DEBUG    | The index gauge5 will be deleted.
2022-10-18 16:57:33,568 | autoeft.projection.prosmeftion.yProjection.indices | DEBUG    | The index Lsldot3 will be deleted.
2022-10-18 16:57:33,568 | autoeft.projection.prosmeftion.yProjection.indices | DEBUG    | The index Lsldot5 will be deleted.
2022-10-18 16:57:33,569 | autoeft.projection.prosmeftion.yProjection.indices | DEBUG    | The index gauge4 will be deleted.
2022-10-18 16:57:33,570 | autoeft.projection.prosmeftion.yProjection.indices | DEBUG    | The index gauge3 will be deleted.
2022-10-18 16:57:33,570 | autoeft.projection.prosmeftion.yProjection.indices | DEBUG    | The index Lsldot3 will be deleted.
2022-10-18 16:57:33,571 | autoeft.projection.prosmeftion.yProjection.indices | DEBUG    | The index Lsldot5 will be deleted.
2022-10-18 16:57:33,571 | autoeft.projection.prosmeftion.yProjection.indices | DEBUG    | The index Lsldot3 will be deleted.
2022-10-18 16:57:33,572 | autoeft.projection.prosmeftion.yProjection.indices | DEBUG    | The index Lsldot5 will be deleted.
2022-10-18 16:57:33,572 | autoeft.projection.prosmeftion.yProjection.indices | DEBUG    | The index Lsldot4 will be deleted.
2022-10-18 16:57:33,572 | autoeft.projection.prosmeftion.yProjection.indices | DEBUG    | The index Lsldot6 will be deleted.
2022-10-18 16:57:33,573 | autoeft.projection.prosmeftion.yProjection.indices | DEBUG    | The index gauge2 will be deleted.
2022-10-18 16:57:33,573 | autoeft.projection.prosmeftion.yProjection.indices | DEBUG    | The index gauge5 will be deleted.
2022-10-18 16:57:33,574 | autoeft.projection.prosmeftion.yProjection.indices | DEBUG    | The index Lsldot4 will be deleted.
2022-10-18 16:57:33,575 | autoeft.projection.prosmeftion.yProjection.indices | DEBUG    | The index Lsldot6 will be deleted.
2022-10-18 16:57:33,575 | autoeft.projection.prosmeftion.yProjection.indices | DEBUG    | The index gauge4 will be deleted.
2022-10-18 16:57:33,575 | autoeft.projection.prosmeftion.yProjection.indices | DEBUG    | The index gauge3 will be deleted.
2022-10-18 16:57:33,576 | autoeft.projection.prosmeftion.yProjection.indices | DEBUG    | The index Lsldot4 will be deleted.
2022-10-18 16:57:33,576 | autoeft.projection.prosmeftion.yProjection.indices | DEBUG    | The index Lsldot6 will be deleted.
2022-10-18 16:57:33,577 | autoeft.projection.prosmeftion.yProjection.indices | DEBUG    | The index Lsldot4 will be deleted.
2022-10-18 16:57:33,577 | autoeft.projection.prosmeftion.yProjection.indices | DEBUG    | The index Lsldot6 will be deleted.
2022-10-18 16:57:33,578 | autoeft.projection.prosmeftion.yProjection.indices | DEBUG    | The index Lsldot3 will be deleted.
2022-10-18 16:57:33,578 | autoeft.projection.prosmeftion.yProjection.indices | DEBUG    | The index Lsldot5 will be deleted.
2022-10-18 16:57:33,578 | autoeft.projection.prosmeftion.yProjection.operators | DEBUG    | The operator(s) [sl2Ceps](Lsldot3,Lsldot5) will be appended.
2022-10-18 16:57:33,579 | autoeft.projection.prosmeftion.yProjection.indices | DEBUG    | The index Lsldot4 will be deleted.
2022-10-18 16:57:33,579 | autoeft.projection.prosmeftion.yProjection.indices | DEBUG    | The index Lsldot6 will be deleted.
2022-10-18 16:57:33,580 | autoeft.projection.prosmeftion.yProjection.operators | DEBUG    | The operator(s) [sl2Ceps](Lsldot4,Lsldot6) will be appended.
2022-10-18 16:57:33,580 | autoeft.projection.prosmeftion.yProjection.indices | DEBUG    | The index Usldot3 will be deleted.
2022-10-18 16:57:33,582 | autoeft.projection.prosmeftion.yProjection.indices | DEBUG    | The index Usldot4 will be deleted.
2022-10-18 16:57:33,583 | autoeft.projection.prosmeftion.yProjection.indices | DEBUG    | The index Usldot5 will be deleted.
2022-10-18 16:57:33,584 | autoeft.projection.prosmeftion.yProjection.indices | DEBUG    | The index Usldot6 will be deleted.
2022-10-18 16:57:33,585 | autoeft.projection.prosmeftion.yProjection.indices | DEBUG    | The index Usldot3 will be appended.
2022-10-18 16:57:33,586 | autoeft.projection.prosmeftion.yProjection.indices | DEBUG    | The index Usldot4 will be appended.
2022-10-18 16:57:33,587 | autoeft.projection.prosmeftion.yProjection.indices | DEBUG    | The index Usldot5 will be appended.
2022-10-18 16:57:33,588 | autoeft.projection.prosmeftion.yProjection.indices | DEBUG    | The index Usldot6 will be appended.
2022-10-18 16:57:33,588 | autoeft.projection.prosmeftion.yProjection.indices | DEBUG    | The index gauge2 will be deleted.
2022-10-18 16:57:33,589 | autoeft.projection.prosmeftion.yProjection.indices | DEBUG    | The index gauge5 will be deleted.
2022-10-18 16:57:33,589 | autoeft.projection.prosmeftion.yProjection.indices | DEBUG    | The index gauge4 will be deleted.
2022-10-18 16:57:33,590 | autoeft.projection.prosmeftion.yProjection.indices | DEBUG    | The index gauge3 will be deleted.
2022-10-18 16:57:33,590 | autoeft.projection.prosmeftion.yProjection.indices | DEBUG    | The index Lsldot3 will be deleted.
2022-10-18 16:57:33,591 | autoeft.projection.prosmeftion.yProjection.indices | DEBUG    | The index Lsldot5 will be deleted.
2022-10-18 16:57:33,591 | autoeft.projection.prosmeftion.yProjection.indices | DEBUG    | The index Lsldot4 will be deleted.
2022-10-18 16:57:33,591 | autoeft.projection.prosmeftion.yProjection.indices | DEBUG    | The index Lsldot6 will be deleted.
2022-10-18 16:57:33,593 | autoeft.projection.prosmeftion.lor_projection | INFO     | ((1/8*Ms^-2)*(1))*[su2eps](gauge2,gauge5)*[su2eps](gauge4,gauge3)*[sl2Ceps](Lsldot3,Lsldot5)*[sl2Ceps](Lsldot4,Lsldot6)*H(gauge2)*[H+](gauge3)*BR(Usldot3,Usldot4)*WR(gauge4,gauge5,Usldot5,Usldot6)
2022-10-18 16:57:33,648 | autoeft.projection.prosmeftion | DEBUG    | form -p /mnt/c/Users/jakob/OneDrive - Students RWTH Aachen University/Physik/9Physik/ws21/Masterthesis/autoeft/projection/form_files/general get_dimension.frm
2022-10-18 16:57:33,707 | autoeft.projection.prosmeftion | DEBUG    | form -p /mnt/c/Users/jakob/OneDrive - Students RWTH Aachen University/Physik/9Physik/ws21/Masterthesis/autoeft/projection/form_files/general get_dimension.frm
2022-10-18 16:57:33,767 | autoeft.projection.prosmeftion | DEBUG    | form -p /mnt/c/Users/jakob/OneDrive - Students RWTH Aachen University/Physik/9Physik/ws21/Masterthesis/autoeft/projection/form_files/general get_dimension.frm
2022-10-18 16:57:33,789 | autoeft.projection.prosmeftion.yProjection.tableau | DEBUG    | Indices of tableau changed in columns to:
-----------------
|3-False|3-False|
-----------------
|4-False|4-False|
-----------------

with sign: -1.
2022-10-18 16:57:33,790 | autoeft.projection.prosmeftion.yProjection.tableau | DEBUG    | Rows of tableau changed to:
-----------------
|3-False|3-False|
-----------------
|4-False|4-False|
-----------------
.
2022-10-18 16:57:33,790 | autoeft.projection.prosmeftion.yProjection.indices | DEBUG    | The index gauge2 will be deleted.
2022-10-18 16:57:33,791 | autoeft.projection.prosmeftion.yProjection.indices | DEBUG    | The index gauge5 will be deleted.
2022-10-18 16:57:33,791 | autoeft.projection.prosmeftion.yProjection.indices | DEBUG    | The index gauge4 will be deleted.
2022-10-18 16:57:33,792 | autoeft.projection.prosmeftion.yProjection.indices | DEBUG    | The index gauge3 will be deleted.
2022-10-18 16:57:33,793 | autoeft.projection.prosmeftion.yProjection.indices | DEBUG    | The index Lsldot3 will be deleted.
2022-10-18 16:57:33,794 | autoeft.projection.prosmeftion.yProjection.indices | DEBUG    | The index Lsldot6 will be deleted.
2022-10-18 16:57:33,794 | autoeft.projection.prosmeftion.yProjection.indices | DEBUG    | The index Lsldot5 will be deleted.
2022-10-18 16:57:33,795 | autoeft.projection.prosmeftion.yProjection.indices | DEBUG    | The index Lsldot4 will be deleted.
2022-10-18 16:57:33,795 | autoeft.projection.prosmeftion.lor_projection | INFO     | (-1/8*Ms^-2)*[su2eps](gauge2,gauge5)*[su2eps](gauge4,gauge3)*[sl2Ceps](Lsldot3,Lsldot6)*[sl2Ceps](Lsldot5,Lsldot4)*H(gauge2)*[H+](gauge3)*BR(Usldot3,Usldot4)*WR(gauge4,gauge5,Usldot5,Usldot6)
2022-10-18 16:57:33,877 | autoeft.projection.prosmeftion | DEBUG    | form -p /mnt/c/Users/jakob/OneDrive - Students RWTH Aachen University/Physik/9Physik/ws21/Masterthesis/autoeft/projection/form_files/general get_dimension.frm
2022-10-18 16:57:33,888 | autoeft.projection.prosmeftion.yProjection.tableau | DEBUG    | Indices of tableau changed in columns to:
-----------------
|3-False|3-False|
-----------------
|4-False|4-False|
-----------------

with sign: -1.
2022-10-18 16:57:33,889 | autoeft.projection.prosmeftion.yProjection.tableau | DEBUG    | Rows of tableau changed to:
-----------------
|3-False|3-False|
-----------------
|4-False|4-False|
-----------------
.
2022-10-18 16:57:33,890 | autoeft.projection.prosmeftion.yProjection.tableau | DEBUG    | Rows of tableau changed to:
-----------------
|3-False|3-False|
-----------------
|4-False|4-False|
-----------------
.
2022-10-18 16:57:33,891 | autoeft.projection.prosmeftion.yProjection.lorentz | DEBUG    | factor:
Fraction(-1, 1)
l_tab:
---
| |
---
r_tab:
-----------------
|3-False|3-False|
-----------------
|4-False|4-False|
-----------------

2022-10-18 16:57:33,893 | autoeft.projection.prosmeftion.yProjection.tableau | DEBUG    | Rows of tableau changed to:
-----------------
|3-False|3-False|
-----------------
|4-False|4-False|
-----------------
.
2022-10-18 16:57:33,895 | autoeft.projection.prosmeftion.lor_projection | INFO     | factor:
Fraction(-1, 1)
l_tab:
---
| |
---
r_tab:
-----------------
|3-False|3-False|
-----------------
|4-False|4-False|
-----------------

2022-10-18 16:57:33,945 | autoeft.projection.prosmeftion | DEBUG    | form -p /mnt/c/Users/jakob/OneDrive - Students RWTH Aachen University/Physik/9Physik/ws21/Masterthesis/autoeft/projection/form_files/general get_dimension.frm
2022-10-18 16:57:34,007 | autoeft.projection.prosmeftion | DEBUG    | form -p /mnt/c/Users/jakob/OneDrive - Students RWTH Aachen University/Physik/9Physik/ws21/Masterthesis/autoeft/projection/form_files/general get_dimension.frm
2022-10-18 16:57:34,068 | autoeft.projection.prosmeftion | DEBUG    | form -p /mnt/c/Users/jakob/OneDrive - Students RWTH Aachen University/Physik/9Physik/ws21/Masterthesis/autoeft/projection/form_files/general get_dimension.frm
2022-10-18 16:57:34,078 | autoeft.projection.prosmeftion.yProjection.indices | DEBUG    | The index gauge2 will be deleted.
2022-10-18 16:57:34,079 | autoeft.projection.prosmeftion.yProjection.indices | DEBUG    | The index gauge5 will be deleted.
2022-10-18 16:57:34,083 | autoeft.projection.prosmeftion.yProjection.indices | DEBUG    | The index gauge2 will be rewritten with gauge2.
2022-10-18 16:57:34,084 | autoeft.projection.prosmeftion.yProjection.indices | DEBUG    | The index gauge5 will be rewritten with gauge5.
2022-10-18 16:57:34,085 | autoeft.projection.prosmeftion.yProjection.indices | DEBUG    | The index gauge4 will be deleted.
2022-10-18 16:57:34,085 | autoeft.projection.prosmeftion.yProjection.indices | DEBUG    | The index gauge3 will be deleted.
2022-10-18 16:57:34,086 | autoeft.projection.prosmeftion.yProjection.indices | DEBUG    | The index gauge4 will be rewritten with gauge4.
2022-10-18 16:57:34,086 | autoeft.projection.prosmeftion.yProjection.indices | DEBUG    | The index gauge3 will be rewritten with gauge3.
2022-10-18 16:57:34,087 | autoeft.projection.prosmeftion.yProjection.indices | DEBUG    | The index Lsldot3 will be deleted.
2022-10-18 16:57:34,088 | autoeft.projection.prosmeftion.yProjection.indices | DEBUG    | The index Lsldot6 will be deleted.
2022-10-18 16:57:34,088 | autoeft.projection.prosmeftion.yProjection.indices | DEBUG    | The index Lsldot3 will be rewritten with Lsldot3.
2022-10-18 16:57:34,089 | autoeft.projection.prosmeftion.yProjection.indices | DEBUG    | The index Lsldot6 will be rewritten with Lsldot6.
2022-10-18 16:57:34,090 | autoeft.projection.prosmeftion.yProjection.indices | DEBUG    | The index Lsldot5 will be deleted.
2022-10-18 16:57:34,091 | autoeft.projection.prosmeftion.yProjection.indices | DEBUG    | The index Lsldot4 will be deleted.
2022-10-18 16:57:34,092 | autoeft.projection.prosmeftion.yProjection.indices | DEBUG    | The index Lsldot5 will be rewritten with Lsldot5.
2022-10-18 16:57:34,092 | autoeft.projection.prosmeftion.yProjection.indices | DEBUG    | The index Lsldot4 will be rewritten with Lsldot4.
2022-10-18 16:57:34,095 | autoeft.projection.prosmeftion.yProjection.indices | DEBUG    | The index gauge2 will be rewritten with gauge2.
2022-10-18 16:57:34,096 | autoeft.projection.prosmeftion.yProjection.indices | DEBUG    | The index gauge3 will be rewritten with gauge3.
2022-10-18 16:57:34,097 | autoeft.projection.prosmeftion.yProjection.indices | DEBUG    | The index Usldot3 will be rewritten with Usldot3.
2022-10-18 16:57:34,097 | autoeft.projection.prosmeftion.yProjection.indices | DEBUG    | The index Usldot4 will be rewritten with Usldot4.
2022-10-18 16:57:34,098 | autoeft.projection.prosmeftion.yProjection.indices | DEBUG    | The index gauge4 will be rewritten with gauge4.
2022-10-18 16:57:34,098 | autoeft.projection.prosmeftion.yProjection.indices | DEBUG    | The index gauge5 will be rewritten with gauge5.
2022-10-18 16:57:34,099 | autoeft.projection.prosmeftion.yProjection.indices | DEBUG    | The index Usldot5 will be rewritten with Usldot5.
2022-10-18 16:57:34,099 | autoeft.projection.prosmeftion.yProjection.indices | DEBUG    | The index Usldot6 will be rewritten with Usldot6.
2022-10-18 16:57:34,101 | autoeft.projection.prosmeftion.yProjection.indices | DEBUG    | The index Lsldot3 will be deleted.
2022-10-18 16:57:34,102 | autoeft.projection.prosmeftion.yProjection.indices | DEBUG    | The index Lsldot6 will be deleted.
2022-10-18 16:57:34,102 | autoeft.projection.prosmeftion.yProjection.indices | DEBUG    | The index Lsldot5 will be deleted.
2022-10-18 16:57:34,103 | autoeft.projection.prosmeftion.yProjection.indices | DEBUG    | The index Lsldot4 will be deleted.
2022-10-18 16:57:34,103 | autoeft.projection.prosmeftion.yProjection.operators | DEBUG    | The operator(s) [sl2Ceps](Lsldot3,Lsldot6)*[sl2Ceps](Lsldot5,Lsldot4) will be deleted.
2022-10-18 16:57:34,104 | autoeft.projection.prosmeftion.yProjection.indices | DEBUG    | The index Lsldot3 will be deleted.
2022-10-18 16:57:34,104 | autoeft.projection.prosmeftion.yProjection.indices | DEBUG    | The index Lsldot6 will be deleted.
2022-10-18 16:57:34,104 | autoeft.projection.prosmeftion.yProjection.indices | DEBUG    | The index gauge2 will be deleted.
2022-10-18 16:57:34,105 | autoeft.projection.prosmeftion.yProjection.indices | DEBUG    | The index gauge5 will be deleted.
2022-10-18 16:57:34,105 | autoeft.projection.prosmeftion.yProjection.indices | DEBUG    | The index Lsldot3 will be deleted.
2022-10-18 16:57:34,105 | autoeft.projection.prosmeftion.yProjection.indices | DEBUG    | The index Lsldot6 will be deleted.
2022-10-18 16:57:34,106 | autoeft.projection.prosmeftion.yProjection.indices | DEBUG    | The index gauge4 will be deleted.
2022-10-18 16:57:34,106 | autoeft.projection.prosmeftion.yProjection.indices | DEBUG    | The index gauge3 will be deleted.
2022-10-18 16:57:34,106 | autoeft.projection.prosmeftion.yProjection.indices | DEBUG    | The index Lsldot3 will be deleted.
2022-10-18 16:57:34,107 | autoeft.projection.prosmeftion.yProjection.indices | DEBUG    | The index Lsldot6 will be deleted.
2022-10-18 16:57:34,107 | autoeft.projection.prosmeftion.yProjection.indices | DEBUG    | The index Lsldot3 will be deleted.
2022-10-18 16:57:34,108 | autoeft.projection.prosmeftion.yProjection.indices | DEBUG    | The index Lsldot6 will be deleted.
2022-10-18 16:57:34,108 | autoeft.projection.prosmeftion.yProjection.indices | DEBUG    | The index Lsldot5 will be deleted.
2022-10-18 16:57:34,108 | autoeft.projection.prosmeftion.yProjection.indices | DEBUG    | The index Lsldot4 will be deleted.
2022-10-18 16:57:34,109 | autoeft.projection.prosmeftion.yProjection.indices | DEBUG    | The index gauge2 will be deleted.
2022-10-18 16:57:34,109 | autoeft.projection.prosmeftion.yProjection.indices | DEBUG    | The index gauge5 will be deleted.
2022-10-18 16:57:34,111 | autoeft.projection.prosmeftion.yProjection.indices | DEBUG    | The index Lsldot5 will be deleted.
2022-10-18 16:57:34,112 | autoeft.projection.prosmeftion.yProjection.indices | DEBUG    | The index Lsldot4 will be deleted.
2022-10-18 16:57:34,112 | autoeft.projection.prosmeftion.yProjection.indices | DEBUG    | The index gauge4 will be deleted.
2022-10-18 16:57:34,113 | autoeft.projection.prosmeftion.yProjection.indices | DEBUG    | The index gauge3 will be deleted.
2022-10-18 16:57:34,113 | autoeft.projection.prosmeftion.yProjection.indices | DEBUG    | The index Lsldot5 will be deleted.
2022-10-18 16:57:34,114 | autoeft.projection.prosmeftion.yProjection.indices | DEBUG    | The index Lsldot4 will be deleted.
2022-10-18 16:57:34,119 | autoeft.projection.prosmeftion.yProjection.indices | DEBUG    | The index Lsldot5 will be deleted.
2022-10-18 16:57:34,119 | autoeft.projection.prosmeftion.yProjection.indices | DEBUG    | The index Lsldot4 will be deleted.
2022-10-18 16:57:34,120 | autoeft.projection.prosmeftion.yProjection.indices | DEBUG    | The index Lsldot3 will be deleted.
2022-10-18 16:57:34,120 | autoeft.projection.prosmeftion.yProjection.indices | DEBUG    | The index Lsldot6 will be deleted.
2022-10-18 16:57:34,120 | autoeft.projection.prosmeftion.yProjection.operators | DEBUG    | The operator(s) [sl2Ceps](Lsldot3,Lsldot6) will be appended.
2022-10-18 16:57:34,121 | autoeft.projection.prosmeftion.yProjection.indices | DEBUG    | The index Lsldot4 will be deleted.
2022-10-18 16:57:34,122 | autoeft.projection.prosmeftion.yProjection.indices | DEBUG    | The index Lsldot5 will be deleted.
2022-10-18 16:57:34,122 | autoeft.projection.prosmeftion.yProjection.operators | DEBUG    | The operator(s) [sl2Ceps](Lsldot4,Lsldot5) will be appended.
2022-10-18 16:57:34,123 | autoeft.projection.prosmeftion.yProjection.indices | DEBUG    | The index Usldot3 will be deleted.
2022-10-18 16:57:34,123 | autoeft.projection.prosmeftion.yProjection.indices | DEBUG    | The index Usldot4 will be deleted.
2022-10-18 16:57:34,124 | autoeft.projection.prosmeftion.yProjection.indices | DEBUG    | The index Usldot5 will be deleted.
2022-10-18 16:57:34,124 | autoeft.projection.prosmeftion.yProjection.indices | DEBUG    | The index Usldot6 will be deleted.
2022-10-18 16:57:34,124 | autoeft.projection.prosmeftion.yProjection.indices | DEBUG    | The index Usldot3 will be appended.
2022-10-18 16:57:34,125 | autoeft.projection.prosmeftion.yProjection.indices | DEBUG    | The index Usldot4 will be appended.
2022-10-18 16:57:34,126 | autoeft.projection.prosmeftion.yProjection.indices | DEBUG    | The index Usldot6 will be appended.
2022-10-18 16:57:34,129 | autoeft.projection.prosmeftion.yProjection.indices | DEBUG    | The index Usldot5 will be appended.
2022-10-18 16:57:34,132 | autoeft.projection.prosmeftion.yProjection.indices | DEBUG    | The index gauge2 will be deleted.
2022-10-18 16:57:34,133 | autoeft.projection.prosmeftion.yProjection.indices | DEBUG    | The index gauge5 will be deleted.
2022-10-18 16:57:34,134 | autoeft.projection.prosmeftion.yProjection.indices | DEBUG    | The index gauge4 will be deleted.
2022-10-18 16:57:34,134 | autoeft.projection.prosmeftion.yProjection.indices | DEBUG    | The index gauge3 will be deleted.
2022-10-18 16:57:34,135 | autoeft.projection.prosmeftion.yProjection.indices | DEBUG    | The index Lsldot3 will be deleted.
2022-10-18 16:57:34,136 | autoeft.projection.prosmeftion.yProjection.indices | DEBUG    | The index Lsldot6 will be deleted.
2022-10-18 16:57:34,137 | autoeft.projection.prosmeftion.yProjection.indices | DEBUG    | The index Lsldot4 will be deleted.
2022-10-18 16:57:34,138 | autoeft.projection.prosmeftion.yProjection.indices | DEBUG    | The index Lsldot5 will be deleted.
2022-10-18 16:57:34,139 | autoeft.projection.prosmeftion.yProjection.operator | DEBUG    | Expression changed from WR(gauge4,gauge5,Usldot5,Usldot6) to WR(gauge4,gauge5,Usldot6,Usldot5).
2022-10-18 16:57:34,140 | autoeft.projection.prosmeftion.lor_projection | INFO     | ((-1/8*Ms^-2)*(-1))*[su2eps](gauge2,gauge5)*[su2eps](gauge4,gauge3)*[sl2Ceps](Lsldot3,Lsldot6)*[sl2Ceps](Lsldot4,Lsldot5)*H(gauge2)*[H+](gauge3)*BR(Usldot3,Usldot4)*WR(gauge4,gauge5,Usldot6,Usldot5)
2022-10-18 16:57:34,231 | autoeft.projection.prosmeftion | DEBUG    | form -p /mnt/c/Users/jakob/OneDrive - Students RWTH Aachen University/Physik/9Physik/ws21/Masterthesis/autoeft/projection/form_files/general get_dimension.frm
2022-10-18 16:57:34,294 | autoeft.projection.prosmeftion | DEBUG    | form -p /mnt/c/Users/jakob/OneDrive - Students RWTH Aachen University/Physik/9Physik/ws21/Masterthesis/autoeft/projection/form_files/general get_dimension.frm
2022-10-18 16:57:34,365 | autoeft.projection.prosmeftion | DEBUG    | form -p /mnt/c/Users/jakob/OneDrive - Students RWTH Aachen University/Physik/9Physik/ws21/Masterthesis/autoeft/projection/form_files/general get_dimension.frm
2022-10-18 16:57:34,391 | autoeft.projection.prosmeftion.yProjection.tableau | DEBUG    | Rows of tableau changed to:
-----------------
|1-False|1-False|
-----------------
|2-False|2-False|
-----------------
.
2022-10-18 16:57:34,392 | autoeft.projection.prosmeftion.yProjection.indices | DEBUG    | The index gauge2 will be deleted.
2022-10-18 16:57:34,393 | autoeft.projection.prosmeftion.yProjection.indices | DEBUG    | The index gauge5 will be deleted.
2022-10-18 16:57:34,395 | autoeft.projection.prosmeftion.yProjection.indices | DEBUG    | The index gauge4 will be deleted.
2022-10-18 16:57:34,396 | autoeft.projection.prosmeftion.yProjection.indices | DEBUG    | The index gauge3 will be deleted.
2022-10-18 16:57:34,396 | autoeft.projection.prosmeftion.yProjection.indices | DEBUG    | The index Usl3 will be deleted.
2022-10-18 16:57:34,397 | autoeft.projection.prosmeftion.yProjection.indices | DEBUG    | The index Usl5 will be deleted.
2022-10-18 16:57:34,398 | autoeft.projection.prosmeftion.yProjection.indices | DEBUG    | The index Usl4 will be deleted.
2022-10-18 16:57:34,398 | autoeft.projection.prosmeftion.yProjection.indices | DEBUG    | The index Usl6 will be deleted.
2022-10-18 16:57:34,400 | autoeft.projection.prosmeftion.lor_projection | INFO     | (1/8*Ms^-2)*[su2eps](gauge2,gauge5)*[su2eps](gauge4,gauge3)*[sl2Ceps](Usl3,Usl5)*[sl2Ceps](Usl4,Usl6)*BL(Lsl3,Lsl4)*WL(gauge2,gauge3,Lsl5,Lsl6)*H(gauge4)*[H+](gauge5)
2022-10-18 16:57:34,468 | autoeft.projection.prosmeftion | DEBUG    | form -p /mnt/c/Users/jakob/OneDrive - Students RWTH Aachen University/Physik/9Physik/ws21/Masterthesis/autoeft/projection/form_files/general get_dimension.frm
2022-10-18 16:57:34,482 | autoeft.projection.prosmeftion.yProjection.tableau | DEBUG    | Rows of tableau changed to:
-----------------
|1-False|1-False|
-----------------
|2-False|2-False|
-----------------
.
2022-10-18 16:57:34,483 | autoeft.projection.prosmeftion.yProjection.tableau | DEBUG    | Rows of tableau changed to:
-----------------
|1-False|1-False|
-----------------
|2-False|2-False|
-----------------
.
2022-10-18 16:57:34,484 | autoeft.projection.prosmeftion.yProjection.lorentz | DEBUG    | factor:
Fraction(1, 1)
l_tab:
-----------------
|1-False|1-False|
-----------------
|2-False|2-False|
-----------------

r_tab:
---
| |
---
2022-10-18 16:57:34,485 | autoeft.projection.prosmeftion.yProjection.tableau | DEBUG    | Rows of tableau changed to:
-----------------
|1-False|1-False|
-----------------
|2-False|2-False|
-----------------
.
2022-10-18 16:57:34,485 | autoeft.projection.prosmeftion.lor_projection | INFO     | factor:
Fraction(1, 1)
l_tab:
-----------------
|1-False|1-False|
-----------------
|2-False|2-False|
-----------------

r_tab:
---
| |
---
2022-10-18 16:57:34,534 | autoeft.projection.prosmeftion | DEBUG    | form -p /mnt/c/Users/jakob/OneDrive - Students RWTH Aachen University/Physik/9Physik/ws21/Masterthesis/autoeft/projection/form_files/general get_dimension.frm
2022-10-18 16:57:34,591 | autoeft.projection.prosmeftion | DEBUG    | form -p /mnt/c/Users/jakob/OneDrive - Students RWTH Aachen University/Physik/9Physik/ws21/Masterthesis/autoeft/projection/form_files/general get_dimension.frm
2022-10-18 16:57:34,701 | autoeft.projection.prosmeftion | DEBUG    | form -p /mnt/c/Users/jakob/OneDrive - Students RWTH Aachen University/Physik/9Physik/ws21/Masterthesis/autoeft/projection/form_files/general get_dimension.frm
2022-10-18 16:57:34,714 | autoeft.projection.prosmeftion.yProjection.indices | DEBUG    | The index gauge2 will be deleted.
2022-10-18 16:57:34,716 | autoeft.projection.prosmeftion.yProjection.indices | DEBUG    | The index gauge5 will be deleted.
2022-10-18 16:57:34,717 | autoeft.projection.prosmeftion.yProjection.indices | DEBUG    | The index gauge2 will be rewritten with gauge2.
2022-10-18 16:57:34,717 | autoeft.projection.prosmeftion.yProjection.indices | DEBUG    | The index gauge5 will be rewritten with gauge5.
2022-10-18 16:57:34,717 | autoeft.projection.prosmeftion.yProjection.indices | DEBUG    | The index gauge4 will be deleted.
2022-10-18 16:57:34,718 | autoeft.projection.prosmeftion.yProjection.indices | DEBUG    | The index gauge3 will be deleted.
2022-10-18 16:57:34,719 | autoeft.projection.prosmeftion.yProjection.indices | DEBUG    | The index gauge4 will be rewritten with gauge4.
2022-10-18 16:57:34,719 | autoeft.projection.prosmeftion.yProjection.indices | DEBUG    | The index gauge3 will be rewritten with gauge3.
2022-10-18 16:57:34,720 | autoeft.projection.prosmeftion.yProjection.indices | DEBUG    | The index Usl3 will be deleted.
2022-10-18 16:57:34,720 | autoeft.projection.prosmeftion.yProjection.indices | DEBUG    | The index Usl5 will be deleted.
2022-10-18 16:57:34,721 | autoeft.projection.prosmeftion.yProjection.indices | DEBUG    | The index Usl3 will be rewritten with Usl3.
2022-10-18 16:57:34,721 | autoeft.projection.prosmeftion.yProjection.indices | DEBUG    | The index Usl5 will be rewritten with Usl5.
2022-10-18 16:57:34,722 | autoeft.projection.prosmeftion.yProjection.indices | DEBUG    | The index Usl4 will be deleted.
2022-10-18 16:57:34,722 | autoeft.projection.prosmeftion.yProjection.indices | DEBUG    | The index Usl6 will be deleted.
2022-10-18 16:57:34,723 | autoeft.projection.prosmeftion.yProjection.indices | DEBUG    | The index Usl4 will be rewritten with Usl4.
2022-10-18 16:57:34,723 | autoeft.projection.prosmeftion.yProjection.indices | DEBUG    | The index Usl6 will be rewritten with Usl6.
2022-10-18 16:57:34,724 | autoeft.projection.prosmeftion.yProjection.indices | DEBUG    | The index Lsl3 will be rewritten with Lsl3.
2022-10-18 16:57:34,724 | autoeft.projection.prosmeftion.yProjection.indices | DEBUG    | The index Lsl4 will be rewritten with Lsl4.
2022-10-18 16:57:34,726 | autoeft.projection.prosmeftion.yProjection.indices | DEBUG    | The index gauge2 will be rewritten with gauge2.
2022-10-18 16:57:34,732 | autoeft.projection.prosmeftion.yProjection.indices | DEBUG    | The index gauge3 will be rewritten with gauge3.
2022-10-18 16:57:34,733 | autoeft.projection.prosmeftion.yProjection.indices | DEBUG    | The index Lsl5 will be rewritten with Lsl5.
2022-10-18 16:57:34,734 | autoeft.projection.prosmeftion.yProjection.indices | DEBUG    | The index Lsl6 will be rewritten with Lsl6.
2022-10-18 16:57:34,735 | autoeft.projection.prosmeftion.yProjection.indices | DEBUG    | The index gauge4 will be rewritten with gauge4.
2022-10-18 16:57:34,737 | autoeft.projection.prosmeftion.yProjection.indices | DEBUG    | The index gauge5 will be rewritten with gauge5.
2022-10-18 16:57:34,741 | autoeft.projection.prosmeftion.yProjection.indices | DEBUG    | The index Usl3 will be deleted.
2022-10-18 16:57:34,742 | autoeft.projection.prosmeftion.yProjection.indices | DEBUG    | The index Usl5 will be deleted.
2022-10-18 16:57:34,743 | autoeft.projection.prosmeftion.yProjection.indices | DEBUG    | The index Usl4 will be deleted.
2022-10-18 16:57:34,744 | autoeft.projection.prosmeftion.yProjection.indices | DEBUG    | The index Usl6 will be deleted.
2022-10-18 16:57:34,744 | autoeft.projection.prosmeftion.yProjection.operators | DEBUG    | The operator(s) [sl2Ceps](Usl3,Usl5)*[sl2Ceps](Usl4,Usl6) will be deleted.
2022-10-18 16:57:34,746 | autoeft.projection.prosmeftion.yProjection.indices | DEBUG    | The index Usl3 will be deleted.
2022-10-18 16:57:34,746 | autoeft.projection.prosmeftion.yProjection.indices | DEBUG    | The index Usl5 will be deleted.
2022-10-18 16:57:34,747 | autoeft.projection.prosmeftion.yProjection.indices | DEBUG    | The index gauge2 will be deleted.
2022-10-18 16:57:34,747 | autoeft.projection.prosmeftion.yProjection.indices | DEBUG    | The index gauge5 will be deleted.
2022-10-18 16:57:34,748 | autoeft.projection.prosmeftion.yProjection.indices | DEBUG    | The index Usl3 will be deleted.
2022-10-18 16:57:34,748 | autoeft.projection.prosmeftion.yProjection.indices | DEBUG    | The index Usl5 will be deleted.
2022-10-18 16:57:34,748 | autoeft.projection.prosmeftion.yProjection.indices | DEBUG    | The index gauge4 will be deleted.
2022-10-18 16:57:34,749 | autoeft.projection.prosmeftion.yProjection.indices | DEBUG    | The index gauge3 will be deleted.
2022-10-18 16:57:34,749 | autoeft.projection.prosmeftion.yProjection.indices | DEBUG    | The index Usl3 will be deleted.
2022-10-18 16:57:34,750 | autoeft.projection.prosmeftion.yProjection.indices | DEBUG    | The index Usl5 will be deleted.
2022-10-18 16:57:34,750 | autoeft.projection.prosmeftion.yProjection.indices | DEBUG    | The index Usl3 will be deleted.
2022-10-18 16:57:34,750 | autoeft.projection.prosmeftion.yProjection.indices | DEBUG    | The index Usl5 will be deleted.
2022-10-18 16:57:34,751 | autoeft.projection.prosmeftion.yProjection.indices | DEBUG    | The index Usl4 will be deleted.
2022-10-18 16:57:34,751 | autoeft.projection.prosmeftion.yProjection.indices | DEBUG    | The index Usl6 will be deleted.
2022-10-18 16:57:34,751 | autoeft.projection.prosmeftion.yProjection.indices | DEBUG    | The index gauge2 will be deleted.
2022-10-18 16:57:34,752 | autoeft.projection.prosmeftion.yProjection.indices | DEBUG    | The index gauge5 will be deleted.
2022-10-18 16:57:34,752 | autoeft.projection.prosmeftion.yProjection.indices | DEBUG    | The index Usl4 will be deleted.
2022-10-18 16:57:34,752 | autoeft.projection.prosmeftion.yProjection.indices | DEBUG    | The index Usl6 will be deleted.
2022-10-18 16:57:34,753 | autoeft.projection.prosmeftion.yProjection.indices | DEBUG    | The index gauge4 will be deleted.
2022-10-18 16:57:34,753 | autoeft.projection.prosmeftion.yProjection.indices | DEBUG    | The index gauge3 will be deleted.
2022-10-18 16:57:34,754 | autoeft.projection.prosmeftion.yProjection.indices | DEBUG    | The index Usl4 will be deleted.
2022-10-18 16:57:34,754 | autoeft.projection.prosmeftion.yProjection.indices | DEBUG    | The index Usl6 will be deleted.
2022-10-18 16:57:34,754 | autoeft.projection.prosmeftion.yProjection.indices | DEBUG    | The index Usl4 will be deleted.
2022-10-18 16:57:34,755 | autoeft.projection.prosmeftion.yProjection.indices | DEBUG    | The index Usl6 will be deleted.
2022-10-18 16:57:34,755 | autoeft.projection.prosmeftion.yProjection.indices | DEBUG    | The index Usl3 will be deleted.
2022-10-18 16:57:34,755 | autoeft.projection.prosmeftion.yProjection.indices | DEBUG    | The index Usl5 will be deleted.
2022-10-18 16:57:34,756 | autoeft.projection.prosmeftion.yProjection.operators | DEBUG    | The operator(s) [sl2Ceps](Usl3,Usl5) will be appended.
2022-10-18 16:57:34,756 | autoeft.projection.prosmeftion.yProjection.indices | DEBUG    | The index Usl4 will be deleted.
2022-10-18 16:57:34,756 | autoeft.projection.prosmeftion.yProjection.indices | DEBUG    | The index Usl6 will be deleted.
2022-10-18 16:57:34,757 | autoeft.projection.prosmeftion.yProjection.operators | DEBUG    | The operator(s) [sl2Ceps](Usl4,Usl6) will be appended.
2022-10-18 16:57:34,758 | autoeft.projection.prosmeftion.yProjection.indices | DEBUG    | The index Lsl3 will be deleted.
2022-10-18 16:57:34,758 | autoeft.projection.prosmeftion.yProjection.indices | DEBUG    | The index Lsl4 will be deleted.
2022-10-18 16:57:34,759 | autoeft.projection.prosmeftion.yProjection.indices | DEBUG    | The index Lsl5 will be deleted.
2022-10-18 16:57:34,759 | autoeft.projection.prosmeftion.yProjection.indices | DEBUG    | The index Lsl6 will be deleted.
2022-10-18 16:57:34,760 | autoeft.projection.prosmeftion.yProjection.indices | DEBUG    | The index Lsl3 will be appended.
2022-10-18 16:57:34,761 | autoeft.projection.prosmeftion.yProjection.indices | DEBUG    | The index Lsl4 will be appended.
2022-10-18 16:57:34,761 | autoeft.projection.prosmeftion.yProjection.indices | DEBUG    | The index Lsl5 will be appended.
2022-10-18 16:57:34,761 | autoeft.projection.prosmeftion.yProjection.indices | DEBUG    | The index Lsl6 will be appended.
2022-10-18 16:57:34,762 | autoeft.projection.prosmeftion.yProjection.indices | DEBUG    | The index gauge2 will be deleted.
2022-10-18 16:57:34,763 | autoeft.projection.prosmeftion.yProjection.indices | DEBUG    | The index gauge5 will be deleted.
2022-10-18 16:57:34,764 | autoeft.projection.prosmeftion.yProjection.indices | DEBUG    | The index gauge4 will be deleted.
2022-10-18 16:57:34,764 | autoeft.projection.prosmeftion.yProjection.indices | DEBUG    | The index gauge3 will be deleted.
2022-10-18 16:57:34,764 | autoeft.projection.prosmeftion.yProjection.indices | DEBUG    | The index Usl3 will be deleted.
2022-10-18 16:57:34,765 | autoeft.projection.prosmeftion.yProjection.indices | DEBUG    | The index Usl5 will be deleted.
2022-10-18 16:57:34,765 | autoeft.projection.prosmeftion.yProjection.indices | DEBUG    | The index Usl4 will be deleted.
2022-10-18 16:57:34,765 | autoeft.projection.prosmeftion.yProjection.indices | DEBUG    | The index Usl6 will be deleted.
2022-10-18 16:57:34,766 | autoeft.projection.prosmeftion.lor_projection | INFO     | ((1/8*Ms^-2)*(1))*[su2eps](gauge2,gauge5)*[su2eps](gauge4,gauge3)*[sl2Ceps](Usl3,Usl5)*[sl2Ceps](Usl4,Usl6)*BL(Lsl3,Lsl4)*WL(gauge2,gauge3,Lsl5,Lsl6)*H(gauge4)*[H+](gauge5)
2022-10-18 16:57:34,818 | autoeft.projection.prosmeftion | DEBUG    | form -p /mnt/c/Users/jakob/OneDrive - Students RWTH Aachen University/Physik/9Physik/ws21/Masterthesis/autoeft/projection/form_files/general get_dimension.frm
2022-10-18 16:57:34,892 | autoeft.projection.prosmeftion | DEBUG    | form -p /mnt/c/Users/jakob/OneDrive - Students RWTH Aachen University/Physik/9Physik/ws21/Masterthesis/autoeft/projection/form_files/general get_dimension.frm
2022-10-18 16:57:34,948 | autoeft.projection.prosmeftion | DEBUG    | form -p /mnt/c/Users/jakob/OneDrive - Students RWTH Aachen University/Physik/9Physik/ws21/Masterthesis/autoeft/projection/form_files/general get_dimension.frm
2022-10-18 16:57:34,957 | autoeft.projection.prosmeftion.yProjection.tableau | DEBUG    | Indices of tableau changed in columns to:
-----------------
|1-False|1-False|
-----------------
|2-False|2-False|
-----------------

with sign: -1.
2022-10-18 16:57:34,958 | autoeft.projection.prosmeftion.yProjection.tableau | DEBUG    | Rows of tableau changed to:
-----------------
|1-False|1-False|
-----------------
|2-False|2-False|
-----------------
.
2022-10-18 16:57:34,959 | autoeft.projection.prosmeftion.yProjection.indices | DEBUG    | The index gauge2 will be deleted.
2022-10-18 16:57:34,959 | autoeft.projection.prosmeftion.yProjection.indices | DEBUG    | The index gauge5 will be deleted.
2022-10-18 16:57:34,960 | autoeft.projection.prosmeftion.yProjection.indices | DEBUG    | The index gauge4 will be deleted.
2022-10-18 16:57:34,961 | autoeft.projection.prosmeftion.yProjection.indices | DEBUG    | The index gauge3 will be deleted.
2022-10-18 16:57:34,962 | autoeft.projection.prosmeftion.yProjection.indices | DEBUG    | The index Usl3 will be deleted.
2022-10-18 16:57:34,962 | autoeft.projection.prosmeftion.yProjection.indices | DEBUG    | The index Usl6 will be deleted.
2022-10-18 16:57:34,963 | autoeft.projection.prosmeftion.yProjection.indices | DEBUG    | The index Usl5 will be deleted.
2022-10-18 16:57:34,963 | autoeft.projection.prosmeftion.yProjection.indices | DEBUG    | The index Usl4 will be deleted.
2022-10-18 16:57:34,964 | autoeft.projection.prosmeftion.lor_projection | INFO     | (-1/8*Ms^-2)*[su2eps](gauge2,gauge5)*[su2eps](gauge4,gauge3)*[sl2Ceps](Usl3,Usl6)*[sl2Ceps](Usl5,Usl4)*BL(Lsl3,Lsl4)*WL(gauge2,gauge3,Lsl5,Lsl6)*H(gauge4)*[H+](gauge5)
2022-10-18 16:57:35,028 | autoeft.projection.prosmeftion | DEBUG    | form -p /mnt/c/Users/jakob/OneDrive - Students RWTH Aachen University/Physik/9Physik/ws21/Masterthesis/autoeft/projection/form_files/general get_dimension.frm
2022-10-18 16:57:35,045 | autoeft.projection.prosmeftion.yProjection.tableau | DEBUG    | Indices of tableau changed in columns to:
-----------------
|1-False|1-False|
-----------------
|2-False|2-False|
-----------------

with sign: -1.
2022-10-18 16:57:35,046 | autoeft.projection.prosmeftion.yProjection.tableau | DEBUG    | Rows of tableau changed to:
-----------------
|1-False|1-False|
-----------------
|2-False|2-False|
-----------------
.
2022-10-18 16:57:35,048 | autoeft.projection.prosmeftion.yProjection.tableau | DEBUG    | Rows of tableau changed to:
-----------------
|1-False|1-False|
-----------------
|2-False|2-False|
-----------------
.
2022-10-18 16:57:35,048 | autoeft.projection.prosmeftion.yProjection.lorentz | DEBUG    | factor:
Fraction(-1, 1)
l_tab:
-----------------
|1-False|1-False|
-----------------
|2-False|2-False|
-----------------

r_tab:
---
| |
---
2022-10-18 16:57:35,050 | autoeft.projection.prosmeftion.yProjection.tableau | DEBUG    | Rows of tableau changed to:
-----------------
|1-False|1-False|
-----------------
|2-False|2-False|
-----------------
.
2022-10-18 16:57:35,050 | autoeft.projection.prosmeftion.lor_projection | INFO     | factor:
Fraction(-1, 1)
l_tab:
-----------------
|1-False|1-False|
-----------------
|2-False|2-False|
-----------------

r_tab:
---
| |
---
2022-10-18 16:57:35,118 | autoeft.projection.prosmeftion | DEBUG    | form -p /mnt/c/Users/jakob/OneDrive - Students RWTH Aachen University/Physik/9Physik/ws21/Masterthesis/autoeft/projection/form_files/general get_dimension.frm
2022-10-18 16:57:35,181 | autoeft.projection.prosmeftion | DEBUG    | form -p /mnt/c/Users/jakob/OneDrive - Students RWTH Aachen University/Physik/9Physik/ws21/Masterthesis/autoeft/projection/form_files/general get_dimension.frm
2022-10-18 16:57:35,244 | autoeft.projection.prosmeftion | DEBUG    | form -p /mnt/c/Users/jakob/OneDrive - Students RWTH Aachen University/Physik/9Physik/ws21/Masterthesis/autoeft/projection/form_files/general get_dimension.frm
2022-10-18 16:57:35,253 | autoeft.projection.prosmeftion.yProjection.indices | DEBUG    | The index gauge2 will be deleted.
2022-10-18 16:57:35,254 | autoeft.projection.prosmeftion.yProjection.indices | DEBUG    | The index gauge5 will be deleted.
2022-10-18 16:57:35,254 | autoeft.projection.prosmeftion.yProjection.indices | DEBUG    | The index gauge2 will be rewritten with gauge2.
2022-10-18 16:57:35,255 | autoeft.projection.prosmeftion.yProjection.indices | DEBUG    | The index gauge5 will be rewritten with gauge5.
2022-10-18 16:57:35,256 | autoeft.projection.prosmeftion.yProjection.indices | DEBUG    | The index gauge4 will be deleted.
2022-10-18 16:57:35,256 | autoeft.projection.prosmeftion.yProjection.indices | DEBUG    | The index gauge3 will be deleted.
2022-10-18 16:57:35,257 | autoeft.projection.prosmeftion.yProjection.indices | DEBUG    | The index gauge4 will be rewritten with gauge4.
2022-10-18 16:57:35,257 | autoeft.projection.prosmeftion.yProjection.indices | DEBUG    | The index gauge3 will be rewritten with gauge3.
2022-10-18 16:57:35,264 | autoeft.projection.prosmeftion.yProjection.indices | DEBUG    | The index Usl3 will be deleted.
2022-10-18 16:57:35,265 | autoeft.projection.prosmeftion.yProjection.indices | DEBUG    | The index Usl6 will be deleted.
2022-10-18 16:57:35,266 | autoeft.projection.prosmeftion.yProjection.indices | DEBUG    | The index Usl3 will be rewritten with Usl3.
2022-10-18 16:57:35,267 | autoeft.projection.prosmeftion.yProjection.indices | DEBUG    | The index Usl6 will be rewritten with Usl6.
2022-10-18 16:57:35,267 | autoeft.projection.prosmeftion.yProjection.indices | DEBUG    | The index Usl5 will be deleted.
2022-10-18 16:57:35,268 | autoeft.projection.prosmeftion.yProjection.indices | DEBUG    | The index Usl4 will be deleted.
2022-10-18 16:57:35,268 | autoeft.projection.prosmeftion.yProjection.indices | DEBUG    | The index Usl5 will be rewritten with Usl5.
2022-10-18 16:57:35,269 | autoeft.projection.prosmeftion.yProjection.indices | DEBUG    | The index Usl4 will be rewritten with Usl4.
2022-10-18 16:57:35,269 | autoeft.projection.prosmeftion.yProjection.indices | DEBUG    | The index Lsl3 will be rewritten with Lsl3.
2022-10-18 16:57:35,270 | autoeft.projection.prosmeftion.yProjection.indices | DEBUG    | The index Lsl4 will be rewritten with Lsl4.
2022-10-18 16:57:35,271 | autoeft.projection.prosmeftion.yProjection.indices | DEBUG    | The index gauge2 will be rewritten with gauge2.
2022-10-18 16:57:35,272 | autoeft.projection.prosmeftion.yProjection.indices | DEBUG    | The index gauge3 will be rewritten with gauge3.
2022-10-18 16:57:35,272 | autoeft.projection.prosmeftion.yProjection.indices | DEBUG    | The index Lsl5 will be rewritten with Lsl5.
2022-10-18 16:57:35,273 | autoeft.projection.prosmeftion.yProjection.indices | DEBUG    | The index Lsl6 will be rewritten with Lsl6.
2022-10-18 16:57:35,316 | autoeft.projection.prosmeftion.yProjection.indices | DEBUG    | The index gauge4 will be rewritten with gauge4.
2022-10-18 16:57:35,317 | autoeft.projection.prosmeftion.yProjection.indices | DEBUG    | The index gauge5 will be rewritten with gauge5.
2022-10-18 16:57:35,321 | autoeft.projection.prosmeftion.yProjection.indices | DEBUG    | The index Usl3 will be deleted.
2022-10-18 16:57:35,322 | autoeft.projection.prosmeftion.yProjection.indices | DEBUG    | The index Usl6 will be deleted.
2022-10-18 16:57:35,322 | autoeft.projection.prosmeftion.yProjection.indices | DEBUG    | The index Usl5 will be deleted.
2022-10-18 16:57:35,323 | autoeft.projection.prosmeftion.yProjection.indices | DEBUG    | The index Usl4 will be deleted.
2022-10-18 16:57:35,323 | autoeft.projection.prosmeftion.yProjection.operators | DEBUG    | The operator(s) [sl2Ceps](Usl3,Usl6)*[sl2Ceps](Usl5,Usl4) will be deleted.
2022-10-18 16:57:35,324 | autoeft.projection.prosmeftion.yProjection.indices | DEBUG    | The index Usl3 will be deleted.
2022-10-18 16:57:35,325 | autoeft.projection.prosmeftion.yProjection.indices | DEBUG    | The index Usl6 will be deleted.
2022-10-18 16:57:35,332 | autoeft.projection.prosmeftion.yProjection.indices | DEBUG    | The index gauge2 will be deleted.
2022-10-18 16:57:35,333 | autoeft.projection.prosmeftion.yProjection.indices | DEBUG    | The index gauge5 will be deleted.
2022-10-18 16:57:35,333 | autoeft.projection.prosmeftion.yProjection.indices | DEBUG    | The index Usl3 will be deleted.
2022-10-18 16:57:35,334 | autoeft.projection.prosmeftion.yProjection.indices | DEBUG    | The index Usl6 will be deleted.
2022-10-18 16:57:35,337 | autoeft.projection.prosmeftion.yProjection.indices | DEBUG    | The index gauge4 will be deleted.
2022-10-18 16:57:35,339 | autoeft.projection.prosmeftion.yProjection.indices | DEBUG    | The index gauge3 will be deleted.
2022-10-18 16:57:35,340 | autoeft.projection.prosmeftion.yProjection.indices | DEBUG    | The index Usl3 will be deleted.
2022-10-18 16:57:35,340 | autoeft.projection.prosmeftion.yProjection.indices | DEBUG    | The index Usl6 will be deleted.
2022-10-18 16:57:35,343 | autoeft.projection.prosmeftion.yProjection.indices | DEBUG    | The index Usl3 will be deleted.
2022-10-18 16:57:35,343 | autoeft.projection.prosmeftion.yProjection.indices | DEBUG    | The index Usl6 will be deleted.
2022-10-18 16:57:35,346 | autoeft.projection.prosmeftion.yProjection.indices | DEBUG    | The index Usl5 will be deleted.
2022-10-18 16:57:35,347 | autoeft.projection.prosmeftion.yProjection.indices | DEBUG    | The index Usl4 will be deleted.
2022-10-18 16:57:35,348 | autoeft.projection.prosmeftion.yProjection.indices | DEBUG    | The index gauge2 will be deleted.
2022-10-18 16:57:35,348 | autoeft.projection.prosmeftion.yProjection.indices | DEBUG    | The index gauge5 will be deleted.
2022-10-18 16:57:35,349 | autoeft.projection.prosmeftion.yProjection.indices | DEBUG    | The index Usl5 will be deleted.
2022-10-18 16:57:35,349 | autoeft.projection.prosmeftion.yProjection.indices | DEBUG    | The index Usl4 will be deleted.
2022-10-18 16:57:35,350 | autoeft.projection.prosmeftion.yProjection.indices | DEBUG    | The index gauge4 will be deleted.
2022-10-18 16:57:35,350 | autoeft.projection.prosmeftion.yProjection.indices | DEBUG    | The index gauge3 will be deleted.
2022-10-18 16:57:35,351 | autoeft.projection.prosmeftion.yProjection.indices | DEBUG    | The index Usl5 will be deleted.
2022-10-18 16:57:35,356 | autoeft.projection.prosmeftion.yProjection.indices | DEBUG    | The index Usl4 will be deleted.
2022-10-18 16:57:35,356 | autoeft.projection.prosmeftion.yProjection.indices | DEBUG    | The index Usl5 will be deleted.
2022-10-18 16:57:35,357 | autoeft.projection.prosmeftion.yProjection.indices | DEBUG    | The index Usl4 will be deleted.
2022-10-18 16:57:35,357 | autoeft.projection.prosmeftion.yProjection.indices | DEBUG    | The index Usl3 will be deleted.
2022-10-18 16:57:35,358 | autoeft.projection.prosmeftion.yProjection.indices | DEBUG    | The index Usl6 will be deleted.
2022-10-18 16:57:35,358 | autoeft.projection.prosmeftion.yProjection.operators | DEBUG    | The operator(s) [sl2Ceps](Usl3,Usl6) will be appended.
2022-10-18 16:57:35,359 | autoeft.projection.prosmeftion.yProjection.indices | DEBUG    | The index Usl4 will be deleted.
2022-10-18 16:57:35,359 | autoeft.projection.prosmeftion.yProjection.indices | DEBUG    | The index Usl5 will be deleted.
2022-10-18 16:57:35,360 | autoeft.projection.prosmeftion.yProjection.operators | DEBUG    | The operator(s) [sl2Ceps](Usl4,Usl5) will be appended.
2022-10-18 16:57:35,362 | autoeft.projection.prosmeftion.yProjection.indices | DEBUG    | The index Lsl3 will be deleted.
2022-10-18 16:57:35,363 | autoeft.projection.prosmeftion.yProjection.indices | DEBUG    | The index Lsl4 will be deleted.
2022-10-18 16:57:35,364 | autoeft.projection.prosmeftion.yProjection.indices | DEBUG    | The index Lsl5 will be deleted.
2022-10-18 16:57:35,364 | autoeft.projection.prosmeftion.yProjection.indices | DEBUG    | The index Lsl6 will be deleted.
2022-10-18 16:57:35,364 | autoeft.projection.prosmeftion.yProjection.indices | DEBUG    | The index Lsl3 will be appended.
2022-10-18 16:57:35,365 | autoeft.projection.prosmeftion.yProjection.indices | DEBUG    | The index Lsl4 will be appended.
2022-10-18 16:57:35,371 | autoeft.projection.prosmeftion.yProjection.indices | DEBUG    | The index Lsl6 will be appended.
2022-10-18 16:57:35,372 | autoeft.projection.prosmeftion.yProjection.indices | DEBUG    | The index Lsl5 will be appended.
2022-10-18 16:57:35,373 | autoeft.projection.prosmeftion.yProjection.indices | DEBUG    | The index gauge2 will be deleted.
2022-10-18 16:57:35,374 | autoeft.projection.prosmeftion.yProjection.indices | DEBUG    | The index gauge5 will be deleted.
2022-10-18 16:57:35,375 | autoeft.projection.prosmeftion.yProjection.indices | DEBUG    | The index gauge4 will be deleted.
2022-10-18 16:57:35,376 | autoeft.projection.prosmeftion.yProjection.indices | DEBUG    | The index gauge3 will be deleted.
2022-10-18 16:57:35,376 | autoeft.projection.prosmeftion.yProjection.indices | DEBUG    | The index Usl3 will be deleted.
2022-10-18 16:57:35,380 | autoeft.projection.prosmeftion.yProjection.indices | DEBUG    | The index Usl6 will be deleted.
2022-10-18 16:57:35,380 | autoeft.projection.prosmeftion.yProjection.indices | DEBUG    | The index Usl4 will be deleted.
2022-10-18 16:57:35,381 | autoeft.projection.prosmeftion.yProjection.indices | DEBUG    | The index Usl5 will be deleted.
2022-10-18 16:57:35,382 | autoeft.projection.prosmeftion.yProjection.operator | DEBUG    | Expression changed from WL(gauge2,gauge3,Lsl5,Lsl6) to WL(gauge2,gauge3,Lsl6,Lsl5).
2022-10-18 16:57:35,384 | autoeft.projection.prosmeftion.lor_projection | INFO     | ((-1/8*Ms^-2)*(-1))*[su2eps](gauge2,gauge5)*[su2eps](gauge4,gauge3)*[sl2Ceps](Usl3,Usl6)*[sl2Ceps](Usl4,Usl5)*BL(Lsl3,Lsl4)*WL(gauge2,gauge3,Lsl6,Lsl5)*H(gauge4)*[H+](gauge5)
2022-10-18 16:57:35,454 | autoeft.projection.prosmeftion | DEBUG    | form -p /mnt/c/Users/jakob/OneDrive - Students RWTH Aachen University/Physik/9Physik/ws21/Masterthesis/autoeft/projection/form_files/general get_dimension.frm
2022-10-18 16:57:35,527 | autoeft.projection.prosmeftion | DEBUG    | form -p /mnt/c/Users/jakob/OneDrive - Students RWTH Aachen University/Physik/9Physik/ws21/Masterthesis/autoeft/projection/form_files/general get_dimension.frm
2022-10-18 16:57:35,594 | autoeft.projection.prosmeftion | DEBUG    | form -p /mnt/c/Users/jakob/OneDrive - Students RWTH Aachen University/Physik/9Physik/ws21/Masterthesis/autoeft/projection/form_files/general get_dimension.frm
2022-10-18 16:57:35,619 | autoeft.projection.prosmeftion.sun_projection | INFO     | Sort fields by type, indicated by a tuple filled with integers. They specify the number of fields in the single summand in the following order: BL WL L Q dC eC uC H H+ L+ Q+ dC+ eC+ uC+ BL+ WL+
2022-10-18 16:57:35,620 | autoeft.projection.prosmeftion.yProjection.indices | DEBUG    | The index gauge2 will be deleted.
2022-10-18 16:57:35,620 | autoeft.projection.prosmeftion.yProjection.indices | DEBUG    | The index gauge5 will be deleted.
2022-10-18 16:57:35,621 | autoeft.projection.prosmeftion.yProjection.indices | DEBUG    | The index gauge4 will be deleted.
2022-10-18 16:57:35,621 | autoeft.projection.prosmeftion.yProjection.indices | DEBUG    | The index gauge3 will be deleted.
2022-10-18 16:57:35,621 | autoeft.projection.prosmeftion.yProjection.indices | DEBUG    | The index Lsldot3 will be deleted.
2022-10-18 16:57:35,622 | autoeft.projection.prosmeftion.yProjection.indices | DEBUG    | The index Lsldot5 will be deleted.
2022-10-18 16:57:35,622 | autoeft.projection.prosmeftion.yProjection.indices | DEBUG    | The index Lsldot4 will be deleted.
2022-10-18 16:57:35,623 | autoeft.projection.prosmeftion.yProjection.indices | DEBUG    | The index Lsldot6 will be deleted.
2022-10-18 16:57:35,632 | autoeft.projection.prosmeftion.yProjection.indices | DEBUG    | The index gauge2 will be deleted.
2022-10-18 16:57:35,632 | autoeft.projection.prosmeftion.yProjection.indices | DEBUG    | The index gauge5 will be deleted.
2022-10-18 16:57:35,633 | autoeft.projection.prosmeftion.yProjection.indices | DEBUG    | The index gauge4 will be deleted.
2022-10-18 16:57:35,634 | autoeft.projection.prosmeftion.yProjection.indices | DEBUG    | The index gauge3 will be deleted.
2022-10-18 16:57:35,634 | autoeft.projection.prosmeftion.yProjection.indices | DEBUG    | The index Lsldot3 will be deleted.
2022-10-18 16:57:35,634 | autoeft.projection.prosmeftion.yProjection.indices | DEBUG    | The index Lsldot6 will be deleted.
2022-10-18 16:57:35,635 | autoeft.projection.prosmeftion.yProjection.indices | DEBUG    | The index Lsldot4 will be deleted.
2022-10-18 16:57:35,636 | autoeft.projection.prosmeftion.yProjection.indices | DEBUG    | The index Lsldot5 will be deleted.
2022-10-18 16:57:35,638 | autoeft.projection.prosmeftion.yProjection.operator | DEBUG    | Expression changed from WR(gauge4,gauge5,Usldot5,Usldot6) to WR(gauge4,gauge5,Usldot6,Usldot5).
2022-10-18 16:57:35,639 | autoeft.projection.prosmeftion.yProjection.indices | DEBUG    | The index gauge2 will be deleted.
2022-10-18 16:57:35,640 | autoeft.projection.prosmeftion.yProjection.indices | DEBUG    | The index gauge5 will be deleted.
2022-10-18 16:57:35,640 | autoeft.projection.prosmeftion.yProjection.indices | DEBUG    | The index gauge4 will be deleted.
2022-10-18 16:57:35,641 | autoeft.projection.prosmeftion.yProjection.indices | DEBUG    | The index gauge3 will be deleted.
2022-10-18 16:57:35,641 | autoeft.projection.prosmeftion.yProjection.indices | DEBUG    | The index Usl3 will be deleted.
2022-10-18 16:57:35,642 | autoeft.projection.prosmeftion.yProjection.indices | DEBUG    | The index Usl5 will be deleted.
2022-10-18 16:57:35,643 | autoeft.projection.prosmeftion.yProjection.indices | DEBUG    | The index Usl4 will be deleted.
2022-10-18 16:57:35,644 | autoeft.projection.prosmeftion.yProjection.indices | DEBUG    | The index Usl6 will be deleted.
2022-10-18 16:57:35,647 | autoeft.projection.prosmeftion.yProjection.indices | DEBUG    | The index gauge2 will be deleted.
2022-10-18 16:57:35,647 | autoeft.projection.prosmeftion.yProjection.indices | DEBUG    | The index gauge5 will be deleted.
2022-10-18 16:57:35,648 | autoeft.projection.prosmeftion.yProjection.indices | DEBUG    | The index gauge4 will be deleted.
2022-10-18 16:57:35,648 | autoeft.projection.prosmeftion.yProjection.indices | DEBUG    | The index gauge3 will be deleted.
2022-10-18 16:57:35,649 | autoeft.projection.prosmeftion.yProjection.indices | DEBUG    | The index Usl3 will be deleted.
2022-10-18 16:57:35,649 | autoeft.projection.prosmeftion.yProjection.indices | DEBUG    | The index Usl6 will be deleted.
2022-10-18 16:57:35,650 | autoeft.projection.prosmeftion.yProjection.indices | DEBUG    | The index Usl4 will be deleted.
2022-10-18 16:57:35,650 | autoeft.projection.prosmeftion.yProjection.indices | DEBUG    | The index Usl5 will be deleted.
2022-10-18 16:57:35,651 | autoeft.projection.prosmeftion.yProjection.operator | DEBUG    | Expression changed from WL(gauge2,gauge3,Lsl5,Lsl6) to WL(gauge2,gauge3,Lsl6,Lsl5).
2022-10-18 16:57:35,723 | autoeft.projection.prosmeftion | DEBUG    | form -p /mnt/c/Users/jakob/OneDrive - Students RWTH Aachen University/Physik/9Physik/ws21/Masterthesis/autoeft/projection/form_files/general get_dimension.frm
2022-10-18 16:57:35,859 | autoeft.projection.prosmeftion | DEBUG    | form -p /mnt/c/Users/jakob/OneDrive - Students RWTH Aachen University/Physik/9Physik/ws21/Masterthesis/autoeft/projection/form_files/general get_dimension.frm
2022-10-18 16:57:35,874 | autoeft.projection.prosmeftion.sun_projection | INFO     | Sort fields by type, indicated by a tuple filled with integers. They specify the number of fields in the single summand in the following order: BL WL L Q dC eC uC H H+ L+ Q+ dC+ eC+ uC+ BL+ WL+
2022-10-18 16:57:35,875 | autoeft.projection.prosmeftion.yProjection.indices | DEBUG    | The index gauge2 will be deleted.
2022-10-18 16:57:35,876 | autoeft.projection.prosmeftion.yProjection.indices | DEBUG    | The index gauge5 will be deleted.
2022-10-18 16:57:35,885 | autoeft.projection.prosmeftion.yProjection.indices | DEBUG    | The index gauge4 will be deleted.
2022-10-18 16:57:35,886 | autoeft.projection.prosmeftion.yProjection.indices | DEBUG    | The index gauge3 will be deleted.
2022-10-18 16:57:35,886 | autoeft.projection.prosmeftion.yProjection.indices | DEBUG    | The index Lsldot3 will be deleted.
2022-10-18 16:57:35,888 | autoeft.projection.prosmeftion.yProjection.indices | DEBUG    | The index Lsldot5 will be deleted.
2022-10-18 16:57:35,890 | autoeft.projection.prosmeftion.yProjection.indices | DEBUG    | The index Lsldot4 will be deleted.
2022-10-18 16:57:35,890 | autoeft.projection.prosmeftion.yProjection.indices | DEBUG    | The index Lsldot6 will be deleted.
2022-10-18 16:57:35,893 | autoeft.projection.prosmeftion.yProjection.indices | DEBUG    | The index gauge2 will be deleted.
2022-10-18 16:57:35,894 | autoeft.projection.prosmeftion.yProjection.indices | DEBUG    | The index gauge5 will be deleted.
2022-10-18 16:57:35,894 | autoeft.projection.prosmeftion.yProjection.indices | DEBUG    | The index gauge4 will be deleted.
2022-10-18 16:57:35,895 | autoeft.projection.prosmeftion.yProjection.indices | DEBUG    | The index gauge3 will be deleted.
2022-10-18 16:57:35,895 | autoeft.projection.prosmeftion.yProjection.indices | DEBUG    | The index Lsldot3 will be deleted.
2022-10-18 16:57:35,896 | autoeft.projection.prosmeftion.yProjection.indices | DEBUG    | The index Lsldot6 will be deleted.
2022-10-18 16:57:35,896 | autoeft.projection.prosmeftion.yProjection.indices | DEBUG    | The index Lsldot4 will be deleted.
2022-10-18 16:57:35,897 | autoeft.projection.prosmeftion.yProjection.indices | DEBUG    | The index Lsldot5 will be deleted.
2022-10-18 16:57:35,898 | autoeft.projection.prosmeftion.yProjection.operator | DEBUG    | Expression changed from WR(gauge4,gauge5,Usldot5,Usldot6) to WR(gauge4,gauge5,Usldot6,Usldot5).
2022-10-18 16:57:35,899 | autoeft.projection.prosmeftion.yProjection.indices | DEBUG    | The index gauge2 will be deleted.
2022-10-18 16:57:35,899 | autoeft.projection.prosmeftion.yProjection.indices | DEBUG    | The index gauge5 will be deleted.
2022-10-18 16:57:35,900 | autoeft.projection.prosmeftion.yProjection.indices | DEBUG    | The index gauge4 will be deleted.
2022-10-18 16:57:35,900 | autoeft.projection.prosmeftion.yProjection.indices | DEBUG    | The index gauge3 will be deleted.
2022-10-18 16:57:35,901 | autoeft.projection.prosmeftion.yProjection.indices | DEBUG    | The index Usl3 will be deleted.
2022-10-18 16:57:35,901 | autoeft.projection.prosmeftion.yProjection.indices | DEBUG    | The index Usl5 will be deleted.
2022-10-18 16:57:35,902 | autoeft.projection.prosmeftion.yProjection.indices | DEBUG    | The index Usl4 will be deleted.
2022-10-18 16:57:35,902 | autoeft.projection.prosmeftion.yProjection.indices | DEBUG    | The index Usl6 will be deleted.
2022-10-18 16:57:35,905 | autoeft.projection.prosmeftion.yProjection.indices | DEBUG    | The index gauge2 will be deleted.
2022-10-18 16:57:35,906 | autoeft.projection.prosmeftion.yProjection.indices | DEBUG    | The index gauge5 will be deleted.
2022-10-18 16:57:35,906 | autoeft.projection.prosmeftion.yProjection.indices | DEBUG    | The index gauge4 will be deleted.
2022-10-18 16:57:35,906 | autoeft.projection.prosmeftion.yProjection.indices | DEBUG    | The index gauge3 will be deleted.
2022-10-18 16:57:35,907 | autoeft.projection.prosmeftion.yProjection.indices | DEBUG    | The index Usl3 will be deleted.
2022-10-18 16:57:35,909 | autoeft.projection.prosmeftion.yProjection.indices | DEBUG    | The index Usl6 will be deleted.
2022-10-18 16:57:35,910 | autoeft.projection.prosmeftion.yProjection.indices | DEBUG    | The index Usl4 will be deleted.
2022-10-18 16:57:35,913 | autoeft.projection.prosmeftion.yProjection.indices | DEBUG    | The index Usl5 will be deleted.
2022-10-18 16:57:35,914 | autoeft.projection.prosmeftion.yProjection.operator | DEBUG    | Expression changed from WL(gauge2,gauge3,Lsl5,Lsl6) to WL(gauge2,gauge3,Lsl6,Lsl5).
2022-10-18 16:57:35,916 | autoeft.projection.prosmeftion.sun_projection | INFO     | Combine H0H+0BL+0WL+0, H0H+0BL+0WL+0 of type H0H+0BL+0WL+0.
2022-10-18 16:57:35,923 | autoeft.projection.prosmeftion.yProjection.indices | DEBUG    | The index gauge1 will be appended.
2022-10-18 16:57:35,932 | autoeft.projection.prosmeftion.yProjection.indices | DEBUG    | The index gauge2 will be rewritten with gauge1.
2022-10-18 16:57:35,933 | autoeft.projection.prosmeftion.yProjection.indices | DEBUG    | The index gauge2 will be rewritten with gauge1.
2022-10-18 16:57:35,935 | autoeft.projection.prosmeftion.yProjection.indices | DEBUG    | The index gauge6 will be appended.
2022-10-18 16:57:35,937 | autoeft.projection.prosmeftion.yProjection.indices | DEBUG    | The index gauge3 will be rewritten with gauge6.
2022-10-18 16:57:35,938 | autoeft.projection.prosmeftion.yProjection.indices | DEBUG    | The index gauge3 will be rewritten with gauge6.
2022-10-18 16:57:35,939 | autoeft.projection.prosmeftion.yProjection.indices | DEBUG    | The index Lsldot1 will be appended.
2022-10-18 16:57:35,939 | autoeft.projection.prosmeftion.yProjection.indices | DEBUG    | The index Usldot1 will be appended.
2022-10-18 16:57:35,940 | autoeft.projection.prosmeftion.yProjection.indices | DEBUG    | The index Lsldot3 will be rewritten with Lsldot1.
2022-10-18 16:57:35,941 | autoeft.projection.prosmeftion.yProjection.indices | DEBUG    | The index Usldot3 will be rewritten with Usldot1.
2022-10-18 16:57:35,942 | autoeft.projection.prosmeftion.yProjection.indices | DEBUG    | The index Lsldot2 will be appended.
2022-10-18 16:57:35,942 | autoeft.projection.prosmeftion.yProjection.indices | DEBUG    | The index Usldot2 will be appended.
2022-10-18 16:57:35,943 | autoeft.projection.prosmeftion.yProjection.indices | DEBUG    | The index Lsldot4 will be rewritten with Lsldot2.
2022-10-18 16:57:35,944 | autoeft.projection.prosmeftion.yProjection.indices | DEBUG    | The index Usldot4 will be rewritten with Usldot2.
2022-10-18 16:57:35,945 | autoeft.projection.prosmeftion.yProjection.indices | DEBUG    | The index gauge7 will be appended.
2022-10-18 16:57:35,946 | autoeft.projection.prosmeftion.yProjection.indices | DEBUG    | The index gauge4 will be rewritten with gauge7.
2022-10-18 16:57:35,946 | autoeft.projection.prosmeftion.yProjection.indices | DEBUG    | The index gauge4 will be rewritten with gauge7.
2022-10-18 16:57:35,947 | autoeft.projection.prosmeftion.yProjection.indices | DEBUG    | The index gauge8 will be appended.
2022-10-18 16:57:35,948 | autoeft.projection.prosmeftion.yProjection.indices | DEBUG    | The index gauge5 will be rewritten with gauge8.
2022-10-18 16:57:35,948 | autoeft.projection.prosmeftion.yProjection.indices | DEBUG    | The index gauge5 will be rewritten with gauge8.
2022-10-18 16:57:35,950 | autoeft.projection.prosmeftion.yProjection.indices | DEBUG    | The index Lsldot7 will be appended.
2022-10-18 16:57:35,951 | autoeft.projection.prosmeftion.yProjection.indices | DEBUG    | The index Usldot7 will be appended.
2022-10-18 16:57:35,952 | autoeft.projection.prosmeftion.yProjection.indices | DEBUG    | The index Lsldot5 will be rewritten with Lsldot7.
2022-10-18 16:57:35,952 | autoeft.projection.prosmeftion.yProjection.indices | DEBUG    | The index Usldot5 will be rewritten with Usldot7.
2022-10-18 16:57:35,954 | autoeft.projection.prosmeftion.yProjection.indices | DEBUG    | The index Lsldot8 will be appended.
2022-10-18 16:57:35,955 | autoeft.projection.prosmeftion.yProjection.indices | DEBUG    | The index Usldot8 will be appended.
2022-10-18 16:57:35,958 | autoeft.projection.prosmeftion.yProjection.indices | DEBUG    | The index Lsldot6 will be rewritten with Lsldot8.
2022-10-18 16:57:35,958 | autoeft.projection.prosmeftion.yProjection.indices | DEBUG    | The index Usldot6 will be rewritten with Usldot8.
2022-10-18 16:57:35,959 | autoeft.projection.prosmeftion.yProjection.indices | DEBUG    | The index gauge2 will be rewritten with gauge1.
2022-10-18 16:57:35,959 | autoeft.projection.prosmeftion.yProjection.indices | DEBUG    | The index gauge2 will be rewritten with gauge1.
2022-10-18 16:57:35,959 | autoeft.projection.prosmeftion.yProjection.indices | DEBUG    | The index gauge3 will be rewritten with gauge6.
2022-10-18 16:57:35,960 | autoeft.projection.prosmeftion.yProjection.indices | DEBUG    | The index gauge3 will be rewritten with gauge6.
2022-10-18 16:57:35,961 | autoeft.projection.prosmeftion.yProjection.indices | DEBUG    | The index Lsldot3 will be rewritten with Lsldot1.
2022-10-18 16:57:35,962 | autoeft.projection.prosmeftion.yProjection.indices | DEBUG    | The index Usldot3 will be rewritten with Usldot1.
2022-10-18 16:57:35,962 | autoeft.projection.prosmeftion.yProjection.indices | DEBUG    | The index Lsldot4 will be rewritten with Lsldot2.
2022-10-18 16:57:35,963 | autoeft.projection.prosmeftion.yProjection.indices | DEBUG    | The index Usldot4 will be rewritten with Usldot2.
2022-10-18 16:57:35,963 | autoeft.projection.prosmeftion.yProjection.indices | DEBUG    | The index gauge4 will be rewritten with gauge7.
2022-10-18 16:57:35,964 | autoeft.projection.prosmeftion.yProjection.indices | DEBUG    | The index gauge4 will be rewritten with gauge7.
2022-10-18 16:57:35,964 | autoeft.projection.prosmeftion.yProjection.indices | DEBUG    | The index gauge5 will be rewritten with gauge8.
2022-10-18 16:57:35,965 | autoeft.projection.prosmeftion.yProjection.indices | DEBUG    | The index gauge5 will be rewritten with gauge8.
2022-10-18 16:57:35,965 | autoeft.projection.prosmeftion.yProjection.indices | DEBUG    | The index Lsldot6 will be rewritten with Lsldot7.
2022-10-18 16:57:35,966 | autoeft.projection.prosmeftion.yProjection.indices | DEBUG    | The index Usldot6 will be rewritten with Usldot7.
2022-10-18 16:57:35,966 | autoeft.projection.prosmeftion.yProjection.indices | DEBUG    | The index Lsldot5 will be rewritten with Lsldot8.
2022-10-18 16:57:35,966 | autoeft.projection.prosmeftion.yProjection.indices | DEBUG    | The index Usldot5 will be rewritten with Usldot8.
2022-10-18 16:57:35,967 | autoeft.projection.prosmeftion.yProjection.indices | DEBUG    | The index gauge1 will be deleted.
2022-10-18 16:57:35,968 | autoeft.projection.prosmeftion.yProjection.indices | DEBUG    | The index gauge8 will be deleted.
2022-10-18 16:57:35,968 | autoeft.projection.prosmeftion.yProjection.operator | DEBUG    | Expression changed from [su2eps](gauge2,gauge5) to [su2eps](gauge1,gauge8).
2022-10-18 16:57:35,968 | autoeft.projection.prosmeftion.yProjection.indices | DEBUG    | The index gauge7 will be deleted.
2022-10-18 16:57:35,969 | autoeft.projection.prosmeftion.yProjection.indices | DEBUG    | The index gauge6 will be deleted.
2022-10-18 16:57:35,969 | autoeft.projection.prosmeftion.yProjection.operator | DEBUG    | Expression changed from [su2eps](gauge4,gauge3) to [su2eps](gauge7,gauge6).
2022-10-18 16:57:35,970 | autoeft.projection.prosmeftion.yProjection.indices | DEBUG    | The index Lsldot1 will be deleted.
2022-10-18 16:57:35,970 | autoeft.projection.prosmeftion.yProjection.indices | DEBUG    | The index Lsldot7 will be deleted.
2022-10-18 16:57:35,970 | autoeft.projection.prosmeftion.yProjection.operator | DEBUG    | Expression changed from [sl2Ceps](Lsldot3,Lsldot5) to [sl2Ceps](Lsldot1,Lsldot7).
2022-10-18 16:57:35,971 | autoeft.projection.prosmeftion.yProjection.indices | DEBUG    | The index Lsldot2 will be deleted.
2022-10-18 16:57:35,971 | autoeft.projection.prosmeftion.yProjection.indices | DEBUG    | The index Lsldot8 will be deleted.
2022-10-18 16:57:35,972 | autoeft.projection.prosmeftion.yProjection.operator | DEBUG    | Expression changed from [sl2Ceps](Lsldot4,Lsldot6) to [sl2Ceps](Lsldot2,Lsldot8).
2022-10-18 16:57:35,972 | autoeft.projection.prosmeftion.yProjection.operator | DEBUG    | Expression changed from H(gauge2) to H(gauge1).
2022-10-18 16:57:35,973 | autoeft.projection.prosmeftion.yProjection.operator | DEBUG    | Expression changed from [H+](gauge3) to [H+](gauge6).
2022-10-18 16:57:35,973 | autoeft.projection.prosmeftion.yProjection.operator | DEBUG    | Expression changed from BR(Usldot3,Usldot4) to BR(Usldot1,Usldot2).
2022-10-18 16:57:35,974 | autoeft.projection.prosmeftion.yProjection.operator | DEBUG    | Expression changed from WR(gauge4,gauge5,Usldot5,Usldot6) to WR(gauge7,gauge8,Usldot7,Usldot8).
2022-10-18 16:57:35,975 | autoeft.projection.prosmeftion.yProjection.indices | DEBUG    | The index gauge1 will be deleted.
2022-10-18 16:57:35,975 | autoeft.projection.prosmeftion.yProjection.indices | DEBUG    | The index gauge8 will be deleted.
2022-10-18 16:57:35,975 | autoeft.projection.prosmeftion.yProjection.operator | DEBUG    | Expression changed from [su2eps](gauge2,gauge5) to [su2eps](gauge1,gauge8).
2022-10-18 16:57:35,976 | autoeft.projection.prosmeftion.yProjection.indices | DEBUG    | The index gauge7 will be deleted.
2022-10-18 16:57:35,976 | autoeft.projection.prosmeftion.yProjection.indices | DEBUG    | The index gauge6 will be deleted.
2022-10-18 16:57:35,979 | autoeft.projection.prosmeftion.yProjection.operator | DEBUG    | Expression changed from [su2eps](gauge4,gauge3) to [su2eps](gauge7,gauge6).
2022-10-18 16:57:35,980 | autoeft.projection.prosmeftion.yProjection.indices | DEBUG    | The index Lsldot1 will be deleted.
2022-10-18 16:57:35,981 | autoeft.projection.prosmeftion.yProjection.indices | DEBUG    | The index Lsldot7 will be deleted.
2022-10-18 16:57:35,981 | autoeft.projection.prosmeftion.yProjection.operator | DEBUG    | Expression changed from [sl2Ceps](Lsldot3,Lsldot6) to [sl2Ceps](Lsldot1,Lsldot7).
2022-10-18 16:57:35,982 | autoeft.projection.prosmeftion.yProjection.indices | DEBUG    | The index Lsldot2 will be deleted.
2022-10-18 16:57:35,986 | autoeft.projection.prosmeftion.yProjection.indices | DEBUG    | The index Lsldot8 will be deleted.
2022-10-18 16:57:35,987 | autoeft.projection.prosmeftion.yProjection.operator | DEBUG    | Expression changed from [sl2Ceps](Lsldot4,Lsldot5) to [sl2Ceps](Lsldot2,Lsldot8).
2022-10-18 16:57:35,988 | autoeft.projection.prosmeftion.yProjection.operator | DEBUG    | Expression changed from H(gauge2) to H(gauge1).
2022-10-18 16:57:35,989 | autoeft.projection.prosmeftion.yProjection.operator | DEBUG    | Expression changed from [H+](gauge3) to [H+](gauge6).
2022-10-18 16:57:35,990 | autoeft.projection.prosmeftion.yProjection.operator | DEBUG    | Expression changed from BR(Usldot3,Usldot4) to BR(Usldot1,Usldot2).
2022-10-18 16:57:35,991 | autoeft.projection.prosmeftion.yProjection.operator | DEBUG    | Expression changed from WR(gauge4,gauge5,Usldot5,Usldot6) to WR(gauge7,gauge8,Usldot7,Usldot8).
2022-10-18 16:57:36,076 | autoeft.projection.prosmeftion | DEBUG    | form -p /mnt/c/Users/jakob/OneDrive - Students RWTH Aachen University/Physik/9Physik/ws21/Masterthesis/autoeft/projection/form_files/general H0H+0BL+0WL+0.frm
2022-10-18 16:57:36,156 | autoeft.projection.prosmeftion | DEBUG    | form -p /mnt/c/Users/jakob/OneDrive - Students RWTH Aachen University/Physik/9Physik/ws21/Masterthesis/autoeft/projection/form_files/general term_read.frm
2022-10-18 16:57:36,266 | autoeft.projection.prosmeftion | DEBUG    | form -p /mnt/c/Users/jakob/OneDrive - Students RWTH Aachen University/Physik/9Physik/ws21/Masterthesis/autoeft/projection/form_files/general get_Ops.frm
2022-10-18 16:57:36,287 | autoeft.projection.prosmeftion.sun_projection | INFO     | Combine BL0WL0H0H+0, BL0WL0H0H+0 of type BL0WL0H0H+0.
2022-10-18 16:57:36,291 | autoeft.projection.prosmeftion.yProjection.indices | DEBUG    | The index Lsl1 will be appended.
2022-10-18 16:57:36,291 | autoeft.projection.prosmeftion.yProjection.indices | DEBUG    | The index Usl1 will be appended.
2022-10-18 16:57:36,292 | autoeft.projection.prosmeftion.yProjection.indices | DEBUG    | The index Usl3 will be rewritten with Usl1.
2022-10-18 16:57:36,292 | autoeft.projection.prosmeftion.yProjection.indices | DEBUG    | The index Lsl3 will be rewritten with Lsl1.
2022-10-18 16:57:36,294 | autoeft.projection.prosmeftion.yProjection.indices | DEBUG    | The index Lsl2 will be appended.
2022-10-18 16:57:36,294 | autoeft.projection.prosmeftion.yProjection.indices | DEBUG    | The index Usl2 will be appended.
2022-10-18 16:57:36,295 | autoeft.projection.prosmeftion.yProjection.indices | DEBUG    | The index Usl4 will be rewritten with Usl2.
2022-10-18 16:57:36,296 | autoeft.projection.prosmeftion.yProjection.indices | DEBUG    | The index Lsl4 will be rewritten with Lsl2.
2022-10-18 16:57:36,296 | autoeft.projection.prosmeftion.yProjection.indices | DEBUG    | The index gauge1 will be appended.
2022-10-18 16:57:36,297 | autoeft.projection.prosmeftion.yProjection.indices | DEBUG    | The index gauge2 will be rewritten with gauge1.
2022-10-18 16:57:36,297 | autoeft.projection.prosmeftion.yProjection.indices | DEBUG    | The index gauge2 will be rewritten with gauge1.
2022-10-18 16:57:36,299 | autoeft.projection.prosmeftion.yProjection.indices | DEBUG    | The index gauge6 will be appended.
2022-10-18 16:57:36,299 | autoeft.projection.prosmeftion.yProjection.indices | DEBUG    | The index gauge3 will be rewritten with gauge6.
2022-10-18 16:57:36,300 | autoeft.projection.prosmeftion.yProjection.indices | DEBUG    | The index gauge3 will be rewritten with gauge6.
2022-10-18 16:57:36,301 | autoeft.projection.prosmeftion.yProjection.indices | DEBUG    | The index Lsl7 will be appended.
2022-10-18 16:57:36,302 | autoeft.projection.prosmeftion.yProjection.indices | DEBUG    | The index Usl7 will be appended.
2022-10-18 16:57:36,302 | autoeft.projection.prosmeftion.yProjection.indices | DEBUG    | The index Usl5 will be rewritten with Usl7.
2022-10-18 16:57:36,303 | autoeft.projection.prosmeftion.yProjection.indices | DEBUG    | The index Lsl5 will be rewritten with Lsl7.
2022-10-18 16:57:36,304 | autoeft.projection.prosmeftion.yProjection.indices | DEBUG    | The index Lsl8 will be appended.
2022-10-18 16:57:36,304 | autoeft.projection.prosmeftion.yProjection.indices | DEBUG    | The index Usl8 will be appended.
2022-10-18 16:57:36,305 | autoeft.projection.prosmeftion.yProjection.indices | DEBUG    | The index Usl6 will be rewritten with Usl8.
2022-10-18 16:57:36,305 | autoeft.projection.prosmeftion.yProjection.indices | DEBUG    | The index Lsl6 will be rewritten with Lsl8.
2022-10-18 16:57:36,306 | autoeft.projection.prosmeftion.yProjection.indices | DEBUG    | The index gauge7 will be appended.
2022-10-18 16:57:36,307 | autoeft.projection.prosmeftion.yProjection.indices | DEBUG    | The index gauge4 will be rewritten with gauge7.
2022-10-18 16:57:36,308 | autoeft.projection.prosmeftion.yProjection.indices | DEBUG    | The index gauge4 will be rewritten with gauge7.
2022-10-18 16:57:36,309 | autoeft.projection.prosmeftion.yProjection.indices | DEBUG    | The index gauge8 will be appended.
2022-10-18 16:57:36,310 | autoeft.projection.prosmeftion.yProjection.indices | DEBUG    | The index gauge5 will be rewritten with gauge8.
2022-10-18 16:57:36,310 | autoeft.projection.prosmeftion.yProjection.indices | DEBUG    | The index gauge5 will be rewritten with gauge8.
2022-10-18 16:57:36,311 | autoeft.projection.prosmeftion.yProjection.indices | DEBUG    | The index Usl3 will be rewritten with Usl1.
2022-10-18 16:57:36,312 | autoeft.projection.prosmeftion.yProjection.indices | DEBUG    | The index Lsl3 will be rewritten with Lsl1.
2022-10-18 16:57:36,314 | autoeft.projection.prosmeftion.yProjection.indices | DEBUG    | The index Usl4 will be rewritten with Usl2.
2022-10-18 16:57:36,314 | autoeft.projection.prosmeftion.yProjection.indices | DEBUG    | The index Lsl4 will be rewritten with Lsl2.
2022-10-18 16:57:36,315 | autoeft.projection.prosmeftion.yProjection.indices | DEBUG    | The index gauge2 will be rewritten with gauge1.
2022-10-18 16:57:36,315 | autoeft.projection.prosmeftion.yProjection.indices | DEBUG    | The index gauge2 will be rewritten with gauge1.
2022-10-18 16:57:36,316 | autoeft.projection.prosmeftion.yProjection.indices | DEBUG    | The index gauge3 will be rewritten with gauge6.
2022-10-18 16:57:36,316 | autoeft.projection.prosmeftion.yProjection.indices | DEBUG    | The index gauge3 will be rewritten with gauge6.
2022-10-18 16:57:36,317 | autoeft.projection.prosmeftion.yProjection.indices | DEBUG    | The index Usl6 will be rewritten with Usl7.
2022-10-18 16:57:36,318 | autoeft.projection.prosmeftion.yProjection.indices | DEBUG    | The index Lsl6 will be rewritten with Lsl7.
2022-10-18 16:57:36,319 | autoeft.projection.prosmeftion.yProjection.indices | DEBUG    | The index Usl5 will be rewritten with Usl8.
2022-10-18 16:57:36,320 | autoeft.projection.prosmeftion.yProjection.indices | DEBUG    | The index Lsl5 will be rewritten with Lsl8.
2022-10-18 16:57:36,320 | autoeft.projection.prosmeftion.yProjection.indices | DEBUG    | The index gauge4 will be rewritten with gauge7.
2022-10-18 16:57:36,321 | autoeft.projection.prosmeftion.yProjection.indices | DEBUG    | The index gauge4 will be rewritten with gauge7.
2022-10-18 16:57:36,321 | autoeft.projection.prosmeftion.yProjection.indices | DEBUG    | The index gauge5 will be rewritten with gauge8.
2022-10-18 16:57:36,321 | autoeft.projection.prosmeftion.yProjection.indices | DEBUG    | The index gauge5 will be rewritten with gauge8.
2022-10-18 16:57:36,322 | autoeft.projection.prosmeftion.yProjection.indices | DEBUG    | The index gauge1 will be deleted.
2022-10-18 16:57:36,322 | autoeft.projection.prosmeftion.yProjection.indices | DEBUG    | The index gauge8 will be deleted.
2022-10-18 16:57:36,323 | autoeft.projection.prosmeftion.yProjection.operator | DEBUG    | Expression changed from [su2eps](gauge2,gauge5) to [su2eps](gauge1,gauge8).
2022-10-18 16:57:36,323 | autoeft.projection.prosmeftion.yProjection.indices | DEBUG    | The index gauge7 will be deleted.
2022-10-18 16:57:36,324 | autoeft.projection.prosmeftion.yProjection.indices | DEBUG    | The index gauge6 will be deleted.
2022-10-18 16:57:36,324 | autoeft.projection.prosmeftion.yProjection.operator | DEBUG    | Expression changed from [su2eps](gauge4,gauge3) to [su2eps](gauge7,gauge6).
2022-10-18 16:57:36,325 | autoeft.projection.prosmeftion.yProjection.indices | DEBUG    | The index Usl1 will be deleted.
2022-10-18 16:57:36,325 | autoeft.projection.prosmeftion.yProjection.indices | DEBUG    | The index Usl7 will be deleted.
2022-10-18 16:57:36,326 | autoeft.projection.prosmeftion.yProjection.operator | DEBUG    | Expression changed from [sl2Ceps](Usl3,Usl5) to [sl2Ceps](Usl1,Usl7).
2022-10-18 16:57:36,326 | autoeft.projection.prosmeftion.yProjection.indices | DEBUG    | The index Usl2 will be deleted.
2022-10-18 16:57:36,328 | autoeft.projection.prosmeftion.yProjection.indices | DEBUG    | The index Usl8 will be deleted.
2022-10-18 16:57:36,329 | autoeft.projection.prosmeftion.yProjection.operator | DEBUG    | Expression changed from [sl2Ceps](Usl4,Usl6) to [sl2Ceps](Usl2,Usl8).
2022-10-18 16:57:36,330 | autoeft.projection.prosmeftion.yProjection.operator | DEBUG    | Expression changed from BL(Lsl3,Lsl4) to BL(Lsl1,Lsl2).
2022-10-18 16:57:36,331 | autoeft.projection.prosmeftion.yProjection.operator | DEBUG    | Expression changed from WL(gauge2,gauge3,Lsl5,Lsl6) to WL(gauge1,gauge6,Lsl7,Lsl8).
2022-10-18 16:57:36,331 | autoeft.projection.prosmeftion.yProjection.operator | DEBUG    | Expression changed from H(gauge4) to H(gauge7).
2022-10-18 16:57:36,333 | autoeft.projection.prosmeftion.yProjection.operator | DEBUG    | Expression changed from [H+](gauge5) to [H+](gauge8).
2022-10-18 16:57:36,334 | autoeft.projection.prosmeftion.yProjection.indices | DEBUG    | The index gauge1 will be deleted.
2022-10-18 16:57:36,334 | autoeft.projection.prosmeftion.yProjection.indices | DEBUG    | The index gauge8 will be deleted.
2022-10-18 16:57:36,334 | autoeft.projection.prosmeftion.yProjection.operator | DEBUG    | Expression changed from [su2eps](gauge2,gauge5) to [su2eps](gauge1,gauge8).
2022-10-18 16:57:36,335 | autoeft.projection.prosmeftion.yProjection.indices | DEBUG    | The index gauge7 will be deleted.
2022-10-18 16:57:36,335 | autoeft.projection.prosmeftion.yProjection.indices | DEBUG    | The index gauge6 will be deleted.
2022-10-18 16:57:36,336 | autoeft.projection.prosmeftion.yProjection.operator | DEBUG    | Expression changed from [su2eps](gauge4,gauge3) to [su2eps](gauge7,gauge6).
2022-10-18 16:57:36,337 | autoeft.projection.prosmeftion.yProjection.indices | DEBUG    | The index Usl1 will be deleted.
2022-10-18 16:57:36,338 | autoeft.projection.prosmeftion.yProjection.indices | DEBUG    | The index Usl7 will be deleted.
2022-10-18 16:57:36,339 | autoeft.projection.prosmeftion.yProjection.operator | DEBUG    | Expression changed from [sl2Ceps](Usl3,Usl6) to [sl2Ceps](Usl1,Usl7).
2022-10-18 16:57:36,340 | autoeft.projection.prosmeftion.yProjection.indices | DEBUG    | The index Usl2 will be deleted.
2022-10-18 16:57:36,340 | autoeft.projection.prosmeftion.yProjection.indices | DEBUG    | The index Usl8 will be deleted.
2022-10-18 16:57:36,341 | autoeft.projection.prosmeftion.yProjection.operator | DEBUG    | Expression changed from [sl2Ceps](Usl4,Usl5) to [sl2Ceps](Usl2,Usl8).
2022-10-18 16:57:36,342 | autoeft.projection.prosmeftion.yProjection.operator | DEBUG    | Expression changed from BL(Lsl3,Lsl4) to BL(Lsl1,Lsl2).
2022-10-18 16:57:36,344 | autoeft.projection.prosmeftion.yProjection.operator | DEBUG    | Expression changed from WL(gauge2,gauge3,Lsl5,Lsl6) to WL(gauge1,gauge6,Lsl7,Lsl8).
2022-10-18 16:57:36,345 | autoeft.projection.prosmeftion.yProjection.operator | DEBUG    | Expression changed from H(gauge4) to H(gauge7).
2022-10-18 16:57:36,346 | autoeft.projection.prosmeftion.yProjection.operator | DEBUG    | Expression changed from [H+](gauge5) to [H+](gauge8).
2022-10-18 16:57:36,414 | autoeft.projection.prosmeftion | DEBUG    | form -p /mnt/c/Users/jakob/OneDrive - Students RWTH Aachen University/Physik/9Physik/ws21/Masterthesis/autoeft/projection/form_files/general BL0WL0H0H+0.frm
2022-10-18 16:57:36,510 | autoeft.projection.prosmeftion | DEBUG    | form -p /mnt/c/Users/jakob/OneDrive - Students RWTH Aachen University/Physik/9Physik/ws21/Masterthesis/autoeft/projection/form_files/general term_read.frm
2022-10-18 16:57:36,639 | autoeft.projection.prosmeftion | DEBUG    | form -p /mnt/c/Users/jakob/OneDrive - Students RWTH Aachen University/Physik/9Physik/ws21/Masterthesis/autoeft/projection/form_files/general get_Ops.frm
2022-10-18 16:57:36,661 | autoeft.projection.prosmeftion.sun_projection | INFO     | Sort fields by type, indicated by a tuple filled with integers. They specify the number of fields in the single summand in the following order: BL WL L Q dC eC uC H H+ L+ Q+ dC+ eC+ uC+ BL+ WL+
2022-10-18 16:57:36,662 | autoeft.projection.prosmeftion.yProjection.indices | DEBUG    | The index gauge1 will be deleted.
2022-10-18 16:57:36,663 | autoeft.projection.prosmeftion.yProjection.indices | DEBUG    | The index gauge8 will be deleted.
2022-10-18 16:57:36,665 | autoeft.projection.prosmeftion.yProjection.indices | DEBUG    | The index gauge7 will be deleted.
2022-10-18 16:57:36,666 | autoeft.projection.prosmeftion.yProjection.indices | DEBUG    | The index gauge6 will be deleted.
2022-10-18 16:57:36,667 | autoeft.projection.prosmeftion.yProjection.indices | DEBUG    | The index Lsldot1 will be deleted.
2022-10-18 16:57:36,668 | autoeft.projection.prosmeftion.yProjection.indices | DEBUG    | The index Lsldot7 will be deleted.
2022-10-18 16:57:36,670 | autoeft.projection.prosmeftion.yProjection.indices | DEBUG    | The index Lsldot2 will be deleted.
2022-10-18 16:57:36,671 | autoeft.projection.prosmeftion.yProjection.indices | DEBUG    | The index Lsldot8 will be deleted.
2022-10-18 16:57:36,674 | autoeft.projection.prosmeftion.yProjection.indices | DEBUG    | The index gauge1 will be deleted.
2022-10-18 16:57:36,674 | autoeft.projection.prosmeftion.yProjection.indices | DEBUG    | The index gauge8 will be deleted.
2022-10-18 16:57:36,675 | autoeft.projection.prosmeftion.yProjection.indices | DEBUG    | The index gauge7 will be deleted.
2022-10-18 16:57:36,675 | autoeft.projection.prosmeftion.yProjection.indices | DEBUG    | The index gauge6 will be deleted.
2022-10-18 16:57:36,676 | autoeft.projection.prosmeftion.yProjection.indices | DEBUG    | The index Usl1 will be deleted.
2022-10-18 16:57:36,677 | autoeft.projection.prosmeftion.yProjection.indices | DEBUG    | The index Usl7 will be deleted.
2022-10-18 16:57:36,678 | autoeft.projection.prosmeftion.yProjection.indices | DEBUG    | The index Usl2 will be deleted.
2022-10-18 16:57:36,678 | autoeft.projection.prosmeftion.yProjection.indices | DEBUG    | The index Usl8 will be deleted.
2022-10-18 16:57:36,680 | autoeft.projection        | INFO     | #Terms after 1. ibp iteration 2.
2022-10-18 16:57:36,681 | autoeft.projection        | INFO     | After 1 iterations of the ibp algorithm all ibp relations and Schouten identities are applied.
2022-10-18 16:57:36,682 | autoeft.projection.prosmeftion.tex | INFO     | Create texed PDF BWHH+_before_sun_projection.pdf of all terms.
2022-10-18 16:57:36,682 | autoeft.projection.prosmeftion.tex | DEBUG    | Create Tex file of all terms.
2022-10-18 16:57:36,741 | autoeft.projection.prosmeftion | DEBUG    | form -p /mnt/c/Users/jakob/OneDrive - Students RWTH Aachen University/Physik/9Physik/ws21/Masterthesis/autoeft/projection/form_files/general tex_coefficient.frm
2022-10-18 16:57:36,799 | autoeft.projection.prosmeftion | DEBUG    | form -p /mnt/c/Users/jakob/OneDrive - Students RWTH Aachen University/Physik/9Physik/ws21/Masterthesis/autoeft/projection/form_files/general tex_coefficient.frm
2022-10-18 16:57:36,806 | autoeft.projection.prosmeftion.tex | DEBUG    | Construct PDF.
2022-10-18 16:57:37,442 | autoeft.projection.prosmeftion.yProjection.rfr | INFO     | For terms with field content {'H': 1, 'H+': 1, 'BL+': 1, 'WL+': 1} no field occurs at least twice.
2022-10-18 16:57:37,446 | autoeft.projection.prosmeftion.yProjection.rfr | INFO     | For terms with field content {'BL': 1, 'WL': 1, 'H': 1, 'H+': 1} no field occurs at least twice.
2022-10-18 16:57:37,448 | autoeft.projection.prosmeftion.sun_projection | INFO     | Sort fields by type, indicated by a tuple filled with integers. They specify the number of fields in the single summand in the following order: BL WL L Q dC eC uC H H+ L+ Q+ dC+ eC+ uC+ BL+ WL+
2022-10-18 16:57:37,452 | autoeft.projection.prosmeftion.yProjection.indices | DEBUG    | The index gauge1 will be deleted.
2022-10-18 16:57:37,453 | autoeft.projection.prosmeftion.yProjection.indices | DEBUG    | The index gauge8 will be deleted.
2022-10-18 16:57:37,454 | autoeft.projection.prosmeftion.yProjection.indices | DEBUG    | The index gauge7 will be deleted.
2022-10-18 16:57:37,454 | autoeft.projection.prosmeftion.yProjection.indices | DEBUG    | The index gauge6 will be deleted.
2022-10-18 16:57:37,455 | autoeft.projection.prosmeftion.yProjection.indices | DEBUG    | The index Lsldot1 will be deleted.
2022-10-18 16:57:37,458 | autoeft.projection.prosmeftion.yProjection.indices | DEBUG    | The index Lsldot7 will be deleted.
2022-10-18 16:57:37,460 | autoeft.projection.prosmeftion.yProjection.indices | DEBUG    | The index Lsldot2 will be deleted.
2022-10-18 16:57:37,463 | autoeft.projection.prosmeftion.yProjection.indices | DEBUG    | The index Lsldot8 will be deleted.
2022-10-18 16:57:37,466 | autoeft.projection.prosmeftion.yProjection.indices | DEBUG    | The index gauge1 will be deleted.
2022-10-18 16:57:37,467 | autoeft.projection.prosmeftion.yProjection.indices | DEBUG    | The index gauge8 will be deleted.
2022-10-18 16:57:37,468 | autoeft.projection.prosmeftion.yProjection.indices | DEBUG    | The index gauge7 will be deleted.
2022-10-18 16:57:37,470 | autoeft.projection.prosmeftion.yProjection.indices | DEBUG    | The index gauge6 will be deleted.
2022-10-18 16:57:37,471 | autoeft.projection.prosmeftion.yProjection.indices | DEBUG    | The index Usl1 will be deleted.
2022-10-18 16:57:37,472 | autoeft.projection.prosmeftion.yProjection.indices | DEBUG    | The index Usl7 will be deleted.
2022-10-18 16:57:37,473 | autoeft.projection.prosmeftion.yProjection.indices | DEBUG    | The index Usl2 will be deleted.
2022-10-18 16:57:37,473 | autoeft.projection.prosmeftion.yProjection.indices | DEBUG    | The index Usl8 will be deleted.
2022-10-18 16:57:37,475 | autoeft.projection.prosmeftion.sun_projection | INFO     | Project all terms for a specific type onto the SU3_C-, SU2_W-group basis when the term of specific type is part of the basis.
2022-10-18 16:57:37,539 | autoeft.projection.prosmeftion | DEBUG    | form -p /mnt/c/Users/jakob/OneDrive - Students RWTH Aachen University/Physik/9Physik/ws21/Masterthesis/autoeft/projection/form_files/general get_dimension.frm
2022-10-18 16:57:39,411 | autoeft.projection.prosmeftion.sun_projection | DEBUG    | Projection matrix of SU2_W-group for field content {'H': 1, 'H+': 1, 'BL+': 1, 'WL+': 1}:
[-1].
2022-10-18 16:57:39,491 | autoeft.projection.prosmeftion | DEBUG    | form -p /mnt/c/Users/jakob/OneDrive - Students RWTH Aachen University/Physik/9Physik/ws21/Masterthesis/autoeft/projection/form_files/general get_dimension.frm
2022-10-18 16:57:39,629 | autoeft.projection.prosmeftion.sun_projection | DEBUG    | Projection matrix of SU2_W-group for field content {'BL': 1, 'WL': 1, 'H': 1, 'H+': 1}:
[-1].
2022-10-18 16:57:39,647 | autoeft.projection.prosmeftion.yProjection.indices | DEBUG    | The index gaugeF1I1 will be deleted.
2022-10-18 16:57:39,648 | autoeft.projection.prosmeftion.yProjection.indices | DEBUG    | The index gaugeF4I2 will be deleted.
2022-10-18 16:57:39,648 | autoeft.projection.prosmeftion.yProjection.operator | DEBUG    | Expression changed from [su2eps](gauge1,gauge8) to [su2eps](gaugeF1I1,gaugeF4I2).
2022-10-18 16:57:39,648 | autoeft.projection.prosmeftion.yProjection.indices | DEBUG    | The index gaugeF4I1 will be deleted.
2022-10-18 16:57:39,649 | autoeft.projection.prosmeftion.yProjection.indices | DEBUG    | The index gaugeF2I1 will be deleted.
2022-10-18 16:57:39,649 | autoeft.projection.prosmeftion.yProjection.operator | DEBUG    | Expression changed from [su2eps](gauge7,gauge6) to [su2eps](gaugeF4I1,gaugeF2I1).
2022-10-18 16:57:39,650 | autoeft.projection.prosmeftion.yProjection.operators | DEBUG    | The operator(s) [su2eps](gaugeF1I1,gaugeF4I2)*[su2eps](gaugeF4I1,gaugeF2I1) will be deleted.
2022-10-18 16:57:39,650 | autoeft.projection.prosmeftion.yProjection.indices | DEBUG    | The index gaugeF1I1 will be deleted.
2022-10-18 16:57:39,651 | autoeft.projection.prosmeftion.yProjection.indices | DEBUG    | The index gaugeF4I2 will be deleted.
2022-10-18 16:57:39,651 | autoeft.projection.prosmeftion.yProjection.operator | DEBUG    | Expression changed from [su2eps](gauge1,gauge8) to [su2eps](gaugeF1I1,gaugeF4I2).
2022-10-18 16:57:39,652 | autoeft.projection.prosmeftion.yProjection.indices | DEBUG    | The index gaugeF1I1 will be deleted.
2022-10-18 16:57:39,652 | autoeft.projection.prosmeftion.yProjection.indices | DEBUG    | The index gaugeF4I2 will be deleted.
2022-10-18 16:57:39,652 | autoeft.projection.prosmeftion.yProjection.operator | DEBUG    | Expression changed from [su2eps](gauge1,gauge8) to [su2eps](gaugeF1I1,gaugeF4I2).
2022-10-18 16:57:39,653 | autoeft.projection.prosmeftion.yProjection.indices | DEBUG    | The index gaugeF4I1 will be deleted.
2022-10-18 16:57:39,653 | autoeft.projection.prosmeftion.yProjection.indices | DEBUG    | The index gaugeF2I1 will be deleted.
2022-10-18 16:57:39,654 | autoeft.projection.prosmeftion.yProjection.operator | DEBUG    | Expression changed from [su2eps](gauge7,gauge6) to [su2eps](gaugeF4I1,gaugeF2I1).
2022-10-18 16:57:39,654 | autoeft.projection.prosmeftion.yProjection.indices | DEBUG    | The index gaugeF4I1 will be deleted.
2022-10-18 16:57:39,654 | autoeft.projection.prosmeftion.yProjection.indices | DEBUG    | The index gaugeF2I1 will be deleted.
2022-10-18 16:57:39,655 | autoeft.projection.prosmeftion.yProjection.operator | DEBUG    | Expression changed from [su2eps](gauge7,gauge6) to [su2eps](gaugeF4I1,gaugeF2I1).
2022-10-18 16:57:39,657 | autoeft.projection.prosmeftion.yProjection.indices | DEBUG    | The index Lsldot1 will be deleted.
2022-10-18 16:57:39,658 | autoeft.projection.prosmeftion.yProjection.indices | DEBUG    | The index Lsldot7 will be deleted.
2022-10-18 16:57:39,658 | autoeft.projection.prosmeftion.yProjection.indices | DEBUG    | The index Lsldot2 will be deleted.
2022-10-18 16:57:39,659 | autoeft.projection.prosmeftion.yProjection.indices | DEBUG    | The index Lsldot8 will be deleted.
2022-10-18 16:57:39,659 | autoeft.projection.prosmeftion.yProjection.operator | DEBUG    | Expression changed from H(gauge1) to H(gaugeF1I1).
2022-10-18 16:57:39,660 | autoeft.projection.prosmeftion.yProjection.operator | DEBUG    | Expression changed from [H+](gauge6) to [H+](gaugeF2I1).
2022-10-18 16:57:39,661 | autoeft.projection.prosmeftion.yProjection.operator | DEBUG    | Expression changed from WR(gauge7,gauge8,Usldot7,Usldot8) to WR(gaugeF4I1,gaugeF4I2,Usldot7,Usldot8).
2022-10-18 16:57:39,666 | autoeft.projection.prosmeftion.sun_projection | INFO     | Substitute SUN projection tensors in H0H+0BL+0WL+0 of type H0H+0BL+0WL+0.
2022-10-18 16:57:39,751 | autoeft.projection.prosmeftion | DEBUG    | form -p /mnt/c/Users/jakob/OneDrive - Students RWTH Aachen University/Physik/9Physik/ws21/Masterthesis/autoeft/projection/form_files/general H0H+0BL+0WL+0.frm
2022-10-18 16:57:39,828 | autoeft.projection.prosmeftion | DEBUG    | form -p /mnt/c/Users/jakob/OneDrive - Students RWTH Aachen University/Physik/9Physik/ws21/Masterthesis/autoeft/projection/form_files/general term_read.frm
2022-10-18 16:57:39,983 | autoeft.projection.prosmeftion | DEBUG    | form -p /mnt/c/Users/jakob/OneDrive - Students RWTH Aachen University/Physik/9Physik/ws21/Masterthesis/autoeft/projection/form_files/general get_Ops.frm
2022-10-18 16:57:40,016 | autoeft.projection.prosmeftion.yProjection.indices | DEBUG    | The index gaugeF2I1 will be deleted.
2022-10-18 16:57:40,022 | autoeft.projection.prosmeftion.yProjection.indices | DEBUG    | The index gaugeF4I1 will be deleted.
2022-10-18 16:57:40,023 | autoeft.projection.prosmeftion.yProjection.operator | DEBUG    | Expression changed from [su2eps](gauge1,gauge8) to [su2eps](gaugeF2I1,gaugeF4I1).
2022-10-18 16:57:40,024 | autoeft.projection.prosmeftion.yProjection.indices | DEBUG    | The index gaugeF3I1 will be deleted.
2022-10-18 16:57:40,024 | autoeft.projection.prosmeftion.yProjection.indices | DEBUG    | The index gaugeF2I2 will be deleted.
2022-10-18 16:57:40,025 | autoeft.projection.prosmeftion.yProjection.operator | DEBUG    | Expression changed from [su2eps](gauge7,gauge6) to [su2eps](gaugeF3I1,gaugeF2I2).
2022-10-18 16:57:40,025 | autoeft.projection.prosmeftion.yProjection.operators | DEBUG    | The operator(s) [su2eps](gaugeF2I1,gaugeF4I1)*[su2eps](gaugeF3I1,gaugeF2I2) will be deleted.
2022-10-18 16:57:40,026 | autoeft.projection.prosmeftion.yProjection.indices | DEBUG    | The index gaugeF2I1 will be deleted.
2022-10-18 16:57:40,026 | autoeft.projection.prosmeftion.yProjection.indices | DEBUG    | The index gaugeF4I1 will be deleted.
2022-10-18 16:57:40,027 | autoeft.projection.prosmeftion.yProjection.operator | DEBUG    | Expression changed from [su2eps](gauge1,gauge8) to [su2eps](gaugeF2I1,gaugeF4I1).
2022-10-18 16:57:40,027 | autoeft.projection.prosmeftion.yProjection.indices | DEBUG    | The index gaugeF2I1 will be deleted.
2022-10-18 16:57:40,029 | autoeft.projection.prosmeftion.yProjection.indices | DEBUG    | The index gaugeF4I1 will be deleted.
2022-10-18 16:57:40,029 | autoeft.projection.prosmeftion.yProjection.operator | DEBUG    | Expression changed from [su2eps](gauge1,gauge8) to [su2eps](gaugeF2I1,gaugeF4I1).
2022-10-18 16:57:40,030 | autoeft.projection.prosmeftion.yProjection.indices | DEBUG    | The index gaugeF3I1 will be deleted.
2022-10-18 16:57:40,030 | autoeft.projection.prosmeftion.yProjection.indices | DEBUG    | The index gaugeF2I2 will be deleted.
2022-10-18 16:57:40,031 | autoeft.projection.prosmeftion.yProjection.operator | DEBUG    | Expression changed from [su2eps](gauge7,gauge6) to [su2eps](gaugeF3I1,gaugeF2I2).
2022-10-18 16:57:40,031 | autoeft.projection.prosmeftion.yProjection.indices | DEBUG    | The index gaugeF3I1 will be deleted.
2022-10-18 16:57:40,032 | autoeft.projection.prosmeftion.yProjection.indices | DEBUG    | The index gaugeF2I2 will be deleted.
2022-10-18 16:57:40,032 | autoeft.projection.prosmeftion.yProjection.operator | DEBUG    | Expression changed from [su2eps](gauge7,gauge6) to [su2eps](gaugeF3I1,gaugeF2I2).
2022-10-18 16:57:40,033 | autoeft.projection.prosmeftion.yProjection.indices | DEBUG    | The index Usl1 will be deleted.
2022-10-18 16:57:40,033 | autoeft.projection.prosmeftion.yProjection.indices | DEBUG    | The index Usl7 will be deleted.
2022-10-18 16:57:40,033 | autoeft.projection.prosmeftion.yProjection.indices | DEBUG    | The index Usl2 will be deleted.
2022-10-18 16:57:40,034 | autoeft.projection.prosmeftion.yProjection.indices | DEBUG    | The index Usl8 will be deleted.
2022-10-18 16:57:40,035 | autoeft.projection.prosmeftion.yProjection.operator | DEBUG    | Expression changed from WL(gauge1,gauge6,Lsl7,Lsl8) to WL(gaugeF2I1,gaugeF2I2,Lsl7,Lsl8).
2022-10-18 16:57:40,035 | autoeft.projection.prosmeftion.yProjection.operator | DEBUG    | Expression changed from H(gauge7) to H(gaugeF3I1).
2022-10-18 16:57:40,036 | autoeft.projection.prosmeftion.yProjection.operator | DEBUG    | Expression changed from [H+](gauge8) to [H+](gaugeF4I1).
2022-10-18 16:57:40,036 | autoeft.projection.prosmeftion.sun_projection | INFO     | Substitute SUN projection tensors in BL0WL0H0H+0 of type BL0WL0H0H+0.
2022-10-18 16:57:40,113 | autoeft.projection.prosmeftion | DEBUG    | form -p /mnt/c/Users/jakob/OneDrive - Students RWTH Aachen University/Physik/9Physik/ws21/Masterthesis/autoeft/projection/form_files/general BL0WL0H0H+0.frm
2022-10-18 16:57:40,180 | autoeft.projection.prosmeftion | DEBUG    | form -p /mnt/c/Users/jakob/OneDrive - Students RWTH Aachen University/Physik/9Physik/ws21/Masterthesis/autoeft/projection/form_files/general term_read.frm
2022-10-18 16:57:40,311 | autoeft.projection.prosmeftion | DEBUG    | form -p /mnt/c/Users/jakob/OneDrive - Students RWTH Aachen University/Physik/9Physik/ws21/Masterthesis/autoeft/projection/form_files/general get_Ops.frm
2022-10-18 16:57:40,340 | autoeft.projection.prosmeftion.sun_projection | INFO     | Sort fields by type, indicated by a tuple filled with integers. They specify the number of fields in the single summand in the following order: BL WL L Q dC eC uC H H+ L+ Q+ dC+ eC+ uC+ BL+ WL+
2022-10-18 16:57:40,341 | autoeft.projection.prosmeftion.yProjection.indices | DEBUG    | The index Lsldot1 will be deleted.
2022-10-18 16:57:40,342 | autoeft.projection.prosmeftion.yProjection.indices | DEBUG    | The index Lsldot7 will be deleted.
2022-10-18 16:57:40,344 | autoeft.projection.prosmeftion.yProjection.indices | DEBUG    | The index Lsldot2 will be deleted.
2022-10-18 16:57:40,345 | autoeft.projection.prosmeftion.yProjection.indices | DEBUG    | The index Lsldot8 will be deleted.
2022-10-18 16:57:40,347 | autoeft.projection.prosmeftion.yProjection.indices | DEBUG    | The index sbasis0 will be deleted.
2022-10-18 16:57:40,348 | autoeft.projection.prosmeftion.yProjection.indices | DEBUG    | The index gaugeF1I1 will be deleted.
2022-10-18 16:57:40,348 | autoeft.projection.prosmeftion.yProjection.indices | DEBUG    | The index gaugeF2I1 will be deleted.
2022-10-18 16:57:40,349 | autoeft.projection.prosmeftion.yProjection.indices | DEBUG    | The index gaugeF4I1 will be deleted.
2022-10-18 16:57:40,350 | autoeft.projection.prosmeftion.yProjection.indices | DEBUG    | The index gaugeF4I2 will be deleted.
2022-10-18 16:57:40,352 | autoeft.projection.prosmeftion.yProjection.indices | DEBUG    | The index Usl1 will be deleted.
2022-10-18 16:57:40,353 | autoeft.projection.prosmeftion.yProjection.indices | DEBUG    | The index Usl7 will be deleted.
2022-10-18 16:57:40,353 | autoeft.projection.prosmeftion.yProjection.indices | DEBUG    | The index Usl2 will be deleted.
2022-10-18 16:57:40,354 | autoeft.projection.prosmeftion.yProjection.indices | DEBUG    | The index Usl8 will be deleted.
2022-10-18 16:57:40,354 | autoeft.projection.prosmeftion.yProjection.indices | DEBUG    | The index sbasis0 will be deleted.
2022-10-18 16:57:40,355 | autoeft.projection.prosmeftion.yProjection.indices | DEBUG    | The index gaugeF2I1 will be deleted.
2022-10-18 16:57:40,355 | autoeft.projection.prosmeftion.yProjection.indices | DEBUG    | The index gaugeF2I2 will be deleted.
2022-10-18 16:57:40,356 | autoeft.projection.prosmeftion.yProjection.indices | DEBUG    | The index gaugeF3I1 will be deleted.
2022-10-18 16:57:40,356 | autoeft.projection.prosmeftion.yProjection.indices | DEBUG    | The index gaugeF4I1 will be deleted.
2022-10-18 16:57:40,358 | autoeft.projection        | INFO     | Terms after SUN projection: 2
2022-10-18 16:57:40,359 | autoeft.projection.prosmeftion.tex | INFO     | Create texed PDF BWHH+_yBasis.pdf of all terms.
2022-10-18 16:57:40,360 | autoeft.projection.prosmeftion.tex | DEBUG    | Create Tex file of all terms.
2022-10-18 16:57:40,423 | autoeft.projection.prosmeftion | DEBUG    | form -p /mnt/c/Users/jakob/OneDrive - Students RWTH Aachen University/Physik/9Physik/ws21/Masterthesis/autoeft/projection/form_files/general get_dimension.frm
2022-10-18 16:57:40,488 | autoeft.projection.prosmeftion | DEBUG    | form -p /mnt/c/Users/jakob/OneDrive - Students RWTH Aachen University/Physik/9Physik/ws21/Masterthesis/autoeft/projection/form_files/general get_dimension.frm
2022-10-18 16:57:40,544 | autoeft.projection.prosmeftion | DEBUG    | form -p /mnt/c/Users/jakob/OneDrive - Students RWTH Aachen University/Physik/9Physik/ws21/Masterthesis/autoeft/projection/form_files/general get_dimension.frm
2022-10-18 16:57:40,626 | autoeft.projection.prosmeftion | DEBUG    | form -p /mnt/c/Users/jakob/OneDrive - Students RWTH Aachen University/Physik/9Physik/ws21/Masterthesis/autoeft/projection/form_files/general get_dimension.frm
2022-10-18 16:57:40,686 | autoeft.projection.prosmeftion | DEBUG    | form -p /mnt/c/Users/jakob/OneDrive - Students RWTH Aachen University/Physik/9Physik/ws21/Masterthesis/autoeft/projection/form_files/general get_dimension.frm
2022-10-18 16:57:40,753 | autoeft.projection.prosmeftion | DEBUG    | form -p /mnt/c/Users/jakob/OneDrive - Students RWTH Aachen University/Physik/9Physik/ws21/Masterthesis/autoeft/projection/form_files/general get_dimension.frm
2022-10-18 16:57:40,812 | autoeft.projection.prosmeftion | DEBUG    | form -p /mnt/c/Users/jakob/OneDrive - Students RWTH Aachen University/Physik/9Physik/ws21/Masterthesis/autoeft/projection/form_files/general get_dimension.frm
2022-10-18 16:57:40,884 | autoeft.projection.prosmeftion | DEBUG    | form -p /mnt/c/Users/jakob/OneDrive - Students RWTH Aachen University/Physik/9Physik/ws21/Masterthesis/autoeft/projection/form_files/general get_dimension.frm
2022-10-18 16:57:40,943 | autoeft.projection.prosmeftion | DEBUG    | form -p /mnt/c/Users/jakob/OneDrive - Students RWTH Aachen University/Physik/9Physik/ws21/Masterthesis/autoeft/projection/form_files/general get_dimension.frm
2022-10-18 16:57:41,008 | autoeft.projection.prosmeftion | DEBUG    | form -p /mnt/c/Users/jakob/OneDrive - Students RWTH Aachen University/Physik/9Physik/ws21/Masterthesis/autoeft/projection/form_files/general get_dimension.frm
2022-10-18 16:57:41,075 | autoeft.projection.prosmeftion | DEBUG    | form -p /mnt/c/Users/jakob/OneDrive - Students RWTH Aachen University/Physik/9Physik/ws21/Masterthesis/autoeft/projection/form_files/general get_dimension.frm
2022-10-18 16:57:41,141 | autoeft.projection.prosmeftion | DEBUG    | form -p /mnt/c/Users/jakob/OneDrive - Students RWTH Aachen University/Physik/9Physik/ws21/Masterthesis/autoeft/projection/form_files/general get_dimension.frm
2022-10-18 16:57:41,198 | autoeft.projection.prosmeftion | DEBUG    | form -p /mnt/c/Users/jakob/OneDrive - Students RWTH Aachen University/Physik/9Physik/ws21/Masterthesis/autoeft/projection/form_files/general get_dimension.frm
2022-10-18 16:57:41,265 | autoeft.projection.prosmeftion | DEBUG    | form -p /mnt/c/Users/jakob/OneDrive - Students RWTH Aachen University/Physik/9Physik/ws21/Masterthesis/autoeft/projection/form_files/general get_dimension.frm
2022-10-18 16:57:41,331 | autoeft.projection.prosmeftion | DEBUG    | form -p /mnt/c/Users/jakob/OneDrive - Students RWTH Aachen University/Physik/9Physik/ws21/Masterthesis/autoeft/projection/form_files/general get_dimension.frm
2022-10-18 16:57:41,389 | autoeft.projection.prosmeftion | DEBUG    | form -p /mnt/c/Users/jakob/OneDrive - Students RWTH Aachen University/Physik/9Physik/ws21/Masterthesis/autoeft/projection/form_files/general get_dimension.frm
2022-10-18 16:57:41,449 | autoeft.projection.prosmeftion | DEBUG    | form -p /mnt/c/Users/jakob/OneDrive - Students RWTH Aachen University/Physik/9Physik/ws21/Masterthesis/autoeft/projection/form_files/general get_dimension.frm
2022-10-18 16:57:41,508 | autoeft.projection.prosmeftion | DEBUG    | form -p /mnt/c/Users/jakob/OneDrive - Students RWTH Aachen University/Physik/9Physik/ws21/Masterthesis/autoeft/projection/form_files/general get_dimension.frm
2022-10-18 16:57:41,584 | autoeft.projection.prosmeftion | DEBUG    | form -p /mnt/c/Users/jakob/OneDrive - Students RWTH Aachen University/Physik/9Physik/ws21/Masterthesis/autoeft/projection/form_files/general get_dimension.frm
2022-10-18 16:57:41,664 | autoeft.projection.prosmeftion | DEBUG    | form -p /mnt/c/Users/jakob/OneDrive - Students RWTH Aachen University/Physik/9Physik/ws21/Masterthesis/autoeft/projection/form_files/general tex_coefficient.frm
2022-10-18 16:57:41,720 | autoeft.projection.prosmeftion | DEBUG    | form -p /mnt/c/Users/jakob/OneDrive - Students RWTH Aachen University/Physik/9Physik/ws21/Masterthesis/autoeft/projection/form_files/general tex_coefficient.frm
2022-10-18 16:57:41,776 | autoeft.projection.prosmeftion | DEBUG    | form -p /mnt/c/Users/jakob/OneDrive - Students RWTH Aachen University/Physik/9Physik/ws21/Masterthesis/autoeft/projection/form_files/general tex_coefficient.frm
2022-10-18 16:57:41,831 | autoeft.projection.prosmeftion | DEBUG    | form -p /mnt/c/Users/jakob/OneDrive - Students RWTH Aachen University/Physik/9Physik/ws21/Masterthesis/autoeft/projection/form_files/general get_dimension.frm
2022-10-18 16:57:41,890 | autoeft.projection.prosmeftion | DEBUG    | form -p /mnt/c/Users/jakob/OneDrive - Students RWTH Aachen University/Physik/9Physik/ws21/Masterthesis/autoeft/projection/form_files/general tex_coefficient.frm
2022-10-18 16:57:41,954 | autoeft.projection.prosmeftion | DEBUG    | form -p /mnt/c/Users/jakob/OneDrive - Students RWTH Aachen University/Physik/9Physik/ws21/Masterthesis/autoeft/projection/form_files/general tex_coefficient.frm
2022-10-18 16:57:42,013 | autoeft.projection.prosmeftion | DEBUG    | form -p /mnt/c/Users/jakob/OneDrive - Students RWTH Aachen University/Physik/9Physik/ws21/Masterthesis/autoeft/projection/form_files/general tex_coefficient.frm
2022-10-18 16:57:42,025 | autoeft.projection.prosmeftion.tex | DEBUG    | Construct PDF.
2022-10-18 16:57:42,695 | autoeft.projection.prosmeftion.yProjection.indices | DEBUG    | The index Lsldot1 will be deleted.
2022-10-18 16:57:42,696 | autoeft.projection.prosmeftion.yProjection.indices | DEBUG    | The index Lsldot7 will be deleted.
2022-10-18 16:57:42,697 | autoeft.projection.prosmeftion.yProjection.indices | DEBUG    | The index Lsldot2 will be deleted.
2022-10-18 16:57:42,698 | autoeft.projection.prosmeftion.yProjection.indices | DEBUG    | The index Lsldot8 will be deleted.
2022-10-18 16:57:42,698 | autoeft.projection.prosmeftion.yProjection.indices | DEBUG    | The index sbasis0 will be deleted.
2022-10-18 16:57:42,699 | autoeft.projection.prosmeftion.yProjection.indices | DEBUG    | The index gaugeF1I1 will be deleted.
2022-10-18 16:57:42,699 | autoeft.projection.prosmeftion.yProjection.indices | DEBUG    | The index gaugeF2I1 will be deleted.
2022-10-18 16:57:42,700 | autoeft.projection.prosmeftion.yProjection.indices | DEBUG    | The index gaugeF4I1 will be deleted.
2022-10-18 16:57:42,700 | autoeft.projection.prosmeftion.yProjection.indices | DEBUG    | The index gaugeF4I2 will be deleted.
2022-10-18 16:57:42,701 | autoeft.projection.prosmeftion.yProjection.indices | DEBUG    | The index Usl1 will be deleted.
2022-10-18 16:57:42,701 | autoeft.projection.prosmeftion.yProjection.indices | DEBUG    | The index Usl7 will be deleted.
2022-10-18 16:57:42,702 | autoeft.projection.prosmeftion.yProjection.indices | DEBUG    | The index Usl2 will be deleted.
2022-10-18 16:57:42,702 | autoeft.projection.prosmeftion.yProjection.indices | DEBUG    | The index Usl8 will be deleted.
2022-10-18 16:57:42,703 | autoeft.projection.prosmeftion.yProjection.indices | DEBUG    | The index sbasis0 will be deleted.
2022-10-18 16:57:42,703 | autoeft.projection.prosmeftion.yProjection.indices | DEBUG    | The index gaugeF2I1 will be deleted.
2022-10-18 16:57:42,703 | autoeft.projection.prosmeftion.yProjection.indices | DEBUG    | The index gaugeF2I2 will be deleted.
2022-10-18 16:57:42,704 | autoeft.projection.prosmeftion.yProjection.indices | DEBUG    | The index gaugeF3I1 will be deleted.
2022-10-18 16:57:42,704 | autoeft.projection.prosmeftion.yProjection.indices | DEBUG    | The index gaugeF4I1 will be deleted.
2022-10-18 16:57:42,709 | autoeft.projection        | INFO     | Done in 23.67 sec.
